minutes,mp,nineties,gls,ast,ga,gls_p90_raw,ast_p90_raw,ga_p90_raw,player,team,pos,age,nation,league,season,sh,sot,int,tklw,crs,fls,fld,source,gls_p90,ast_p90,ga_p90,sh_p90,sot_p90,crs_p90,int_p90,tklw_p90,fls_p90,fld_p90,pos_main,budget_est,player_id
1400.0,23,15.6,0,1,1,0.0,0.06,0.06,Abner,Real Betis,DF,23,br BRA,La Liga,2324,4,0,16,18,26,17,2,fbref_cache,0.0,0.06410256410256411,0.06410256410256411,0.25641025641025644,0.0,1.6666666666666667,1.0256410256410258,1.153846153846154,1.0897435897435899,0.12820512820512822,DF,16.28,0
2312.0,27,25.7,0,0,0,0.0,0.0,0.0,Abdel Abqar,Alavés,DF,24,ma MAR,La Liga,2324,10,3,25,21,2,32,23,fbref_cache,0.0,0.0,0.0,0.38910505836575876,0.11673151750972763,0.07782101167315175,0.9727626459143969,0.8171206225680934,1.245136186770428,0.8949416342412452,DF,14.4,1
1292.0,21,14.4,1,2,3,0.07,0.14,0.21,Marcos Acuña,Sevilla,"DF,MF",31,ar ARG,La Liga,2324,9,4,3,20,84,18,17,fbref_cache,0.06944444444444445,0.1388888888888889,0.20833333333333331,0.625,0.2777777777777778,5.833333333333333,0.20833333333333331,1.3888888888888888,1.25,1.1805555555555556,DF,9.79,2
777.0,12,8.6,0,0,0,0.0,0.0,0.0,Lucien Agoume,Sevilla,MF,21,fr FRA,La Liga,2324,6,2,7,16,3,19,2,fbref_cache,0.0,0.0,0.0,0.6976744186046512,0.23255813953488372,0.3488372093023256,0.813953488372093,1.8604651162790697,2.2093023255813953,0.23255813953488372,MF,17.1,3
1511.0,31,16.8,2,2,4,0.12,0.12,0.24,Ilias Akhomach,Villarreal,MF,19,ma MAR,La Liga,2324,30,7,13,21,29,42,34,fbref_cache,0.11904761904761904,0.11904761904761904,0.23809523809523808,1.7857142857142856,0.41666666666666663,1.726190476190476,0.7738095238095237,1.25,2.5,2.0238095238095237,MF,23.4,4
1675.0,19,18.6,2,0,2,0.11,0.0,0.11,Sergio Akieme,Almería,"DF,MF",25,es ESP,La Liga,2324,9,5,10,15,56,18,17,fbref_cache,0.1075268817204301,0.0,0.1075268817204301,0.48387096774193544,0.26881720430107525,3.010752688172043,0.5376344086021505,0.8064516129032258,0.9677419354838709,0.9139784946236559,DF,14.95,5
1154.0,14,12.8,0,1,1,0.0,0.08,0.08,David Alaba,Real Madrid,DF,31,at AUT,La Liga,2324,14,4,15,9,17,4,0,fbref_cache,0.0,0.078125,0.078125,1.09375,0.3125,1.328125,1.171875,0.703125,0.3125,0.0,DF,8.73,6
2031.0,26,22.6,0,1,1,0.0,0.04,0.04,Raúl Albiol,Villarreal,DF,37,es ESP,La Liga,2324,6,1,17,15,0,21,8,fbref_cache,0.0,0.04424778761061947,0.04424778761061947,0.2654867256637168,0.04424778761061947,0.0,0.7522123893805309,0.663716814159292,0.9292035398230087,0.35398230088495575,DF,4.7,7
3134.0,36,34.8,3,1,4,0.09,0.03,0.11,Rubén Alcaraz,Cádiz,MF,32,es ESP,La Liga,2324,48,12,30,65,36,84,71,fbref_cache,0.08620689655172414,0.02873563218390805,0.1149425287356322,1.3793103448275863,0.3448275862068966,1.0344827586206897,0.8620689655172414,1.8678160919540232,2.4137931034482762,2.0402298850574714,MF,8.03,8
2195.0,31,24.4,0,1,1,0.0,0.04,0.04,Omar Alderete,Getafe,DF,26,py PAR,La Liga,2324,24,5,14,20,5,34,11,fbref_cache,0.0,0.04098360655737705,0.04098360655737705,0.9836065573770493,0.20491803278688525,0.20491803278688525,0.5737704918032788,0.819672131147541,1.3934426229508197,0.45081967213114754,DF,13.12,9
1692.0,30,18.8,0,2,2,0.0,0.11,0.11,Iván Alejo,Cádiz,MF,28,es ESP,La Liga,2324,11,2,6,23,151,49,49,fbref_cache,0.0,0.10638297872340426,0.10638297872340426,0.5851063829787234,0.10638297872340426,8.03191489361702,0.3191489361702127,1.2234042553191489,2.606382978723404,2.606382978723404,MF,11.95,10
1020.0,29,11.3,1,1,2,0.09,0.09,0.18,Carles Aleñá,Getafe,MF,25,es ESP,La Liga,2324,16,5,4,9,32,22,18,fbref_cache,0.08849557522123894,0.08849557522123894,0.17699115044247787,1.415929203539823,0.44247787610619466,2.831858407079646,0.35398230088495575,0.7964601769911503,1.9469026548672566,1.5929203539823007,MF,15.89,11
965.0,18,10.7,2,1,3,0.19,0.09,0.28,André Almeida,Valencia,"FW,MF",23,pt POR,La Liga,2324,10,4,3,14,16,12,20,fbref_cache,0.1869158878504673,0.09345794392523366,0.28037383177570097,0.9345794392523366,0.3738317757009346,1.4953271028037385,0.28037383177570097,1.3084112149532712,1.1214953271028039,1.869158878504673,FW,19.59,12
775.0,11,8.6,0,0,0,0.0,0.0,0.0,Adrià Altimira,Villarreal,"DF,MF",22,es ESP,La Liga,2324,1,0,5,7,5,12,4,fbref_cache,0.0,0.0,0.0,0.11627906976744186,0.0,0.5813953488372093,0.5813953488372093,0.813953488372093,1.3953488372093024,0.46511627906976744,DF,16.2,13
568.0,14,6.3,1,0,1,0.16,0.0,0.16,Sergi Altimira,Real Betis,MF,21,es ESP,La Liga,2324,7,2,8,8,1,8,8,fbref_cache,0.15873015873015872,0.0,0.15873015873015872,1.1111111111111112,0.31746031746031744,0.15873015873015872,1.2698412698412698,1.2698412698412698,1.2698412698412698,1.2698412698412698,MF,19.81,14
2537.0,34,28.2,2,0,2,0.07,0.0,0.07,Gastón Álvarez,Getafe,DF,23,uy URU,La Liga,2324,14,3,34,38,25,43,10,fbref_cache,0.07092198581560284,0.0,0.07092198581560284,0.49645390070921985,0.10638297872340426,0.8865248226950355,1.2056737588652482,1.3475177304964538,1.524822695035461,0.3546099290780142,DF,16.39,15
762.0,12,8.5,1,1,2,0.12,0.12,0.24,Hugo Álvarez,Celta Vigo,"MF,FW",20,es ESP,La Liga,2324,12,4,5,9,22,9,9,fbref_cache,0.11764705882352941,0.11764705882352941,0.23529411764705882,1.411764705882353,0.47058823529411764,2.588235294117647,0.5882352941176471,1.0588235294117647,1.0588235294117647,1.0588235294117647,MF,22.24,16
1152.0,19,12.8,0,0,0,0.0,0.0,0.0,Yeray Álvarez,Athletic Club,DF,28,es ESP,La Liga,2324,7,2,10,9,1,15,14,fbref_cache,0.0,0.0,0.0,0.546875,0.15625,0.078125,0.78125,0.703125,1.171875,1.09375,DF,10.8,17
604.0,20,6.7,0,1,1,0.0,0.15,0.15,Selim Amallah,Valencia,"MF,FW",26,ma MAR,La Liga,2324,11,5,10,12,3,21,24,fbref_cache,0.0,0.14925373134328357,0.14925373134328357,1.6417910447761193,0.7462686567164178,0.44776119402985076,1.4925373134328357,1.791044776119403,3.134328358208955,3.582089552238806,MF,14.48,18
1560.0,19,17.3,1,0,1,0.06,0.0,0.06,Miguel Ángel Rubio,Granada,DF,25,es ESP,La Liga,2324,9,2,27,14,1,20,11,fbref_cache,0.057803468208092484,0.0,0.057803468208092484,0.5202312138728323,0.11560693641618497,0.057803468208092484,1.560693641618497,0.8092485549132947,1.1560693641618496,0.6358381502890174,DF,14.28,19
543.0,11,6.0,0,0,0,0.0,0.0,0.0,Jon Aramburu,Real Sociedad,"DF,MF",21,ve VEN,La Liga,2324,4,0,7,15,7,11,5,fbref_cache,0.0,0.0,0.0,0.6666666666666666,0.0,1.1666666666666667,1.1666666666666667,2.5,1.8333333333333333,0.8333333333333334,DF,17.1,20
1462.0,25,16.2,1,0,1,0.06,0.0,0.06,Julian Araujo,Las Palmas,DF,21,mx MEX,La Liga,2324,7,2,10,21,22,13,9,fbref_cache,0.0617283950617284,0.0,0.0617283950617284,0.4320987654320988,0.1234567901234568,1.3580246913580247,0.617283950617284,1.2962962962962963,0.8024691358024691,0.5555555555555556,DF,18.16,21
1997.0,25,22.2,1,2,3,0.05,0.09,0.14,Ronald Araújo,Barcelona,DF,24,uy URU,La Liga,2324,23,9,10,22,7,25,9,fbref_cache,0.04504504504504505,0.0900900900900901,0.13513513513513514,1.0360360360360361,0.40540540540540543,0.3153153153153153,0.45045045045045046,0.990990990990991,1.1261261261261262,0.40540540540540543,DF,16.35,22
2660.0,37,29.6,1,6,7,0.03,0.2,0.24,Jesús Areso,Osasuna,"DF,MF",24,es ESP,La Liga,2324,9,2,20,26,113,30,20,fbref_cache,0.03378378378378378,0.2027027027027027,0.23648648648648649,0.30405405405405406,0.06756756756756756,3.8175675675675675,0.6756756756756757,0.8783783783783783,1.0135135135135134,0.6756756756756757,DF,17.81,23
929.0,26,10.3,2,1,3,0.19,0.1,0.29,José Arnaiz,Osasuna,"FW,MF",28,es ESP,La Liga,2324,29,9,3,8,45,8,19,fbref_cache,0.1941747572815534,0.0970873786407767,0.2912621359223301,2.815533980582524,0.8737864077669902,4.368932038834951,0.2912621359223301,0.7766990291262136,0.7766990291262136,1.8446601941747571,FW,13.95,24
2047.0,34,22.7,9,4,13,0.4,0.18,0.57,Sergio Arribas,Almería,"MF,FW",21,es ESP,La Liga,2324,60,22,14,17,59,14,42,fbref_cache,0.39647577092511016,0.1762114537444934,0.5726872246696035,2.643171806167401,0.9691629955947136,2.5991189427312777,0.6167400881057269,0.748898678414097,0.6167400881057269,1.8502202643171808,MF,26.89,25
1198.0,14,13.3,0,0,0,0.0,0.0,0.0,Kepa Arrizabalaga,Real Madrid,GK,28,es ESP,La Liga,2324,0,0,0,0,0,0,2,fbref_cache,0.0,0.0,0.0,0.0,0.0,0.0,0.0,0.0,0.0,0.15037593984962405,GK,10.8,26
2707.0,35,30.1,9,10,19,0.3,0.33,0.63,Iago Aspas,Celta Vigo,FW,35,es ESP,La Liga,2324,78,28,8,6,149,19,59,fbref_cache,0.2990033222591362,0.33222591362126247,0.6312292358803986,2.5913621262458473,0.9302325581395349,4.95016611295681,0.26578073089700993,0.19933554817275748,0.6312292358803986,1.9601328903654485,FW,7.34,27
864.0,17,9.6,1,3,4,0.1,0.31,0.42,Ezequiel Ávila,Osasuna,"FW,MF",29,ar ARG,La Liga,2324,27,6,4,2,80,8,20,fbref_cache,0.10416666666666667,0.3125,0.4166666666666667,2.8125,0.625,8.333333333333334,0.4166666666666667,0.20833333333333334,0.8333333333333334,2.0833333333333335,FW,14.02,28
1423.0,25,15.8,0,2,2,0.0,0.13,0.13,César Azpilicueta,Atlético Madrid,"DF,MF",33,es ESP,La Liga,2324,2,2,16,15,11,29,12,fbref_cache,0.0,0.12658227848101264,0.12658227848101264,0.12658227848101264,0.12658227848101264,0.6962025316455696,1.0126582278481011,0.9493670886075949,1.8354430379746836,0.7594936708860759,DF,7.1,29
1430.0,25,15.9,0,0,0,0.0,0.0,0.0,Iddrisu Baba,Almería,MF,27,gh GHA,La Liga,2324,8,2,11,24,4,29,34,fbref_cache,0.0,0.0,0.0,0.5031446540880503,0.12578616352201258,0.25157232704402516,0.6918238993710691,1.5094339622641508,1.8238993710691824,2.138364779874214,MF,11.7,30
2277.0,28,25.3,0,1,1,0.0,0.04,0.04,Loïc Bade,Sevilla,DF,23,fr FRA,La Liga,2324,14,3,38,42,2,24,10,fbref_cache,0.0,0.039525691699604744,0.039525691699604744,0.5533596837944664,0.11857707509881422,0.07905138339920949,1.5019762845849802,1.6600790513833992,0.9486166007905138,0.3952569169960474,DF,15.9,31
2579.0,34,28.7,2,14,16,0.07,0.49,0.56,Álex Baena,Villarreal,"MF,FW",22,es ESP,La Liga,2324,73,26,14,20,173,52,57,fbref_cache,0.06968641114982578,0.4878048780487805,0.5574912891986062,2.543554006968641,0.9059233449477352,6.02787456445993,0.4878048780487805,0.6968641114982579,1.8118466898954704,1.986062717770035,MF,25.23,32
839.0,10,9.3,0,0,0,0.0,0.0,0.0,Eric Bailly,Villarreal,DF,29,ci CIV,La Liga,2324,2,0,8,3,0,6,5,fbref_cache,0.0,0.0,0.0,0.2150537634408602,0.0,0.0,0.8602150537634408,0.3225806451612903,0.6451612903225806,0.5376344086021505,DF,9.9,33
1378.0,18,15.3,0,1,1,0.0,0.07,0.07,Alejandro Balde,Barcelona,"DF,MF",19,es ESP,La Liga,2324,5,1,5,9,37,8,18,fbref_cache,0.0,0.06535947712418301,0.06535947712418301,0.32679738562091504,0.06535947712418301,2.418300653594771,0.32679738562091504,0.5882352941176471,0.5228758169934641,1.1764705882352942,DF,20.14,34
2873.0,33,31.9,0,1,1,0.0,0.03,0.03,Iván Balliu,Rayo Vallecano,DF,31,al ALB,La Liga,2324,11,4,28,31,69,41,30,fbref_cache,0.0,0.031347962382445145,0.031347962382445145,0.3448275862068966,0.12539184952978058,2.1630094043887147,0.877742946708464,0.9717868338557994,1.2852664576802508,0.9404388714733543,DF,8.35,35
1981.0,27,22.0,3,2,5,0.14,0.09,0.23,Jonathan Bamba,Celta Vigo,"MF,FW",27,ci CIV,La Liga,2324,41,16,17,8,50,15,65,fbref_cache,0.13636363636363635,0.09090909090909091,0.22727272727272727,1.8636363636363635,0.7272727272727273,2.272727272727273,0.7727272727272727,0.36363636363636365,0.6818181818181818,2.9545454545454546,MF,14.36,36
1837.0,32,20.4,6,0,6,0.29,0.0,0.29,Léo Baptistão,Almería,"FW,MF",30,br BRA,La Liga,2324,48,18,12,16,26,21,29,fbref_cache,0.29411764705882354,0.0,0.29411764705882354,2.3529411764705883,0.8823529411764707,1.2745098039215688,0.5882352941176471,0.7843137254901962,1.0294117647058825,1.4215686274509804,FW,11.65,37
1427.0,29,15.9,4,1,5,0.25,0.06,0.32,Ander Barrenetxea,Real Sociedad,"MF,FW",21,es ESP,La Liga,2324,37,12,7,21,46,27,22,fbref_cache,0.25157232704402516,0.06289308176100629,0.31446540880503143,2.3270440251572326,0.7547169811320754,2.893081761006289,0.44025157232704404,1.320754716981132,1.6981132075471699,1.3836477987421383,MF,22.48,38
1555.0,24,17.3,0,1,1,0.0,0.06,0.06,Pablo Barrios,Atlético Madrid,MF,20,es ESP,La Liga,2324,17,7,27,25,16,23,24,fbref_cache,0.0,0.057803468208092484,0.057803468208092484,0.9826589595375722,0.40462427745664736,0.9248554913294798,1.560693641618497,1.445086705202312,1.329479768786127,1.3872832369942196,MF,19.04,39
1530.0,17,17.0,0,0,0,0.0,0.0,0.0,Augusto Batalla,Granada,GK,27,ar ARG,La Liga,2324,1,0,0,0,0,0,2,fbref_cache,0.0,0.0,0.0,0.058823529411764705,0.0,0.0,0.0,0.0,0.0,0.11764705882352941,GK,11.7,40
771.0,15,8.6,2,2,4,0.23,0.23,0.47,Sheraldo Becker,Real Sociedad,"FW,MF",28,sr SUR,La Liga,2324,21,10,1,3,45,11,5,fbref_cache,0.23255813953488372,0.23255813953488372,0.46511627906976744,2.441860465116279,1.1627906976744187,5.232558139534884,0.11627906976744186,0.3488372093023256,1.2790697674418605,0.5813953488372093,FW,15.82,41
1711.0,23,19.0,0,1,1,0.0,0.05,0.05,Héctor Bellerín,Real Betis,DF,28,es ESP,La Liga,2324,2,0,21,22,39,21,10,fbref_cache,0.0,0.05263157894736842,0.05263157894736842,0.10526315789473684,0.0,2.0526315789473686,1.105263157894737,1.1578947368421053,1.105263157894737,0.5263157894736842,DF,11.37,42
2315.0,28,25.7,19,6,25,0.74,0.23,0.97,Jude Bellingham,Real Madrid,"MF,FW",20,eng ENG,La Liga,2324,63,35,20,35,22,32,72,fbref_cache,0.7392996108949417,0.23346303501945526,0.9727626459143969,2.4513618677042803,1.3618677042801557,0.8560311284046693,0.7782101167315175,1.3618677042801557,1.245136186770428,2.8015564202334633,MF,35.51,43
2428.0,33,27.0,0,0,0,0.0,0.0,0.0,Fran Beltrán,Celta Vigo,MF,24,es ESP,La Liga,2324,21,3,19,34,19,28,16,fbref_cache,0.0,0.0,0.0,0.7777777777777778,0.1111111111111111,0.7037037037037037,0.7037037037037037,1.2592592592592593,1.037037037037037,0.5925925925925926,MF,14.4,44
1136.0,29,12.6,3,1,4,0.24,0.08,0.32,Carlos Benavídez,Alavés,MF,25,uy URU,La Liga,2324,14,7,18,35,6,37,9,fbref_cache,0.2380952380952381,0.07936507936507936,0.31746031746031744,1.1111111111111112,0.5555555555555556,0.4761904761904762,1.4285714285714286,2.7777777777777777,2.9365079365079367,0.7142857142857143,MF,17.79,45
1930.0,27,21.4,3,1,4,0.14,0.05,0.19,Yuri Berchiche,Athletic Club,DF,33,es ESP,La Liga,2324,18,6,19,26,43,29,33,fbref_cache,0.14018691588785048,0.04672897196261683,0.1869158878504673,0.8411214953271029,0.28037383177570097,2.0093457943925235,0.8878504672897197,1.2149532710280375,1.355140186915888,1.5420560747663552,DF,7.48,46
1592.0,35,17.7,7,3,10,0.4,0.17,0.57,Álex Berenguer,Athletic Club,MF,28,es ESP,La Liga,2324,32,12,5,15,139,30,22,fbref_cache,0.3954802259887006,0.16949152542372883,0.5649717514124294,1.807909604519774,0.6779661016949153,7.853107344632769,0.2824858757062147,0.8474576271186441,1.6949152542372883,1.2429378531073447,MF,16.9,47
2426.0,33,27.0,0,1,1,0.0,0.04,0.04,Antonio Blanco,Alavés,MF,23,es ESP,La Liga,2324,20,3,33,37,14,35,40,fbref_cache,0.0,0.037037037037037035,0.037037037037037035,0.7407407407407407,0.1111111111111111,0.5185185185185185,1.2222222222222223,1.3703703703703705,1.2962962962962963,1.4814814814814814,MF,15.87,48
2972.0,34,33.0,1,2,3,0.03,0.06,0.09,Daley Blind,Girona,DF,33,nl NED,La Liga,2324,17,6,19,21,16,19,12,fbref_cache,0.030303030303030304,0.06060606060606061,0.09090909090909091,0.5151515151515151,0.18181818181818182,0.48484848484848486,0.5757575757575758,0.6363636363636364,0.5757575757575758,0.36363636363636365,DF,6.87,49
2541.0,31,28.2,6,3,9,0.21,0.11,0.32,Lucas Boyé,Granada,FW,27,ar ARG,La Liga,2324,56,15,12,25,13,72,43,fbref_cache,0.2127659574468085,0.10638297872340426,0.3191489361702128,1.9858156028368794,0.5319148936170213,0.46099290780141844,0.425531914893617,0.8865248226950355,2.5531914893617023,1.524822695035461,FW,15.43,50
630.0,7,7.0,0,0,0,0.0,0.0,0.0,Claudio Bravo,Real Betis,GK,40,cl CHI,La Liga,2324,0,0,0,0,0,0,1,fbref_cache,0.0,0.0,0.0,0.0,0.0,0.0,0.0,0.0,0.0,0.14285714285714285,GK,4.5,51
2435.0,33,27.1,17,2,19,0.63,0.07,0.7,Ante Budimir,Osasuna,FW,32,hr CRO,La Liga,2324,76,35,5,13,9,40,26,fbref_cache,0.6273062730627306,0.07380073800738007,0.7011070110701106,2.8044280442804426,1.2915129151291511,0.33210332103321033,0.18450184501845018,0.4797047970479705,1.4760147601476015,0.959409594095941,FW,12.25,52
803.0,25,8.9,0,1,1,0.0,0.11,0.11,José Callejón,Granada,"MF,FW",36,es ESP,La Liga,2324,11,3,5,5,35,12,21,fbref_cache,0.0,0.11235955056179775,0.11235955056179775,1.2359550561797752,0.33707865168539325,3.932584269662921,0.5617977528089887,0.5617977528089887,1.348314606741573,2.359550561797753,MF,5.01,53
1817.0,31,20.2,0,2,2,0.0,0.1,0.1,Eduardo Camavinga,Real Madrid,MF,20,fr FRA,La Liga,2324,17,7,26,48,4,49,68,fbref_cache,0.0,0.09900990099009901,0.09900990099009901,0.8415841584158417,0.34653465346534656,0.19801980198019803,1.2871287128712872,2.376237623762376,2.4257425742574257,3.3663366336633667,MF,19.78,54
1661.0,31,18.5,3,1,4,0.16,0.05,0.22,Sergio Camello,Rayo Vallecano,FW,22,es ESP,La Liga,2324,34,13,3,6,2,18,11,fbref_cache,0.16216216216216217,0.05405405405405406,0.21621621621621623,1.837837837837838,0.7027027027027027,0.10810810810810811,0.16216216216216217,0.32432432432432434,0.972972972972973,0.5945945945945946,FW,19.7,55
2503.0,32,27.8,2,4,6,0.07,0.14,0.22,João Cancelo,Barcelona,DF,29,pt POR,La Liga,2324,31,10,33,47,82,39,26,fbref_cache,0.07194244604316546,0.14388489208633093,0.2158273381294964,1.1151079136690647,0.3597122302158273,2.949640287769784,1.1870503597122302,1.6906474820143884,1.4028776978417266,0.935251798561151,DF,12.04,56
1229.0,27,13.7,1,2,3,0.07,0.15,0.22,Sergi Canós,Valencia,MF,26,es ESP,La Liga,2324,43,17,11,13,36,17,16,fbref_cache,0.07299270072992702,0.14598540145985403,0.21897810218978103,3.1386861313868613,1.2408759124087592,2.6277372262773726,0.8029197080291971,0.9489051094890512,1.2408759124087592,1.1678832116788322,MF,15.36,57
1455.0,32,16.2,1,1,2,0.06,0.06,0.12,Étienne Capoue,Villarreal,MF,35,fr FRA,La Liga,2324,14,5,23,21,7,25,41,fbref_cache,0.0617283950617284,0.0617283950617284,0.1234567901234568,0.8641975308641976,0.308641975308642,0.4320987654320988,1.4197530864197532,1.2962962962962963,1.5432098765432098,2.5308641975308643,MF,5.06,58
2611.0,35,29.0,0,0,0,0.0,0.0,0.0,Isaac Carcelen,Cádiz,DF,30,es ESP,La Liga,2324,10,3,23,32,67,16,44,fbref_cache,0.0,0.0,0.0,0.3448275862068966,0.10344827586206896,2.310344827586207,0.7931034482758621,1.103448275862069,0.5517241379310345,1.5172413793103448,DF,9.0,59
737.0,26,8.2,4,1,5,0.49,0.12,0.61,Marc Cardona,Las Palmas,FW,28,es ESP,La Liga,2324,22,11,2,8,5,12,19,fbref_cache,0.48780487804878053,0.12195121951219513,0.6097560975609757,2.682926829268293,1.3414634146341464,0.6097560975609757,0.24390243902439027,0.9756097560975611,1.4634146341463417,2.3170731707317076,FW,17.39,60
2814.0,35,31.3,1,2,3,0.03,0.06,0.1,Sergi Cardona,Las Palmas,DF,24,es ESP,La Liga,2324,26,5,45,58,89,52,59,fbref_cache,0.03194888178913738,0.06389776357827476,0.09584664536741214,0.8306709265175719,0.1597444089456869,2.8434504792332267,1.4376996805111821,1.853035143769968,1.6613418530351438,1.8849840255591055,DF,15.78,61
1328.0,17,14.8,1,2,3,0.07,0.14,0.2,Johnny Cardoso,Real Betis,MF,21,us USA,La Liga,2324,12,3,31,30,3,21,19,fbref_cache,0.06756756756756756,0.13513513513513511,0.2027027027027027,0.8108108108108107,0.2027027027027027,0.2027027027027027,2.0945945945945943,2.0270270270270268,1.4189189189189189,1.2837837837837838,MF,20.57,62
1313.0,30,14.6,1,1,2,0.07,0.07,0.14,Carmona,Getafe,"MF,DF",21,es ESP,La Liga,2324,12,3,22,21,29,33,23,fbref_cache,0.0684931506849315,0.0684931506849315,0.136986301369863,0.8219178082191781,0.20547945205479454,1.9863013698630136,1.5068493150684932,1.4383561643835616,2.26027397260274,1.5753424657534247,MF,19.44,63
475.0,13,5.3,0,0,0,0.0,0.0,0.0,Álvaro Carreras,Granada,"MF,FW",20,es ESP,La Liga,2324,7,1,8,7,15,6,11,fbref_cache,0.0,0.0,0.0,1.3207547169811322,0.18867924528301888,2.8301886792452833,1.509433962264151,1.3207547169811322,1.1320754716981132,2.0754716981132075,MF,18.0,64
2171.0,28,24.1,4,3,7,0.17,0.12,0.29,Dani Carvajal,Real Madrid,DF,31,es ESP,La Liga,2324,18,10,20,38,50,23,19,fbref_cache,0.16597510373443983,0.12448132780082986,0.2904564315352697,0.7468879668049793,0.41493775933609955,2.0746887966804977,0.8298755186721991,1.5767634854771784,0.954356846473029,0.7883817427385892,DF,10.45,65
680.0,22,7.6,1,3,4,0.13,0.4,0.53,William Carvalho,Real Betis,MF,31,pt POR,La Liga,2324,8,3,8,12,4,13,5,fbref_cache,0.13157894736842105,0.39473684210526316,0.5263157894736842,1.0526315789473684,0.39473684210526316,0.5263157894736842,1.0526315789473684,1.5789473684210527,1.7105263157894737,0.6578947368421053,MF,12.36,66
2534.0,30,28.2,1,3,4,0.04,0.11,0.14,Catena,Osasuna,DF,28,es ESP,La Liga,2324,18,5,16,20,0,47,14,fbref_cache,0.03546099290780142,0.10638297872340426,0.14184397163120568,0.6382978723404256,0.1773049645390071,0.0,0.5673758865248227,0.7092198581560284,1.6666666666666667,0.49645390070921985,DF,12.33,67
598.0,20,6.6,0,2,2,0.0,0.3,0.3,Dani Ceballos,Real Madrid,MF,26,es ESP,La Liga,2324,7,1,0,5,8,5,19,fbref_cache,0.0,0.30303030303030304,0.30303030303030304,1.0606060606060606,0.15151515151515152,1.2121212121212122,0.0,0.7575757575757576,0.7575757575757576,2.878787878787879,MF,16.42,68
980.0,14,10.9,0,1,1,0.0,0.09,0.09,Álex Centelles,Almería,DF,25,es ESP,La Liga,2324,2,1,16,7,43,10,13,fbref_cache,0.0,0.09174311926605504,0.09174311926605504,0.18348623853211007,0.09174311926605504,3.944954128440367,1.4678899082568806,0.6422018348623852,0.9174311926605504,1.1926605504587156,DF,14.74,69
546.0,17,6.1,0,1,1,0.0,0.16,0.16,Franco Cervi,Celta Vigo,"MF,DF",29,ar ARG,La Liga,2324,9,1,9,19,18,6,19,fbref_cache,0.0,0.1639344262295082,0.1639344262295082,1.4754098360655739,0.1639344262295082,2.9508196721311477,1.4754098360655739,3.114754098360656,0.9836065573770493,3.114754098360656,MF,11.52,70
1167.0,22,13.0,1,1,2,0.08,0.08,0.15,Pep Chavarría,Rayo Vallecano,"DF,MF",25,es ESP,La Liga,2324,11,2,8,16,71,8,22,fbref_cache,0.07692307692307693,0.07692307692307693,0.15384615384615385,0.8461538461538461,0.15384615384615385,5.461538461538462,0.6153846153846154,1.2307692307692308,0.6153846153846154,1.6923076923076923,DF,15.58,71
1979.0,30,22.0,2,2,4,0.09,0.09,0.18,Andreas Christensen,Barcelona,"DF,MF",27,dk DEN,La Liga,2324,12,4,20,15,0,26,10,fbref_cache,0.09090909090909091,0.09090909090909091,0.18181818181818182,0.5454545454545454,0.18181818181818182,0.0,0.9090909090909091,0.6818181818181818,1.1818181818181819,0.45454545454545453,DF,13.83,72
2434.0,31,27.0,0,1,1,0.0,0.04,0.04,Chumi,Almería,DF,24,es ESP,La Liga,2324,5,1,15,23,2,23,8,fbref_cache,0.0,0.037037037037037035,0.037037037037037035,0.18518518518518517,0.037037037037037035,0.07407407407407407,0.5555555555555556,0.8518518518518519,0.8518518518518519,0.2962962962962963,DF,14.93,73
1864.0,22,20.7,0,1,1,0.0,0.05,0.05,Víctor Chust,Cádiz,DF,23,es ESP,La Liga,2324,4,0,12,17,2,15,4,fbref_cache,0.0,0.04830917874396135,0.04830917874396135,0.1932367149758454,0.0,0.0966183574879227,0.5797101449275363,0.821256038647343,0.7246376811594203,0.1932367149758454,DF,16.04,74
1664.0,31,18.5,1,0,1,0.05,0.0,0.05,Pathé Ciss,Rayo Vallecano,MF,29,sn SEN,La Liga,2324,22,8,28,24,3,27,29,fbref_cache,0.05405405405405406,0.0,0.05405405405405406,1.1891891891891893,0.43243243243243246,0.16216216216216217,1.5135135135135136,1.2972972972972974,1.4594594594594594,1.5675675675675675,MF,10.44,75
2295.0,30,25.5,1,0,1,0.04,0.0,0.04,Saúl Coco,Las Palmas,DF,24,gq EQG,La Liga,2324,20,4,19,20,1,19,24,fbref_cache,0.0392156862745098,0.0,0.0392156862745098,0.7843137254901961,0.1568627450980392,0.0392156862745098,0.7450980392156863,0.7843137254901961,0.7450980392156863,0.9411764705882353,DF,14.96,76
1653.0,27,18.4,2,0,2,0.11,0.0,0.11,Santi Comesaña,Villarreal,MF,26,es ESP,La Liga,2324,17,7,22,23,5,33,22,fbref_cache,0.10869565217391305,0.0,0.10869565217391305,0.923913043478261,0.3804347826086957,0.27173913043478265,1.1956521739130437,1.25,1.7934782608695654,1.1956521739130437,MF,13.97,77
1333.0,19,14.8,1,1,2,0.07,0.07,0.14,Copete,Mallorca,DF,23,es ESP,La Liga,2324,7,1,33,26,9,36,13,fbref_cache,0.06756756756756756,0.06756756756756756,0.13513513513513511,0.47297297297297297,0.06756756756756756,0.6081081081081081,2.22972972972973,1.7567567567567566,2.4324324324324325,0.8783783783783783,DF,17.37,78
910.0,17,10.1,0,0,0,0.0,0.0,0.0,Francis Coquelin,Villarreal,MF,32,fr FRA,La Liga,2324,3,0,15,12,3,18,8,fbref_cache,0.0,0.0,0.0,0.297029702970297,0.0,0.297029702970297,1.4851485148514851,1.188118811881188,1.7821782178217822,0.7920792079207921,MF,7.2,79
1528.0,32,17.0,9,2,11,0.53,0.12,0.65,Ángel Correa,Atlético Madrid,"FW,MF",28,ar ARG,La Liga,2324,43,20,2,14,41,24,32,fbref_cache,0.5294117647058824,0.11764705882352941,0.6470588235294118,2.5294117647058822,1.1764705882352942,2.411764705882353,0.11764705882352941,0.8235294117647058,1.411764705882353,1.8823529411764706,FW,17.79,80
2154.0,31,23.9,0,2,2,0.0,0.08,0.08,Thierry Correia,Valencia,DF,24,pt POR,La Liga,2324,5,2,31,36,47,41,41,fbref_cache,0.0,0.08368200836820085,0.08368200836820085,0.2092050209205021,0.08368200836820085,1.9665271966527198,1.2970711297071131,1.5062761506276152,1.7154811715481173,1.7154811715481173,DF,15.61,81
1682.0,30,18.7,0,1,1,0.0,0.05,0.05,Jaume Costa,Mallorca,"DF,MF",35,es ESP,La Liga,2324,6,2,16,21,63,25,22,fbref_cache,0.0,0.053475935828877004,0.053475935828877004,0.32085561497326204,0.10695187165775401,3.3689839572192515,0.8556149732620321,1.1229946524064172,1.3368983957219251,1.1764705882352942,DF,4.74,82
2303.0,34,25.6,1,1,2,0.04,0.04,0.08,Samu Costa,Mallorca,MF,22,pt POR,La Liga,2324,22,3,37,56,24,62,49,fbref_cache,0.0390625,0.0390625,0.078125,0.859375,0.1171875,0.9375,1.4453125,2.1875,2.421875,1.9140625,MF,17.47,83
2245.0,34,24.9,1,8,9,0.04,0.32,0.36,Yan Couto,Girona,"MF,DF",21,br BRA,La Liga,2324,29,11,10,33,111,34,42,fbref_cache,0.040160642570281124,0.321285140562249,0.3614457831325301,1.1646586345381527,0.44176706827309237,4.457831325301205,0.40160642570281124,1.3253012048192772,1.3654618473895583,1.6867469879518073,MF,23.28,84
527.0,15,5.9,0,0,0,0.0,0.0,0.0,Crespo,Rayo Vallecano,MF,26,pt POR,La Liga,2324,3,0,11,7,3,19,22,fbref_cache,0.0,0.0,0.0,0.5084745762711864,0.0,0.5084745762711864,1.8644067796610169,1.1864406779661016,3.2203389830508473,3.7288135593220337,MF,12.6,85
1667.0,26,18.5,0,1,1,0.0,0.05,0.05,Juan Cruz Armada,Osasuna,DF,31,es ESP,La Liga,2324,3,0,12,15,21,20,4,fbref_cache,0.0,0.05405405405405406,0.05405405405405406,0.16216216216216217,0.0,1.135135135135135,0.6486486486486487,0.8108108108108109,1.0810810810810811,0.21621621621621623,DF,8.54,86
1558.0,19,17.3,0,0,0,0.0,0.0,0.0,Pau Cubarsí,Barcelona,DF,16,es ESP,La Liga,2324,3,0,11,13,1,15,2,fbref_cache,0.0,0.0,0.0,0.17341040462427745,0.0,0.057803468208092484,0.6358381502890174,0.7514450867052023,0.8670520231213873,0.11560693641618497,DF,21.6,87
1963.0,29,21.8,3,1,4,0.14,0.05,0.18,Jorge Cuenca,Villarreal,DF,23,es ESP,La Liga,2324,20,7,20,27,13,25,12,fbref_cache,0.13761467889908258,0.04587155963302752,0.18348623853211007,0.9174311926605504,0.3211009174311926,0.5963302752293578,0.9174311926605504,1.238532110091743,1.146788990825688,0.5504587155963303,DF,18.11,88
2157.0,36,24.0,2,5,7,0.08,0.21,0.29,Sergi Darder,Mallorca,MF,29,es ESP,La Liga,2324,32,12,16,25,147,19,35,fbref_cache,0.08333333333333333,0.20833333333333334,0.2916666666666667,1.3333333333333333,0.5,6.125,0.6666666666666666,1.0416666666666667,0.7916666666666666,1.4583333333333333,MF,12.79,89
2075.0,34,23.1,3,5,8,0.13,0.22,0.35,Rodrigo De Paul,Atlético Madrid,MF,29,ar ARG,La Liga,2324,30,12,11,21,45,26,59,fbref_cache,0.12987012987012986,0.21645021645021645,0.3463203463203463,1.2987012987012987,0.5194805194805194,1.948051948051948,0.47619047619047616,0.9090909090909091,1.1255411255411254,2.554112554112554,MF,13.33,90
1073.0,14,11.9,1,0,1,0.08,0.0,0.08,Mouctar Diakhaby,Valencia,"DF,MF",26,gn GUI,La Liga,2324,7,3,11,13,0,9,2,fbref_cache,0.08403361344537814,0.0,0.08403361344537814,0.5882352941176471,0.25210084033613445,0.0,0.9243697478991596,1.0924369747899159,0.7563025210084033,0.1680672268907563,DF,13.66,91
1048.0,18,11.6,2,0,2,0.17,0.0,0.17,Assane Diao,Real Betis,MF,17,sn SEN,La Liga,2324,21,3,7,12,9,12,22,fbref_cache,0.1724137931034483,0.0,0.1724137931034483,1.8103448275862069,0.25862068965517243,0.7758620689655172,0.603448275862069,1.0344827586206897,1.0344827586206897,1.896551724137931,MF,24.27,92
1545.0,31,17.2,8,6,14,0.47,0.35,0.82,Brahim Díaz,Real Madrid,"MF,FW",23,ma MAR,La Liga,2324,38,17,5,18,32,22,42,fbref_cache,0.46511627906976744,0.3488372093023256,0.813953488372093,2.2093023255813953,0.9883720930232559,1.8604651162790697,0.29069767441860467,1.0465116279069768,1.2790697674418605,2.441860465116279,MF,27.75,93
3330.0,37,37.0,0,0,0,0.0,0.0,0.0,Stole Dimitrievski,Rayo Vallecano,GK,29,mk MKD,La Liga,2324,0,0,0,1,0,0,3,fbref_cache,0.0,0.0,0.0,0.0,0.0,0.0,0.0,0.02702702702702703,0.0,0.08108108108108109,GK,9.9,94
2484.0,33,27.6,0,0,0,0.0,0.0,0.0,Djené,Getafe,"DF,MF",31,tg TOG,La Liga,2324,6,1,23,20,32,51,37,fbref_cache,0.0,0.0,0.0,0.21739130434782608,0.036231884057971016,1.1594202898550725,0.8333333333333333,0.7246376811594203,1.8478260869565217,1.3405797101449275,DF,8.1,95
1170.0,13,13.0,0,0,0,0.0,0.0,0.0,Marko Dmitrović,Sevilla,GK,31,rs SRB,La Liga,2324,0,0,1,1,0,0,1,fbref_cache,0.0,0.0,0.0,0.0,0.0,0.0,0.07692307692307693,0.07692307692307693,0.0,0.07692307692307693,GK,8.1,96
1584.0,22,17.6,0,0,0,0.0,0.0,0.0,Carlos Dominguez,Celta Vigo,DF,22,es ESP,La Liga,2324,5,0,22,21,3,15,8,fbref_cache,0.0,0.0,0.0,0.28409090909090906,0.0,0.17045454545454544,1.25,1.1931818181818181,0.8522727272727272,0.45454545454545453,DF,16.2,97
708.0,17,7.9,0,0,0,0.0,0.0,0.0,Carlos Dotor,Celta Vigo,MF,22,es ESP,La Liga,2324,4,0,4,7,8,13,10,fbref_cache,0.0,0.0,0.0,0.5063291139240506,0.0,1.0126582278481011,0.5063291139240506,0.8860759493670886,1.6455696202531644,1.2658227848101264,MF,16.2,98
905.0,32,10.1,7,1,8,0.7,0.1,0.8,Anastasios Douvikas,Celta Vigo,FW,23,gr GRE,La Liga,2324,26,15,0,7,3,17,30,fbref_cache,0.6930693069306931,0.09900990099009901,0.7920792079207921,2.5742574257425743,1.4851485148514851,0.297029702970297,0.0,0.6930693069306931,1.6831683168316833,2.9702970297029703,FW,27.42,99
2587.0,36,28.7,24,8,32,0.83,0.28,1.11,Artem Dovbyk,Girona,FW,26,ua UKR,La Liga,2324,85,46,0,3,1,27,13,fbref_cache,0.8362369337979094,0.2787456445993031,1.1149825783972125,2.961672473867596,1.602787456445993,0.03484320557491289,0.0,0.10452961672473868,0.9407665505226481,0.4529616724738676,FW,26.65,100
907.0,15,10.1,0,0,0,0.0,0.0,0.0,Domingos Duarte,Getafe,DF,28,pt POR,La Liga,2324,1,0,9,4,2,8,8,fbref_cache,0.0,0.0,0.0,0.09900990099009901,0.0,0.19801980198019803,0.8910891089108911,0.39603960396039606,0.7920792079207921,0.7920792079207921,DF,10.8,101
1878.0,28,20.9,2,1,3,0.1,0.05,0.14,Rubén Duarte,Alavés,DF,27,es ESP,La Liga,2324,15,5,20,17,71,31,31,fbref_cache,0.09569377990430622,0.04784688995215311,0.14354066985645933,0.7177033492822967,0.23923444976076558,3.397129186602871,0.9569377990430623,0.8133971291866029,1.4832535885167466,1.4832535885167466,DF,13.38,102
2976.0,37,33.1,13,2,15,0.39,0.06,0.45,Hugo Duro,Valencia,FW,23,es ESP,La Liga,2324,66,29,6,8,7,41,95,fbref_cache,0.39274924471299094,0.060422960725075525,0.45317220543806647,1.9939577039274923,0.8761329305135951,0.21148036253776434,0.18126888217522658,0.2416918429003021,1.2386706948640482,2.8700906344410875,FW,22.23,103
812.0,15,9.0,0,1,1,0.0,0.11,0.11,Aritz Elustondo,Real Sociedad,DF,29,es ESP,La Liga,2324,6,2,5,7,1,9,10,fbref_cache,0.0,0.1111111111111111,0.1111111111111111,0.6666666666666666,0.2222222222222222,0.1111111111111111,0.5555555555555556,0.7777777777777778,1.0,1.1111111111111112,DF,11.0,104
2476.0,36,27.5,3,2,5,0.11,0.07,0.18,Adri Embarba,Almería,"MF,FW",31,es ESP,La Liga,2324,64,25,15,38,172,37,41,fbref_cache,0.10909090909090909,0.07272727272727272,0.18181818181818182,2.327272727272727,0.9090909090909091,6.254545454545455,0.5454545454545454,1.3818181818181818,1.3454545454545455,1.490909090909091,MF,9.57,105
2570.0,33,28.6,16,2,18,0.56,0.07,0.63,Youssef En-Nesyri,Sevilla,FW,26,ma MAR,La Liga,2324,73,30,8,7,5,21,21,fbref_cache,0.5594405594405594,0.06993006993006992,0.6293706293706294,2.5524475524475525,1.048951048951049,0.17482517482517482,0.2797202797202797,0.24475524475524474,0.7342657342657343,0.7342657342657343,FW,20.53,106
1697.0,25,18.9,1,2,3,0.05,0.11,0.16,Gonzalo Escalante,Cádiz,MF,30,ar ARG,La Liga,2324,14,3,27,23,6,31,14,fbref_cache,0.052910052910052914,0.10582010582010583,0.15873015873015875,0.7407407407407408,0.15873015873015875,0.3174603174603175,1.4285714285714286,1.216931216931217,1.6402116402116402,0.7407407407407408,MF,10.43,107
2507.0,31,27.9,0,1,1,0.0,0.04,0.04,Alfonso Espino,Rayo Vallecano,DF,31,uy URU,La Liga,2324,18,5,40,45,49,45,41,fbref_cache,0.0,0.03584229390681004,0.03584229390681004,0.6451612903225806,0.17921146953405018,1.756272401433692,1.4336917562724014,1.6129032258064517,1.6129032258064517,1.4695340501792116,DF,8.39,108
865.0,26,9.6,1,0,1,0.1,0.0,0.1,Abde Ezzalzouli,Real Betis,MF,21,ma MAR,La Liga,2324,34,9,5,14,33,9,16,fbref_cache,0.10416666666666667,0.0,0.10416666666666667,3.541666666666667,0.9375,3.4375,0.5208333333333334,1.4583333333333335,0.9375,1.6666666666666667,MF,18.88,109
2547.0,30,28.3,0,0,0,0.0,0.0,0.0,Fali,Cádiz,DF,29,es ESP,La Liga,2324,11,3,27,25,8,23,19,fbref_cache,0.0,0.0,0.0,0.38869257950530034,0.10600706713780919,0.2826855123674912,0.9540636042402827,0.8833922261484098,0.8127208480565371,0.6713780918727915,DF,9.9,110
1049.0,19,11.7,1,2,3,0.09,0.17,0.26,Nabil Fekir,Real Betis,"MF,FW",30,fr FRA,La Liga,2324,27,9,6,9,55,22,35,fbref_cache,0.08547008547008547,0.17094017094017094,0.25641025641025644,2.307692307692308,0.7692307692307693,4.700854700854701,0.5128205128205129,0.7692307692307693,1.8803418803418805,2.9914529914529915,MF,11.31,111
1540.0,30,17.1,7,3,10,0.41,0.18,0.58,João Félix,Barcelona,FW,23,pt POR,La Liga,2324,61,25,11,16,18,21,54,fbref_cache,0.4093567251461988,0.17543859649122806,0.5847953216374269,3.567251461988304,1.461988304093567,1.0526315789473684,0.6432748538011696,0.935672514619883,1.2280701754385963,3.157894736842105,FW,24.25,112
1583.0,23,17.6,0,0,0,0.0,0.0,0.0,Kiko Femenía,Villarreal,DF,32,es ESP,La Liga,2324,1,0,31,26,28,24,3,fbref_cache,0.0,0.0,0.0,0.056818181818181816,0.0,1.5909090909090908,1.7613636363636362,1.477272727272727,1.3636363636363635,0.17045454545454544,DF,7.2,113
551.0,7,6.1,0,0,0,0.0,0.0,0.0,Aitor Fernández,Osasuna,GK,32,es ESP,La Liga,2324,0,0,0,0,0,0,0,fbref_cache,0.0,0.0,0.0,0.0,0.0,0.0,0.0,0.0,0.0,0.0,GK,7.2,114
1285.0,26,14.3,0,1,1,0.0,0.07,0.07,Álex Fernández,Cádiz,MF,30,es ESP,La Liga,2324,7,1,15,9,35,5,16,fbref_cache,0.0,0.06993006993006992,0.06993006993006992,0.4895104895104895,0.06993006993006992,2.4475524475524475,1.048951048951049,0.6293706293706294,0.34965034965034963,1.1188811188811187,MF,9.63,115
506.0,27,5.6,2,0,2,0.36,0.0,0.36,Valery Fernández,Girona,MF,23,es ESP,La Liga,2324,5,2,1,9,13,7,13,fbref_cache,0.35714285714285715,0.0,0.35714285714285715,0.8928571428571429,0.35714285714285715,2.3214285714285716,0.17857142857142858,1.6071428571428572,1.25,2.3214285714285716,MF,20.76,116
459.0,8,5.1,0,0,0,0.0,0.0,0.0,Fernando,Sevilla,MF,36,br BRA,La Liga,2324,1,0,8,8,4,6,3,fbref_cache,0.0,0.0,0.0,0.19607843137254904,0.0,0.7843137254901962,1.5686274509803924,1.5686274509803924,1.1764705882352942,0.5882352941176471,MF,4.5,117
1340.0,15,14.9,0,0,0,0.0,0.0,0.0,André Ferreira,Granada,GK,27,pt POR,La Liga,2324,0,0,0,0,0,2,2,fbref_cache,0.0,0.0,0.0,0.0,0.0,0.0,0.0,0.0,0.1342281879194631,0.1342281879194631,GK,11.7,118
1148.0,15,12.8,3,2,5,0.24,0.16,0.39,Pablo Fornals,Real Betis,MF,27,es ESP,La Liga,2324,17,6,21,17,51,13,14,fbref_cache,0.234375,0.15625,0.390625,1.328125,0.46875,3.984375,1.640625,1.328125,1.015625,1.09375,MF,16.27,119
1842.0,33,20.5,0,0,0,0.0,0.0,0.0,Dimitri Foulquier,Valencia,"DF,MF",30,fr FRA,La Liga,2324,7,1,14,21,43,24,28,fbref_cache,0.0,0.0,0.0,0.34146341463414637,0.04878048780487805,2.097560975609756,0.6829268292682927,1.024390243902439,1.170731707317073,1.3658536585365855,DF,9.0,120
1062.0,12,11.8,1,1,2,0.08,0.08,0.17,Juan Foyth,Villarreal,DF,25,ar ARG,La Liga,2324,6,2,12,16,18,18,7,fbref_cache,0.0847457627118644,0.0847457627118644,0.1694915254237288,0.5084745762711864,0.1694915254237288,1.5254237288135593,1.0169491525423728,1.3559322033898304,1.5254237288135593,0.5932203389830508,DF,15.79,121
1549.0,36,17.2,2,0,2,0.12,0.0,0.12,Jorge de Frutos,Rayo Vallecano,MF,26,es ESP,La Liga,2324,29,11,7,8,54,15,25,fbref_cache,0.11627906976744186,0.0,0.11627906976744186,1.686046511627907,0.6395348837209303,3.1395348837209305,0.4069767441860465,0.46511627906976744,0.872093023255814,1.4534883720930234,MF,14.07,122
477.0,7,5.3,0,0,0,0.0,0.0,0.0,Matteo Gabbia,Villarreal,DF,23,it ITA,La Liga,2324,0,0,7,6,0,9,3,fbref_cache,0.0,0.0,0.0,0.0,0.0,0.0,1.3207547169811322,1.1320754716981132,1.6981132075471699,0.5660377358490566,DF,15.3,123
1075.0,14,11.9,0,1,1,0.0,0.08,0.08,Javi Galán,Real Sociedad,DF,28,es ESP,La Liga,2324,3,1,12,21,46,22,19,fbref_cache,0.0,0.08403361344537814,0.08403361344537814,0.25210084033613445,0.08403361344537814,3.865546218487395,1.0084033613445378,1.7647058823529411,1.8487394957983192,1.5966386554621848,DF,11.71,124
2091.0,29,23.2,1,1,2,0.04,0.04,0.09,Iñigo Ruiz de Galarreta,Athletic Club,MF,29,es ESP,La Liga,2324,11,2,12,32,58,54,41,fbref_cache,0.04310344827586207,0.04310344827586207,0.08620689655172414,0.47413793103448276,0.08620689655172414,2.5,0.5172413793103449,1.3793103448275863,2.3275862068965516,1.767241379310345,MF,10.75,125
3199.0,37,35.5,3,6,9,0.08,0.17,0.25,Aleix García,Girona,MF,26,es ESP,La Liga,2324,39,12,36,30,188,29,36,fbref_cache,0.08450704225352113,0.16901408450704225,0.2535211267605634,1.0985915492957747,0.3380281690140845,5.295774647887324,1.0140845070422535,0.8450704225352113,0.8169014084507042,1.0140845070422535,MF,15.79,126
2475.0,32,27.5,6,1,7,0.22,0.04,0.25,Álvaro García,Rayo Vallecano,MF,30,es ESP,La Liga,2324,45,17,36,26,121,25,23,fbref_cache,0.21818181818181817,0.03636363636363636,0.2545454545454545,1.6363636363636365,0.6181818181818182,4.4,1.309090909090909,0.9454545454545454,0.9090909090909091,0.8363636363636363,MF,11.29,127
745.0,17,8.3,1,0,1,0.12,0.0,0.12,Dani García,Athletic Club,MF,33,es ESP,La Liga,2324,6,3,8,11,0,11,7,fbref_cache,0.12048192771084336,0.0,0.12048192771084336,0.7228915662650601,0.36144578313253006,0.0,0.9638554216867469,1.325301204819277,1.325301204819277,0.8433734939759036,MF,7.06,128
2334.0,27,25.9,0,1,1,0.0,0.04,0.04,David García,Osasuna,DF,29,es ESP,La Liga,2324,15,2,20,17,2,33,13,fbref_cache,0.0,0.03861003861003861,0.03861003861003861,0.5791505791505792,0.07722007722007722,0.07722007722007722,0.7722007722007722,0.6563706563706564,1.2741312741312742,0.5019305019305019,DF,10.28,129
2637.0,30,29.3,5,0,5,0.17,0.0,0.17,Eric García,Girona,DF,22,es ESP,La Liga,2324,16,6,29,40,10,24,26,fbref_cache,0.1706484641638225,0.0,0.1706484641638225,0.5460750853242321,0.20477815699658702,0.341296928327645,0.9897610921501706,1.36518771331058,0.8191126279863481,0.8873720136518771,DF,18.96,130
1398.0,25,15.5,1,5,6,0.06,0.32,0.39,Fran Garcia,Real Madrid,DF,23,es ESP,La Liga,2324,9,1,20,16,60,10,15,fbref_cache,0.06451612903225806,0.3225806451612903,0.3870967741935484,0.5806451612903226,0.06451612903225806,3.870967741935484,1.2903225806451613,1.032258064516129,0.6451612903225806,0.967741935483871,DF,21.22,131
1547.0,30,17.2,3,2,5,0.17,0.12,0.29,Rubén García,Osasuna,"FW,MF",30,es ESP,La Liga,2324,28,10,12,18,98,24,27,fbref_cache,0.1744186046511628,0.11627906976744186,0.29069767441860467,1.627906976744186,0.5813953488372093,5.6976744186046515,0.6976744186046512,1.0465116279069768,1.3953488372093024,1.5697674418604652,FW,11.62,132
560.0,9,6.2,1,0,1,0.16,0.0,0.16,Unai García,Osasuna,DF,31,es ESP,La Liga,2324,2,1,7,9,4,9,1,fbref_cache,0.16129032258064516,0.0,0.16129032258064516,0.3225806451612903,0.16129032258064516,0.6451612903225806,1.129032258064516,1.4516129032258065,1.4516129032258065,0.16129032258064516,DF,9.41,133
735.0,14,8.2,0,0,0,0.0,0.0,0.0,Yarek Gasiorowski,Valencia,DF,18,es ESP,La Liga,2324,1,0,14,13,6,11,2,fbref_cache,0.0,0.0,0.0,0.12195121951219513,0.0,0.7317073170731708,1.707317073170732,1.5853658536585367,1.3414634146341464,0.24390243902439027,DF,19.8,134
944.0,12,10.5,1,1,2,0.1,0.1,0.19,Gavi,Barcelona,"MF,FW",18,es ESP,La Liga,2324,10,5,8,23,8,31,23,fbref_cache,0.09523809523809523,0.09523809523809523,0.19047619047619047,0.9523809523809523,0.47619047619047616,0.7619047619047619,0.7619047619047619,2.1904761904761907,2.9523809523809526,2.1904761904761907,MF,23.57,135
3420.0,38,38.0,0,0,0,0.0,0.0,0.0,Paulo Gazzaniga,Girona,GK,31,ar ARG,La Liga,2324,0,0,0,1,0,0,8,fbref_cache,0.0,0.0,0.0,0.0,0.0,0.0,0.0,0.02631578947368421,0.0,0.21052631578947367,GK,8.1,136
1163.0,31,12.9,0,0,0,0.0,0.0,0.0,Maxi Gómez,Cádiz,FW,26,uy URU,La Liga,2324,16,6,2,4,20,20,32,fbref_cache,0.0,0.0,0.0,1.2403100775193798,0.46511627906976744,1.5503875968992247,0.15503875968992248,0.31007751937984496,1.5503875968992247,2.4806201550387597,FW,12.6,137
2006.0,28,22.3,3,0,3,0.13,0.0,0.13,Moi Gómez,Osasuna,"MF,FW",29,es ESP,La Liga,2324,19,8,10,19,51,29,30,fbref_cache,0.13452914798206278,0.0,0.13452914798206278,0.852017937219731,0.35874439461883406,2.286995515695067,0.44843049327354256,0.852017937219731,1.3004484304932735,1.3452914798206277,MF,11.23,138
875.0,25,9.7,2,0,2,0.21,0.0,0.21,Unai Gómez,Athletic Club,MF,20,es ESP,La Liga,2324,16,8,2,9,20,11,20,fbref_cache,0.2061855670103093,0.0,0.2061855670103093,1.6494845360824744,0.8247422680412372,2.061855670103093,0.2061855670103093,0.9278350515463918,1.1340206185567012,2.061855670103093,MF,21.71,139
2522.0,31,28.0,2,0,2,0.07,0.0,0.07,Édgar González,Almería,"DF,MF",26,es ESP,La Liga,2324,13,3,35,21,2,29,7,fbref_cache,0.07142857142857142,0.0,0.07142857142857142,0.4642857142857143,0.10714285714285714,0.07142857142857142,1.25,0.75,1.0357142857142858,0.25,DF,13.5,140
2464.0,34,27.4,1,1,2,0.04,0.04,0.07,Giovanni González,Mallorca,DF,28,uy URU,La Liga,2324,14,4,28,44,60,38,20,fbref_cache,0.03649635036496351,0.03649635036496351,0.07299270072992702,0.5109489051094891,0.14598540145985403,2.18978102189781,1.0218978102189782,1.6058394160583942,1.3868613138686132,0.7299270072992701,DF,11.59,141
649.0,15,7.2,0,0,0,0.0,0.0,0.0,Peter González,Valencia,MF,21,do DOM,La Liga,2324,17,6,9,4,18,11,11,fbref_cache,0.0,0.0,0.0,2.361111111111111,0.8333333333333333,2.5,1.25,0.5555555555555556,1.5277777777777777,1.5277777777777777,MF,17.1,142
2854.0,36,31.7,1,0,1,0.03,0.0,0.03,Andoni Gorosabel,Alavés,DF,26,es ESP,La Liga,2324,15,6,25,40,83,29,41,fbref_cache,0.031545741324921134,0.0,0.031545741324921134,0.47318611987381703,0.18927444794952683,2.6182965299684544,0.7886435331230284,1.2618296529968454,0.9148264984227129,1.2933753943217665,DF,13.0,143
2662.0,33,29.6,8,6,14,0.27,0.2,0.47,Mason Greenwood,Getafe,"MF,FW",21,eng ENG,La Liga,2324,102,35,3,6,108,39,42,fbref_cache,0.27027027027027023,0.2027027027027027,0.47297297297297297,3.4459459459459456,1.1824324324324325,3.6486486486486487,0.10135135135135134,0.2027027027027027,1.3175675675675675,1.4189189189189189,MF,25.19,144
2644.0,33,29.4,16,6,22,0.54,0.2,0.75,Antoine Griezmann,Atlético Madrid,"FW,MF",32,fr FRA,La Liga,2324,79,34,11,20,125,16,26,fbref_cache,0.54421768707483,0.20408163265306123,0.7482993197278912,2.687074829931973,1.1564625850340136,4.251700680272109,0.3741496598639456,0.6802721088435374,0.54421768707483,0.8843537414965987,FW,12.59,145
2403.0,27,26.7,0,0,0,0.0,0.0,0.0,Vicente Guaita,Celta Vigo,GK,36,es ESP,La Liga,2324,0,0,0,1,0,1,5,fbref_cache,0.0,0.0,0.0,0.0,0.0,0.0,0.0,0.03745318352059925,0.03745318352059925,0.18726591760299627,GK,4.5,146
495.0,22,5.5,1,1,2,0.18,0.18,0.36,Sergi Guardiola,Cádiz,FW,32,es ESP,La Liga,2324,14,5,0,6,16,18,22,fbref_cache,0.18181818181818182,0.18181818181818182,0.36363636363636365,2.5454545454545454,0.9090909090909091,2.909090909090909,0.0,1.0909090909090908,3.272727272727273,4.0,FW,9.82,147
1742.0,22,19.4,1,1,2,0.05,0.05,0.1,Nemanja Gudelj,Sevilla,"DF,MF",31,rs SRB,La Liga,2324,19,3,29,22,3,30,11,fbref_cache,0.051546391752577324,0.051546391752577324,0.10309278350515465,0.9793814432989691,0.15463917525773196,0.15463917525773196,1.4948453608247423,1.1340206185567012,1.5463917525773196,0.5670103092783506,DF,8.94,148
951.0,17,10.6,3,2,5,0.28,0.19,0.47,Gonçalo Guedes,Villarreal,"FW,MF",26,pt POR,La Liga,2324,25,8,2,5,28,5,16,fbref_cache,0.2830188679245283,0.18867924528301888,0.4716981132075472,2.358490566037736,0.7547169811320755,2.6415094339622645,0.18867924528301888,0.4716981132075472,0.4716981132075472,1.509433962264151,FW,18.54,149
2498.0,36,27.8,4,1,5,0.14,0.04,0.18,Javier Guerra,Valencia,MF,20,es ESP,La Liga,2324,42,14,18,29,24,40,30,fbref_cache,0.14388489208633093,0.03597122302158273,0.17985611510791366,1.5107913669064748,0.5035971223021583,0.8633093525179856,0.6474820143884892,1.0431654676258992,1.4388489208633093,1.079136690647482,MF,21.24,150
2932.0,37,32.6,1,0,1,0.03,0.0,0.03,Ander Guevara,Alavés,MF,26,es ESP,La Liga,2324,16,3,14,34,10,49,30,fbref_cache,0.03067484662576687,0.0,0.03067484662576687,0.49079754601226994,0.09202453987730061,0.3067484662576687,0.42944785276073616,1.0429447852760736,1.5030674846625767,0.920245398773006,MF,12.99,151
1315.0,26,14.6,1,0,1,0.07,0.0,0.07,Hugo Guillamón,Valencia,MF,23,es ESP,La Liga,2324,3,2,11,15,7,36,25,fbref_cache,0.0684931506849315,0.0,0.0684931506849315,0.20547945205479454,0.136986301369863,0.4794520547945206,0.7534246575342466,1.0273972602739727,2.4657534246575343,1.7123287671232876,MF,16.35,152
2674.0,35,29.7,0,3,3,0.0,0.1,0.1,Gerard Gumbau,Granada,MF,28,es ESP,La Liga,2324,45,9,26,33,150,62,26,fbref_cache,0.0,0.10101010101010101,0.10101010101010101,1.5151515151515151,0.30303030303030304,5.050505050505051,0.8754208754208754,1.1111111111111112,2.087542087542088,0.8754208754208754,MF,11.89,153
2994.0,36,33.3,5,9,14,0.15,0.27,0.42,İlkay Gündoğan,Barcelona,MF,32,de GER,La Liga,2324,43,17,20,20,157,16,42,fbref_cache,0.15015015015015015,0.2702702702702703,0.42042042042042044,1.2912912912912915,0.5105105105105106,4.714714714714715,0.6006006006006006,0.6006006006006006,0.48048048048048053,1.2612612612612615,MF,10.23,154
2678.0,36,29.8,3,4,7,0.1,0.13,0.24,Jon Guridi,Alavés,MF,28,es ESP,La Liga,2324,36,8,19,24,21,22,30,fbref_cache,0.10067114093959731,0.1342281879194631,0.2348993288590604,1.2080536912751678,0.2684563758389262,0.7046979865771812,0.6375838926174496,0.8053691275167785,0.7382550335570469,1.006711409395973,MF,13.34,155
2217.0,32,24.6,14,5,19,0.57,0.2,0.77,Gorka Guruzeta,Athletic Club,FW,26,es ESP,La Liga,2324,65,31,15,22,12,44,23,fbref_cache,0.5691056910569106,0.2032520325203252,0.7723577235772358,2.6422764227642275,1.2601626016260161,0.4878048780487805,0.6097560975609756,0.8943089430894309,1.7886178861788617,0.9349593495934959,FW,22.33,156
3032.0,35,33.7,2,7,9,0.06,0.21,0.27,Miguel Gutiérrez,Girona,"DF,MF",22,es ESP,La Liga,2324,34,5,24,17,97,27,26,fbref_cache,0.05934718100890207,0.20771513353115725,0.2670623145400593,1.0089020771513353,0.14836795252225518,2.8783382789317504,0.7121661721068249,0.5044510385756676,0.801186943620178,0.7715133531157269,DF,20.53,157
2449.0,38,27.2,3,2,5,0.11,0.07,0.18,Munir El Haddadi,Las Palmas,"MF,FW",27,ma MAR,La Liga,2324,43,12,10,28,41,30,73,fbref_cache,0.11029411764705882,0.07352941176470588,0.18382352941176472,1.5808823529411764,0.4411764705882353,1.5073529411764706,0.36764705882352944,1.0294117647058825,1.1029411764705883,2.683823529411765,MF,13.85,158
804.0,22,8.9,0,2,2,0.0,0.22,0.22,Ianis Hagi,Alavés,MF,24,ro ROU,La Liga,2324,27,9,4,12,54,13,19,fbref_cache,0.0,0.2247191011235955,0.2247191011235955,3.033707865168539,1.0112359550561798,6.067415730337078,0.449438202247191,1.348314606741573,1.4606741573033708,2.134831460674157,MF,17.64,159
616.0,14,6.8,0,3,3,0.0,0.44,0.44,Luiz Henrique,Real Betis,MF,22,br BRA,La Liga,2324,18,4,5,11,24,7,15,fbref_cache,0.0,0.4411764705882353,0.4411764705882353,2.6470588235294117,0.5882352941176471,3.5294117647058822,0.7352941176470589,1.6176470588235294,1.0294117647058825,2.2058823529411766,MF,23.35,160
2557.0,31,28.4,0,1,1,0.0,0.04,0.04,Mario Hermoso,Atlético Madrid,DF,28,es ESP,La Liga,2324,17,4,28,25,38,32,23,fbref_cache,0.0,0.035211267605633804,0.035211267605633804,0.5985915492957746,0.14084507042253522,1.3380281690140845,0.9859154929577465,0.8802816901408451,1.1267605633802817,0.8098591549295775,DF,11.18,161
1690.0,19,18.8,0,0,0,0.0,0.0,0.0,Aridane Hernández,Rayo Vallecano,DF,34,es ESP,La Liga,2324,5,0,15,9,0,11,12,fbref_cache,0.0,0.0,0.0,0.26595744680851063,0.0,0.0,0.7978723404255319,0.4787234042553191,0.5851063829787234,0.6382978723404255,DF,5.4,162
2514.0,30,27.9,1,2,3,0.04,0.07,0.11,Javi Hernández,Cádiz,DF,25,es ESP,La Liga,2324,30,8,17,23,126,45,19,fbref_cache,0.03584229390681004,0.07168458781362008,0.10752688172043011,1.0752688172043012,0.28673835125448033,4.516129032258065,0.6093189964157706,0.8243727598566308,1.6129032258064517,0.6810035842293907,DF,14.95,163
723.0,9,8.0,1,0,1,0.12,0.0,0.12,Luis Hernández,Cádiz,DF,34,es ESP,La Liga,2324,1,1,8,3,2,8,0,fbref_cache,0.125,0.0,0.125,0.125,0.125,0.25,1.0,0.375,1.0,0.0,DF,6.08,164
1644.0,19,18.3,0,1,1,0.0,0.05,0.05,Jorge Herrando,Osasuna,DF,22,es ESP,La Liga,2324,4,0,14,19,0,26,10,fbref_cache,0.0,0.0546448087431694,0.0546448087431694,0.2185792349726776,0.0,0.0,0.7650273224043715,1.0382513661202186,1.4207650273224044,0.5464480874316939,DF,17.09,165
1030.0,23,11.4,0,3,3,0.0,0.26,0.26,Ander Herrera,Athletic Club,MF,33,es ESP,La Liga,2324,14,2,16,33,12,21,11,fbref_cache,0.0,0.2631578947368421,0.2631578947368421,1.2280701754385965,0.17543859649122806,1.0526315789473684,1.4035087719298245,2.8947368421052633,1.8421052631578947,0.9649122807017544,MF,7.96,166
2869.0,32,31.9,0,0,0,0.0,0.0,0.0,Sergio Herrera,Osasuna,GK,30,es ESP,La Liga,2324,0,0,0,1,0,0,7,fbref_cache,0.0,0.0,0.0,0.0,0.0,0.0,0.0,0.031347962382445145,0.0,0.219435736677116,GK,9.0,167
2107.0,29,23.4,5,0,5,0.21,0.0,0.21,Yangel Herrera,Girona,MF,25,ve VEN,La Liga,2324,52,18,25,38,29,65,62,fbref_cache,0.2136752136752137,0.0,0.2136752136752137,2.2222222222222223,0.7692307692307693,1.2393162393162394,1.0683760683760684,1.623931623931624,2.777777777777778,2.64957264957265,MF,16.38,168
562.0,13,6.2,0,0,0,0.0,0.0,0.0,Martin Hongla,Granada,"MF,DF",25,cm CMR,La Liga,2324,3,1,5,3,2,7,1,fbref_cache,0.0,0.0,0.0,0.48387096774193544,0.16129032258064516,0.3225806451612903,0.8064516129032258,0.48387096774193544,1.129032258064516,0.16129032258064516,MF,13.5,169
1152.0,33,12.8,1,2,3,0.08,0.16,0.23,Pablo Ibáñez,Osasuna,MF,24,es ESP,La Liga,2324,27,7,9,8,11,26,16,fbref_cache,0.078125,0.15625,0.234375,2.109375,0.546875,0.859375,0.703125,0.625,2.03125,1.25,MF,17.78,170
1412.0,23,15.7,0,2,2,0.0,0.13,0.13,Iglesias,Getafe,"DF,MF",25,es ESP,La Liga,2324,15,6,16,21,62,17,10,fbref_cache,0.0,0.12738853503184713,0.12738853503184713,0.9554140127388535,0.3821656050955414,3.949044585987261,1.019108280254777,1.337579617834395,1.0828025477707006,0.6369426751592357,DF,15.22,171
525.0,9,5.8,0,0,0,0.0,0.0,0.0,Imanol,Athletic Club,DF,23,es ESP,La Liga,2324,1,0,9,6,21,5,2,fbref_cache,0.0,0.0,0.0,0.1724137931034483,0.0,3.6206896551724137,1.5517241379310345,1.0344827586206897,0.8620689655172414,0.3448275862068966,DF,15.3,172
2326.0,29,25.8,8,5,13,0.31,0.19,0.5,Isco,Real Betis,MF,31,es ESP,La Liga,2324,64,26,9,26,152,31,79,fbref_cache,0.31007751937984496,0.19379844961240308,0.5038759689922481,2.4806201550387597,1.0077519379844961,5.891472868217054,0.3488372093023256,1.0077519379844961,1.2015503875968991,3.062015503875969,MF,12.18,173
1634.0,20,18.2,2,0,2,0.11,0.0,0.11,Frenkie de Jong,Barcelona,MF,26,nl NED,La Liga,2324,7,4,15,26,26,19,22,fbref_cache,0.10989010989010989,0.0,0.10989010989010989,0.38461538461538464,0.21978021978021978,1.4285714285714286,0.8241758241758242,1.4285714285714286,1.043956043956044,1.208791208791209,MF,13.98,174
573.0,13,6.4,0,0,0,0.0,0.0,0.0,Jordi,Getafe,MF,22,es ESP,La Liga,2324,7,3,8,11,23,19,6,fbref_cache,0.0,0.0,0.0,1.09375,0.46875,3.59375,1.25,1.71875,2.96875,0.9375,MF,16.2,175
1971.0,33,21.9,10,5,15,0.46,0.23,0.68,Willian José,Real Betis,FW,31,br BRA,La Liga,2324,48,24,2,3,7,9,20,fbref_cache,0.4566210045662101,0.22831050228310504,0.6849315068493151,2.1917808219178085,1.0958904109589043,0.31963470319634707,0.09132420091324202,0.13698630136986303,0.4109589041095891,0.9132420091324202,FW,13.65,176
1687.0,34,18.7,10,2,12,0.53,0.11,0.64,Joselu,Real Madrid,FW,33,es ESP,La Liga,2324,63,29,6,4,6,10,15,fbref_cache,0.5347593582887701,0.10695187165775401,0.6417112299465241,3.3689839572192515,1.5508021390374331,0.32085561497326204,0.32085561497326204,0.21390374331550802,0.5347593582887701,0.8021390374331551,FW,10.34,177
571.0,11,6.3,0,1,1,0.0,0.16,0.16,Kamil Jóźwiak,Granada,MF,25,pl POL,La Liga,2324,4,1,2,10,6,13,12,fbref_cache,0.0,0.15873015873015872,0.15873015873015872,0.6349206349206349,0.15873015873015872,0.9523809523809524,0.31746031746031744,1.5873015873015874,2.0634920634920637,1.9047619047619049,MF,15.64,178
873.0,16,9.7,3,1,4,0.31,0.1,0.41,Juanmi,Cádiz,FW,30,es ESP,La Liga,2324,14,7,5,4,2,24,11,fbref_cache,0.30927835051546393,0.10309278350515465,0.4123711340206186,1.4432989690721651,0.7216494845360826,0.2061855670103093,0.5154639175257733,0.4123711340206186,2.4742268041237114,1.1340206185567012,FW,12.71,179
746.0,17,8.3,0,0,0,0.0,0.0,0.0,Juanpe,Girona,DF,32,es ESP,La Liga,2324,4,0,8,8,1,5,0,fbref_cache,0.0,0.0,0.0,0.48192771084337344,0.0,0.12048192771084336,0.9638554216867469,0.9638554216867469,0.6024096385542168,0.0,DF,7.2,180
1864.0,26,20.7,15,5,20,0.72,0.24,0.97,Vinicius Júnior,Real Madrid,FW,23,br BRA,La Liga,2324,78,39,1,12,56,24,54,fbref_cache,0.7246376811594203,0.24154589371980678,0.9661835748792271,3.768115942028986,1.884057971014493,2.7053140096618358,0.04830917874396135,0.5797101449275363,1.1594202898550725,2.608695652173913,FW,30.08,181
3240.0,36,36.0,0,0,0,0.0,0.0,0.0,Filip Jørgensen,Villarreal,GK,21,dk DEN,La Liga,2324,0,0,2,1,0,2,5,fbref_cache,0.0,0.0,0.0,0.0,0.0,0.0,0.05555555555555555,0.027777777777777776,0.05555555555555555,0.1388888888888889,GK,17.1,182
720.0,17,8.0,1,1,2,0.12,0.12,0.25,Sory Kaba,Las Palmas,FW,28,gn GUI,La Liga,2324,13,1,0,1,0,16,15,fbref_cache,0.125,0.125,0.25,1.625,0.125,0.0,0.0,0.125,2.0,1.875,FW,13.5,183
523.0,8,5.8,1,0,1,0.17,0.0,0.17,Kaiky,Almería,DF,19,br BRA,La Liga,2324,3,1,3,4,1,7,0,fbref_cache,0.1724137931034483,0.0,0.1724137931034483,0.5172413793103449,0.1724137931034483,0.1724137931034483,0.5172413793103449,0.6896551724137931,1.206896551724138,0.0,DF,22.16,184
1423.0,33,15.8,3,2,5,0.19,0.13,0.32,Kiké,Alavés,FW,33,es ESP,La Liga,2324,57,26,2,5,9,24,36,fbref_cache,0.18987341772151897,0.12658227848101264,0.3164556962025316,3.6075949367088604,1.6455696202531644,0.5696202531645569,0.12658227848101264,0.3164556962025316,1.5189873417721518,2.2784810126582276,FW,8.29,185
2493.0,35,27.7,0,4,4,0.0,0.14,0.14,Koke,Atlético Madrid,MF,31,es ESP,La Liga,2324,10,2,15,42,10,19,19,fbref_cache,0.0,0.1444043321299639,0.1444043321299639,0.36101083032490977,0.07220216606498195,0.36101083032490977,0.5415162454873647,1.516245487364621,0.6859205776173285,0.6859205776173285,MF,9.27,186
821.0,16,9.1,0,0,0,0.0,0.0,0.0,Rominigue Kouamé,Cádiz,MF,26,ml MLI,La Liga,2324,5,0,15,10,1,11,9,fbref_cache,0.0,0.0,0.0,0.5494505494505495,0.0,0.10989010989010989,1.6483516483516485,1.098901098901099,1.208791208791209,0.989010989010989,MF,12.6,187
2899.0,35,32.2,1,2,3,0.03,0.06,0.09,Jules Koundé,Barcelona,DF,24,fr FRA,La Liga,2324,24,7,28,24,35,23,16,fbref_cache,0.03105590062111801,0.06211180124223602,0.09316770186335403,0.7453416149068323,0.21739130434782608,1.0869565217391304,0.8695652173913043,0.7453416149068323,0.7142857142857142,0.49689440993788814,DF,15.74,188
2124.0,33,23.6,1,8,9,0.04,0.34,0.38,Toni Kroos,Real Madrid,MF,33,de GER,La Liga,2324,35,13,17,32,119,17,38,fbref_cache,0.0423728813559322,0.3389830508474576,0.3813559322033898,1.483050847457627,0.5508474576271186,5.042372881355932,0.7203389830508474,1.3559322033898304,0.7203389830508474,1.6101694915254237,MF,8.7,189
2150.0,30,23.9,7,4,11,0.29,0.17,0.46,Takefusa Kubo,Real Sociedad,"FW,MF",22,jp JPN,La Liga,2324,46,21,10,16,143,22,52,fbref_cache,0.29288702928870297,0.1673640167364017,0.46025104602510464,1.9246861924686194,0.8786610878661089,5.98326359832636,0.4184100418410042,0.6694560669456068,0.9205020920502093,2.175732217573222,FW,23.66,190
1956.0,31,21.7,1,4,5,0.05,0.18,0.23,Luca de la Torre,Celta Vigo,MF,25,us USA,La Liga,2324,24,8,11,21,17,39,19,fbref_cache,0.04608294930875576,0.18433179723502305,0.2304147465437788,1.1059907834101383,0.3686635944700461,0.783410138248848,0.5069124423963134,0.967741935483871,1.7972350230414746,0.8755760368663594,MF,16.61,191
463.0,13,5.1,2,0,2,0.39,0.0,0.39,Érik Lamela,Sevilla,MF,31,ar ARG,La Liga,2324,9,4,1,13,12,18,6,fbref_cache,0.3921568627450981,0.0,0.3921568627450981,1.7647058823529413,0.7843137254901962,2.3529411764705883,0.19607843137254904,2.5490196078431375,3.5294117647058827,1.1764705882352942,MF,11.28,192
820.0,11,9.1,1,0,1,0.11,0.0,0.11,Bruno Langa,Almería,DF,25,mz MOZ,La Liga,2324,8,2,5,11,16,4,12,fbref_cache,0.10989010989010989,0.0,0.10989010989010989,0.8791208791208791,0.21978021978021978,1.7582417582417582,0.5494505494505495,1.208791208791209,0.43956043956043955,1.3186813186813187,DF,14.98,193
1823.0,35,20.3,3,2,5,0.15,0.1,0.25,Cyle Larin,Mallorca,FW,28,ca CAN,La Liga,2324,69,25,3,8,8,27,34,fbref_cache,0.14778325123152708,0.09852216748768472,0.24630541871921183,3.399014778325123,1.2315270935960592,0.3940886699507389,0.14778325123152708,0.3940886699507389,1.3300492610837438,1.6748768472906403,FW,13.46,194
1555.0,32,17.3,2,0,2,0.12,0.0,0.12,Juanmi Latasa,Getafe,FW,22,es ESP,La Liga,2324,44,15,4,8,3,66,40,fbref_cache,0.11560693641618497,0.0,0.11560693641618497,2.5433526011560694,0.8670520231213873,0.17341040462427745,0.23121387283236994,0.4624277456647399,3.8150289017341037,2.312138728323699,FW,18.07,195
1544.0,28,17.2,0,1,1,0.0,0.06,0.06,Toni Lato,Mallorca,DF,25,es ESP,La Liga,2324,5,2,17,22,48,19,18,fbref_cache,0.0,0.05813953488372093,0.05813953488372093,0.29069767441860467,0.11627906976744186,2.7906976744186047,0.9883720930232559,1.2790697674418605,1.1046511627906976,1.0465116279069768,DF,14.28,196
2469.0,29,27.4,2,0,2,0.07,0.0,0.07,Robin Le Normand,Real Sociedad,DF,26,es ESP,La Liga,2324,9,5,27,22,1,33,23,fbref_cache,0.07299270072992702,0.0,0.07299270072992702,0.3284671532846716,0.18248175182481752,0.03649635036496351,0.9854014598540146,0.8029197080291971,1.2043795620437956,0.8394160583941607,DF,13.52,197
3048.0,34,33.9,0,0,0,0.0,0.0,0.0,Jeremías Ledesma,Cádiz,GK,30,ar ARG,La Liga,2324,0,0,0,1,0,1,5,fbref_cache,0.0,0.0,0.0,0.0,0.0,0.0,0.0,0.029498525073746312,0.029498525073746312,0.14749262536873156,GK,9.0,198
3327.0,37,37.0,3,1,4,0.08,0.03,0.11,Florian Lejeune,Rayo Vallecano,DF,32,fr FRA,La Liga,2324,64,21,23,26,6,26,13,fbref_cache,0.08108108108108109,0.02702702702702703,0.10810810810810811,1.7297297297297298,0.5675675675675675,0.16216216216216217,0.6216216216216216,0.7027027027027027,0.7027027027027027,0.35135135135135137,DF,7.98,199
2002.0,27,22.2,0,2,2,0.0,0.09,0.09,Iñigo Lekue,Athletic Club,DF,30,es ESP,La Liga,2324,5,0,16,21,37,15,7,fbref_cache,0.0,0.0900900900900901,0.0900900900900901,0.22522522522522523,0.0,1.6666666666666667,0.7207207207207208,0.9459459459459459,0.6756756756756757,0.3153153153153153,DF,9.81,200
2750.0,35,30.6,19,8,27,0.62,0.26,0.88,Robert Lewandowski,Barcelona,FW,34,pl POL,La Liga,2324,93,43,9,4,18,23,55,fbref_cache,0.6209150326797386,0.26143790849673204,0.8823529411764706,3.0392156862745097,1.4052287581699345,0.5882352941176471,0.29411764705882354,0.13071895424836602,0.7516339869281046,1.7973856209150325,FW,10.16,201
2080.0,34,23.1,4,5,9,0.17,0.22,0.39,Samuel Lino,Atlético Madrid,"MF,DF",23,br BRA,La Liga,2324,54,21,14,34,41,27,56,fbref_cache,0.17316017316017315,0.21645021645021645,0.3896103896103896,2.3376623376623376,0.9090909090909091,1.7748917748917747,0.6060606060606061,1.4718614718614718,1.1688311688311688,2.4242424242424243,MF,21.26,202
2565.0,37,28.5,6,4,10,0.21,0.14,0.35,Marcos Llorente,Atlético Madrid,"MF,DF",28,es ESP,La Liga,2324,30,19,13,23,70,31,27,fbref_cache,0.21052631578947367,0.14035087719298245,0.3508771929824561,1.0526315789473684,0.6666666666666666,2.456140350877193,0.45614035087719296,0.8070175438596491,1.087719298245614,0.9473684210526315,MF,14.59,203
1790.0,34,19.9,0,1,1,0.0,0.05,0.05,Enzo Loiodice,Las Palmas,MF,22,fr FRA,La Liga,2324,16,6,12,35,23,32,38,fbref_cache,0.0,0.05025125628140704,0.05025125628140704,0.8040201005025126,0.30150753768844224,1.155778894472362,0.6030150753768845,1.7587939698492463,1.6080402010050252,1.9095477386934674,MF,17.01,204
1965.0,25,21.8,3,0,3,0.14,0.0,0.14,David López,Girona,DF,33,es ESP,La Liga,2324,16,6,19,21,0,17,15,fbref_cache,0.13761467889908258,0.0,0.13761467889908258,0.7339449541284403,0.27522935779816515,0.0,0.8715596330275229,0.963302752293578,0.7798165137614679,0.6880733944954128,DF,7.17,205
2656.0,36,29.5,3,6,9,0.1,0.2,0.3,Diego López,Valencia,"MF,FW",21,es ESP,La Liga,2324,41,15,21,26,66,26,31,fbref_cache,0.1016949152542373,0.2033898305084746,0.3050847457627119,1.3898305084745763,0.5084745762711864,2.23728813559322,0.711864406779661,0.8813559322033898,0.8813559322033898,1.0508474576271187,MF,22.32,206
1446.0,31,16.1,8,0,8,0.5,0.0,0.5,Fermin López,Barcelona,"MF,FW",20,es ESP,La Liga,2324,51,25,3,20,18,43,17,fbref_cache,0.49689440993788814,0.0,0.49689440993788814,3.167701863354037,1.5527950310559004,1.1180124223602483,0.18633540372670807,1.2422360248447204,2.670807453416149,1.0559006211180124,MF,26.94,207
2386.0,32,26.5,1,3,4,0.04,0.11,0.15,Javi López,Alavés,DF,21,es ESP,La Liga,2324,18,3,11,12,102,26,28,fbref_cache,0.03773584905660377,0.11320754716981132,0.1509433962264151,0.6792452830188679,0.11320754716981132,3.849056603773585,0.41509433962264153,0.4528301886792453,0.9811320754716981,1.0566037735849056,DF,19.68,208
2108.0,35,23.4,1,2,3,0.04,0.09,0.13,Unai López,Rayo Vallecano,MF,27,es ESP,La Liga,2324,32,5,16,27,73,60,21,fbref_cache,0.042735042735042736,0.08547008547008547,0.12820512820512822,1.3675213675213675,0.2136752136752137,3.1196581196581197,0.6837606837606838,1.153846153846154,2.5641025641025643,0.8974358974358975,MF,13.2,209
1916.0,30,21.3,0,0,0,0.0,0.0,0.0,Dion Lopy,Almería,MF,21,sn SEN,La Liga,2324,23,8,14,36,7,30,40,fbref_cache,0.0,0.0,0.0,1.07981220657277,0.3755868544600939,0.32863849765258213,0.6572769953051643,1.6901408450704225,1.408450704225352,1.8779342723004695,MF,17.1,210
772.0,13,8.6,3,0,3,0.35,0.0,0.35,Anthony Lozano,Almería,FW,30,hn HON,La Liga,2324,23,9,3,5,4,22,20,fbref_cache,0.3488372093023256,0.0,0.3488372093023256,2.674418604651163,1.0465116279069768,0.46511627906976744,0.3488372093023256,0.5813953488372093,2.558139534883721,2.3255813953488373,FW,12.14,211
1539.0,28,17.1,1,0,1,0.06,0.0,0.06,Lucas,Cádiz,DF,22,br BRA,La Liga,2324,11,4,14,29,72,12,6,fbref_cache,0.05847953216374269,0.0,0.05847953216374269,0.6432748538011696,0.23391812865497075,4.2105263157894735,0.8187134502923976,1.6959064327485378,0.7017543859649122,0.3508771929824561,DF,17.15,212
1791.0,24,19.9,1,2,3,0.05,0.1,0.15,José Luis Gayà,Valencia,DF,28,es ESP,La Liga,2324,10,1,11,39,82,24,12,fbref_cache,0.05025125628140704,0.10050251256281408,0.15075376884422112,0.5025125628140704,0.05025125628140704,4.120603015075377,0.5527638190954774,1.9597989949748744,1.206030150753769,0.6030150753768845,DF,12.43,213
1048.0,29,11.6,7,0,7,0.6,0.0,0.6,José Luis Morales,Villarreal,"FW,MF",36,es ESP,La Liga,2324,26,12,6,3,10,3,4,fbref_cache,0.603448275862069,0.0,0.603448275862069,2.241379310344828,1.0344827586206897,0.8620689655172414,0.5172413793103449,0.25862068965517243,0.25862068965517243,0.3448275862068966,FW,7.22,214
1125.0,23,12.5,5,1,6,0.4,0.08,0.48,Dodi Lukebakio,Sevilla,"MF,FW",25,be BEL,La Liga,2324,42,17,2,3,36,24,22,fbref_cache,0.4,0.08,0.48,3.36,1.36,2.88,0.16,0.24,1.92,1.76,MF,19.98,215
1890.0,21,21.0,0,0,0,0.0,0.0,0.0,Andriy Lunin,Real Madrid,GK,24,ua UKR,La Liga,2324,0,0,0,0,0,0,3,fbref_cache,0.0,0.0,0.0,0.0,0.0,0.0,0.0,0.0,0.0,0.14285714285714285,GK,14.4,216
785.0,21,8.7,4,0,4,0.46,0.0,0.46,Darwin Machís,Cádiz,MF,30,ve VEN,La Liga,2324,21,10,4,15,65,12,14,fbref_cache,0.4597701149425288,0.0,0.4597701149425288,2.4137931034482762,1.149425287356322,7.471264367816093,0.4597701149425288,1.7241379310344829,1.3793103448275863,1.6091954022988506,MF,13.14,217
1454.0,22,16.2,1,2,3,0.06,0.12,0.19,Pablo Maffeo,Mallorca,"DF,MF",26,es ESP,La Liga,2324,11,4,11,21,68,22,20,fbref_cache,0.0617283950617284,0.1234567901234568,0.1851851851851852,0.6790123456790124,0.2469135802469136,4.197530864197531,0.6790123456790124,1.2962962962962963,1.3580246913580247,1.234567901234568,DF,14.93,218
3265.0,37,36.3,4,0,4,0.11,0.0,0.11,Nemanja Maksimović,Getafe,MF,28,rs SRB,La Liga,2324,34,15,44,42,6,19,13,fbref_cache,0.11019283746556474,0.0,0.11019283746556474,0.9366391184573003,0.4132231404958678,0.1652892561983471,1.2121212121212122,1.15702479338843,0.5234159779614326,0.3581267217630854,MF,11.99,219
3284.0,37,36.5,0,0,0,0.0,0.0,0.0,Giorgi Mamardashvili,Valencia,GK,22,ge GEO,La Liga,2324,0,0,1,3,0,3,4,fbref_cache,0.0,0.0,0.0,0.0,0.0,0.0,0.0273972602739726,0.0821917808219178,0.0821917808219178,0.1095890410958904,GK,16.2,220
731.0,16,8.1,2,1,3,0.25,0.12,0.37,Reinildo Mandava,Atlético Madrid,DF,29,mz MOZ,La Liga,2324,5,3,15,21,6,14,8,fbref_cache,0.2469135802469136,0.1234567901234568,0.3703703703703704,0.617283950617284,0.3703703703703704,0.7407407407407408,1.8518518518518519,2.5925925925925926,1.7283950617283952,0.9876543209876544,DF,13.57,221
1113.0,16,12.4,1,0,1,0.08,0.0,0.08,Aïssa Mandi,Villarreal,DF,31,dz ALG,La Liga,2324,4,2,7,8,0,7,5,fbref_cache,0.08064516129032258,0.0,0.08064516129032258,0.3225806451612903,0.16129032258064516,0.0,0.564516129032258,0.6451612903225806,0.564516129032258,0.4032258064516129,DF,8.75,222
744.0,12,8.3,0,1,1,0.0,0.12,0.12,Javier Manquillo,Celta Vigo,"DF,MF",29,es ESP,La Liga,2324,1,0,2,12,5,14,4,fbref_cache,0.0,0.12048192771084336,0.12048192771084336,0.12048192771084336,0.0,0.6024096385542168,0.24096385542168672,1.4457831325301203,1.686746987951807,0.48192771084337344,DF,11.09,223
2258.0,28,25.1,1,5,6,0.04,0.2,0.24,Óscar de Marcos,Athletic Club,DF,34,es ESP,La Liga,2324,5,2,12,41,119,22,12,fbref_cache,0.0398406374501992,0.199203187250996,0.2390438247011952,0.199203187250996,0.0796812749003984,4.7410358565737045,0.4780876494023904,1.6334661354581672,0.8764940239043825,0.4780876494023904,DF,6.69,224
1326.0,22,14.7,0,0,0,0.0,0.0,0.0,José María Giménez,Atlético Madrid,DF,28,uy URU,La Liga,2324,7,1,10,9,1,17,2,fbref_cache,0.0,0.0,0.0,0.4761904761904762,0.06802721088435375,0.06802721088435375,0.6802721088435374,0.6122448979591837,1.1564625850340136,0.1360544217687075,DF,10.8,225
2443.0,33,27.1,0,0,0,0.0,0.0,0.0,Rafa Marín,Alavés,DF,21,es ESP,La Liga,2324,13,3,31,18,2,28,16,fbref_cache,0.0,0.0,0.0,0.4797047970479705,0.11070110701107011,0.07380073800738007,1.1439114391143912,0.6642066420664207,1.033210332103321,0.5904059040590406,DF,17.1,226
3178.0,36,35.3,0,1,1,0.0,0.03,0.03,Mika Mármol,Las Palmas,DF,22,es ESP,La Liga,2324,3,0,43,43,5,23,34,fbref_cache,0.0,0.028328611898017,0.028328611898017,0.08498583569405099,0.0,0.141643059490085,1.218130311614731,1.218130311614731,0.651558073654391,0.963172804532578,DF,16.66,227
1359.0,23,15.1,2,3,5,0.13,0.2,0.33,Roger Martí,Cádiz,FW,32,es ESP,La Liga,2324,33,12,8,6,9,34,28,fbref_cache,0.13245033112582782,0.19867549668874174,0.33112582781456956,2.185430463576159,0.794701986754967,0.5960264900662252,0.5298013245033113,0.3973509933774835,2.251655629139073,1.8543046357615895,FW,9.58,228
2729.0,36,30.3,5,4,9,0.16,0.13,0.3,Iván Martín,Girona,MF,24,es ESP,La Liga,2324,19,11,23,25,10,27,34,fbref_cache,0.16501650165016502,0.132013201320132,0.297029702970297,0.6270627062706271,0.36303630363036304,0.33003300330033003,0.759075907590759,0.8250825082508251,0.8910891089108911,1.1221122112211221,MF,18.68,229
1241.0,21,13.8,0,2,2,0.0,0.15,0.15,Arnau Martinez,Girona,DF,20,es ESP,La Liga,2324,1,0,9,15,7,14,22,fbref_cache,0.0,0.14492753623188406,0.14492753623188406,0.07246376811594203,0.0,0.5072463768115941,0.6521739130434783,1.0869565217391304,1.0144927536231882,1.5942028985507246,DF,20.61,230
1296.0,20,14.4,0,0,0,0.0,0.0,0.0,Iñigo Martínez,Barcelona,DF,32,es ESP,La Liga,2324,8,1,13,5,3,10,11,fbref_cache,0.0,0.0,0.0,0.5555555555555556,0.06944444444444445,0.20833333333333331,0.9027777777777778,0.3472222222222222,0.6944444444444444,0.7638888888888888,DF,7.2,231
1855.0,31,20.6,0,2,2,0.0,0.1,0.1,Marvin,Las Palmas,"MF,DF",23,es ESP,La Liga,2324,14,3,15,25,91,39,26,fbref_cache,0.0,0.0970873786407767,0.0970873786407767,0.6796116504854368,0.14563106796116504,4.417475728155339,0.7281553398058251,1.2135922330097086,1.8932038834951455,1.262135922330097,MF,16.79,232
1571.0,29,17.5,0,0,0,0.0,0.0,0.0,Omar Mascarell,Mallorca,MF,30,gq EQG,La Liga,2324,6,0,32,15,4,31,14,fbref_cache,0.0,0.0,0.0,0.34285714285714286,0.0,0.22857142857142856,1.8285714285714285,0.8571428571428571,1.7714285714285714,0.8,MF,9.0,233
1787.0,35,19.9,5,1,6,0.25,0.05,0.3,Jaime Mata,Getafe,"FW,MF",34,es ESP,La Liga,2324,33,13,15,15,39,63,25,fbref_cache,0.2512562814070352,0.05025125628140704,0.30150753768844224,1.6582914572864322,0.6532663316582915,1.9597989949748744,0.7537688442211056,0.7537688442211056,3.1658291457286434,1.256281407035176,FW,7.03,234
2970.0,33,33.0,0,0,0,0.0,0.0,0.0,Luís Maximiano,Almería,GK,24,pt POR,La Liga,2324,0,0,0,0,0,1,3,fbref_cache,0.0,0.0,0.0,0.0,0.0,0.0,0.0,0.0,0.030303030303030304,0.09090909090909091,GK,14.4,235
2153.0,27,23.9,15,1,16,0.63,0.04,0.67,Borja Mayoral,Getafe,FW,26,es ESP,La Liga,2324,47,27,3,4,22,31,31,fbref_cache,0.6276150627615064,0.041841004184100423,0.6694560669456068,1.9665271966527198,1.1297071129707115,0.9205020920502093,0.12552301255230125,0.1673640167364017,1.2970711297071131,1.2970711297071131,FW,21.04,236
1122.0,26,12.5,0,0,0,0.0,0.0,0.0,Óscar Melendo,Granada,"MF,FW",25,es ESP,La Liga,2324,6,2,4,6,9,11,37,fbref_cache,0.0,0.0,0.0,0.48,0.16,0.72,0.32,0.48,0.88,2.96,MF,13.5,237
1103.0,28,12.3,1,1,2,0.08,0.08,0.16,Gonzalo Melero,Almería,"MF,FW",29,es ESP,La Liga,2324,14,4,4,9,3,21,17,fbref_cache,0.08130081300813008,0.08130081300813008,0.16260162601626016,1.1382113821138211,0.3252032520325203,0.24390243902439024,0.3252032520325203,0.7317073170731707,1.7073170731707317,1.3821138211382114,MF,11.51,238
893.0,23,9.9,5,1,6,0.5,0.1,0.6,Memphis,Atlético Madrid,FW,29,nl NED,La Liga,2324,38,15,1,2,12,14,16,fbref_cache,0.5050505050505051,0.10101010101010101,0.6060606060606061,3.8383838383838382,1.5151515151515151,1.2121212121212122,0.10101010101010101,0.20202020202020202,1.4141414141414141,1.6161616161616161,FW,15.9,239
2413.0,32,26.8,5,6,11,0.19,0.22,0.41,Brais Méndez,Real Sociedad,"MF,FW",26,es ESP,La Liga,2324,66,17,12,27,101,58,56,fbref_cache,0.18656716417910446,0.22388059701492538,0.4104477611940298,2.462686567164179,0.6343283582089552,3.7686567164179103,0.44776119402985076,1.007462686567164,2.1641791044776117,2.08955223880597,MF,17.77,240
1333.0,17,14.8,2,0,2,0.14,0.0,0.14,Bruno Méndez,Granada,DF,23,uy URU,La Liga,2324,8,5,25,19,8,14,0,fbref_cache,0.13513513513513511,0.0,0.13513513513513511,0.5405405405405405,0.33783783783783783,0.5405405405405405,1.689189189189189,1.2837837837837838,0.9459459459459459,0.0,DF,17.37,241
1720.0,23,19.1,0,0,0,0.0,0.0,0.0,Ferland Mendy,Real Madrid,DF,28,fr FRA,La Liga,2324,5,2,12,10,5,17,14,fbref_cache,0.0,0.0,0.0,0.2617801047120419,0.10471204188481674,0.2617801047120419,0.6282722513089005,0.5235602094240838,0.8900523560209423,0.7329842931937173,DF,10.8,242
673.0,10,7.5,0,0,0,0.0,0.0,0.0,Jorge Meré,Cádiz,DF,26,es ESP,La Liga,2324,4,1,8,7,1,1,4,fbref_cache,0.0,0.0,0.0,0.5333333333333333,0.13333333333333333,0.13333333333333333,1.0666666666666667,0.9333333333333333,0.13333333333333333,0.5333333333333333,DF,12.6,243
2482.0,32,27.6,5,3,8,0.18,0.11,0.29,Mikel Merino,Real Sociedad,MF,27,es ESP,La Liga,2324,30,11,16,45,19,70,60,fbref_cache,0.18115942028985507,0.10869565217391304,0.2898550724637681,1.0869565217391304,0.39855072463768115,0.6884057971014492,0.5797101449275363,1.6304347826086956,2.5362318840579707,2.1739130434782608,MF,15.09,244
496.0,10,5.5,0,0,0,0.0,0.0,0.0,Éder Militão,Real Madrid,DF,25,br BRA,La Liga,2324,2,2,5,3,1,5,5,fbref_cache,0.0,0.0,0.0,0.36363636363636365,0.36363636363636365,0.18181818181818182,0.9090909090909091,0.5454545454545454,0.9090909090909091,0.9090909090909091,DF,13.5,245
2115.0,27,23.5,0,1,1,0.0,0.04,0.04,Luis Milla,Getafe,MF,28,es ESP,La Liga,2324,16,5,30,34,102,43,29,fbref_cache,0.0,0.0425531914893617,0.0425531914893617,0.6808510638297872,0.2127659574468085,4.340425531914893,1.2765957446808511,1.446808510638298,1.8297872340425532,1.2340425531914894,MF,11.26,246
2998.0,38,33.3,2,2,4,0.06,0.06,0.12,Óscar Mingueza,Celta Vigo,"DF,MF",24,es ESP,La Liga,2324,28,13,19,38,150,21,44,fbref_cache,0.060060060060060066,0.060060060060060066,0.12012012012012013,0.8408408408408409,0.3903903903903904,4.504504504504505,0.5705705705705706,1.1411411411411412,0.6306306306306307,1.3213213213213215,DF,16.13,247
2992.0,34,33.2,1,1,2,0.03,0.03,0.06,Ignasi Miquel,Granada,DF,30,es ESP,La Liga,2324,22,8,46,32,3,32,26,fbref_cache,0.03012048192771084,0.03012048192771084,0.06024096385542168,0.6626506024096385,0.24096385542168672,0.09036144578313252,1.3855421686746987,0.9638554216867469,0.9638554216867469,0.7831325301204819,DF,9.54,248
1858.0,25,20.6,1,1,2,0.05,0.05,0.1,Juan Miranda,Real Betis,DF,23,es ESP,La Liga,2324,16,6,20,24,62,21,34,fbref_cache,0.04854368932038835,0.04854368932038835,0.0970873786407767,0.7766990291262136,0.2912621359223301,3.0097087378640777,0.9708737864077669,1.1650485436893203,1.0194174757281553,1.6504854368932038,DF,16.79,249
699.0,11,7.8,1,0,1,0.13,0.0,0.13,Stefan Mitrović,Getafe,DF,33,rs SRB,La Liga,2324,1,1,5,3,0,13,2,fbref_cache,0.12820512820512822,0.0,0.12820512820512822,0.12820512820512822,0.12820512820512822,0.0,0.6410256410256411,0.38461538461538464,1.6666666666666667,0.25641025641025644,DF,7.11,250
1688.0,32,18.8,2,6,8,0.11,0.32,0.43,Luka Modrić,Real Madrid,MF,37,hr CRO,La Liga,2324,25,10,19,15,90,19,21,fbref_cache,0.10638297872340426,0.3191489361702127,0.425531914893617,1.3297872340425532,0.5319148936170213,4.787234042553191,1.0106382978723405,0.7978723404255319,1.0106382978723405,1.1170212765957446,MF,6.41,251
2041.0,30,22.7,0,3,3,0.0,0.13,0.13,Johan Mojica,Osasuna,"DF,MF",30,co COL,La Liga,2324,17,1,23,22,115,22,19,fbref_cache,0.0,0.13215859030837004,0.13215859030837004,0.748898678414097,0.04405286343612335,5.066079295154185,1.013215859030837,0.9691629955947136,0.9691629955947136,0.8370044052863437,DF,10.19,252
1803.0,28,20.0,3,3,6,0.15,0.15,0.3,Alberto Moleiro,Las Palmas,"MF,FW",19,es ESP,La Liga,2324,33,10,7,6,27,17,18,fbref_cache,0.15,0.15,0.3,1.65,0.5,1.35,0.35,0.3,0.85,0.9,MF,24.57,253
1852.0,30,20.6,2,3,5,0.1,0.15,0.24,Nahuel Molina,Atlético Madrid,"MF,DF",25,ar ARG,La Liga,2324,12,5,8,22,87,20,16,fbref_cache,0.0970873786407767,0.14563106796116504,0.24271844660194172,0.5825242718446602,0.24271844660194172,4.223300970873786,0.3883495145631068,1.0679611650485437,0.9708737864077669,0.7766990291262136,MF,16.78,254
1800.0,33,20.0,1,3,4,0.05,0.15,0.2,Jon Moncayola,Osasuna,MF,25,es ESP,La Liga,2324,16,5,16,19,88,24,8,fbref_cache,0.05,0.15,0.2,0.8,0.25,4.4,0.8,0.95,1.2,0.4,MF,16.2,255
1788.0,21,19.9,0,0,0,0.0,0.0,0.0,César Montes,Almería,DF,26,mx MEX,La Liga,2324,13,2,10,15,3,22,11,fbref_cache,0.0,0.0,0.0,0.6532663316582915,0.10050251256281408,0.15075376884422112,0.5025125628140704,0.7537688442211056,1.105527638190955,0.5527638190954774,DF,12.6,256
1904.0,32,21.2,15,3,18,0.71,0.14,0.85,Álvaro Morata,Atlético Madrid,FW,30,es ESP,La Liga,2324,67,34,1,10,10,33,36,fbref_cache,0.7075471698113208,0.14150943396226415,0.8490566037735849,3.160377358490566,1.6037735849056605,0.4716981132075472,0.04716981132075472,0.4716981132075472,1.5566037735849056,1.6981132075471699,FW,16.64,257
1484.0,27,16.5,2,2,4,0.12,0.12,0.24,Alberto Moreno,Villarreal,DF,31,es ESP,La Liga,2324,17,5,21,20,50,24,14,fbref_cache,0.12121212121212122,0.12121212121212122,0.24242424242424243,1.0303030303030303,0.30303030303030304,3.0303030303030303,1.2727272727272727,1.2121212121212122,1.4545454545454546,0.8484848484848485,DF,10.06,258
2215.0,30,24.6,10,6,16,0.41,0.24,0.65,Gerard Moreno,Villarreal,FW,31,es ESP,La Liga,2324,63,21,9,11,28,22,38,fbref_cache,0.4065040650406504,0.24390243902439024,0.6504065040650406,2.5609756097560976,0.8536585365853658,1.1382113821138211,0.36585365853658536,0.44715447154471544,0.8943089430894309,1.5447154471544715,FW,13.37,259
605.0,14,6.7,0,2,2,0.0,0.3,0.3,Ilaix Moriba,Getafe,MF,20,gn GUI,La Liga,2324,4,1,5,12,2,19,23,fbref_cache,0.0,0.29850746268656714,0.29850746268656714,0.5970149253731343,0.14925373134328357,0.29850746268656714,0.7462686567164178,1.791044776119403,2.835820895522388,3.432835820895522,MF,23.37,260
1615.0,35,17.9,0,2,2,0.0,0.11,0.11,Manu Morlanes,Mallorca,MF,24,es ESP,La Liga,2324,11,4,18,28,19,15,24,fbref_cache,0.0,0.111731843575419,0.111731843575419,0.6145251396648045,0.223463687150838,1.0614525139664805,1.005586592178771,1.564245810055866,0.8379888268156426,1.340782122905028,MF,16.01,261
3075.0,36,34.2,0,0,0,0.0,0.0,0.0,Cristhian Mosquera,Valencia,DF,19,es ESP,La Liga,2324,9,2,33,34,1,25,27,fbref_cache,0.0,0.0,0.0,0.2631578947368421,0.05847953216374269,0.029239766081871343,0.9649122807017543,0.9941520467836257,0.7309941520467835,0.7894736842105262,DF,18.9,262
1229.0,16,13.7,2,1,3,0.15,0.07,0.22,Yerson Mosquera,Villarreal,DF,22,co COL,La Liga,2324,10,4,18,14,7,14,27,fbref_cache,0.14598540145985403,0.07299270072992702,0.21897810218978103,0.7299270072992701,0.29197080291970806,0.5109489051094891,1.3138686131386863,1.0218978102189782,1.0218978102189782,1.9708029197080292,DF,19.75,263
1694.0,20,18.8,1,0,1,0.05,0.0,0.05,Abdul Mumin,Rayo Vallecano,DF,25,gh GHA,La Liga,2324,6,1,18,10,2,15,16,fbref_cache,0.05319148936170213,0.0,0.05319148936170213,0.3191489361702127,0.05319148936170213,0.10638297872340426,0.9574468085106382,0.5319148936170213,0.7978723404255319,0.851063829787234,DF,14.22,264
594.0,20,6.6,2,0,2,0.3,0.0,0.3,Iker Muniain,Athletic Club,MF,30,es ESP,La Liga,2324,13,7,0,1,33,5,11,fbref_cache,0.30303030303030304,0.0,0.30303030303030304,1.9696969696969697,1.0606060606060606,5.0,0.0,0.15151515151515152,0.7575757575757576,1.6666666666666667,MF,11.73,265
1127.0,21,12.5,0,2,2,0.0,0.16,0.16,Aihen Muñoz,Real Sociedad,DF,25,es ESP,La Liga,2324,7,2,7,22,29,18,7,fbref_cache,0.0,0.16,0.16,0.56,0.16,2.32,0.56,1.76,1.44,0.56,DF,15.66,266
1854.0,28,20.6,4,0,4,0.19,0.0,0.19,Iker Muñoz,Osasuna,MF,20,es ESP,La Liga,2324,23,6,11,17,13,37,55,fbref_cache,0.1941747572815534,0.0,0.1941747572815534,1.116504854368932,0.2912621359223301,0.6310679611650485,0.5339805825242718,0.8252427184466019,1.7961165048543688,2.669902912621359,MF,21.5,267
2640.0,37,29.3,2,3,5,0.07,0.1,0.17,Javier Muñoz,Las Palmas,MF,28,es ESP,La Liga,2324,38,9,20,23,47,37,16,fbref_cache,0.06825938566552901,0.10238907849829351,0.1706484641638225,1.2969283276450512,0.30716723549488056,1.6040955631399316,0.68259385665529,0.7849829351535836,1.2627986348122866,0.5460750853242321,MF,12.64,268
2327.0,29,25.9,7,2,9,0.27,0.08,0.35,Vedat Muriqi,Mallorca,FW,29,xk KVX,La Liga,2324,66,25,6,6,11,39,43,fbref_cache,0.2702702702702703,0.07722007722007722,0.3474903474903475,2.5482625482625485,0.9652509652509653,0.42471042471042475,0.23166023166023167,0.23166023166023167,1.505791505791506,1.6602316602316602,FW,13.34,269
1746.0,29,19.4,0,1,1,0.0,0.05,0.05,Nacho,Real Madrid,DF,33,es ESP,La Liga,2324,5,1,19,11,3,21,13,fbref_cache,0.0,0.051546391752577324,0.051546391752577324,0.2577319587628866,0.051546391752577324,0.15463917525773196,0.9793814432989691,0.5670103092783506,1.0824742268041239,0.6701030927835052,DF,6.62,270
2258.0,26,25.1,2,0,2,0.08,0.0,0.08,Matija Nastasić,Mallorca,DF,30,rs SRB,La Liga,2324,8,2,27,17,5,33,7,fbref_cache,0.0796812749003984,0.0,0.0796812749003984,0.3187250996015936,0.0796812749003984,0.199203187250996,1.0756972111553784,0.6772908366533864,1.3147410358565736,0.2788844621513944,DF,9.72,271
1888.0,28,21.0,1,1,2,0.05,0.05,0.1,Roberto Navarro,Cádiz,MF,21,es ESP,La Liga,2324,30,9,16,29,96,15,27,fbref_cache,0.047619047619047616,0.047619047619047616,0.09523809523809523,1.4285714285714286,0.42857142857142855,4.571428571428571,0.7619047619047619,1.380952380952381,0.7142857142857143,1.2857142857142858,MF,18.73,272
2003.0,29,22.3,0,2,2,0.0,0.09,0.09,Jesús Navas,Sevilla,"DF,MF",37,es ESP,La Liga,2324,7,2,23,26,142,12,11,fbref_cache,0.0,0.08968609865470852,0.08968609865470852,0.3139013452914798,0.08968609865470852,6.367713004484305,1.0313901345291479,1.1659192825112108,0.5381165919282511,0.49327354260089684,DF,4.9,273
3146.0,36,35.0,0,2,2,0.0,0.06,0.06,Carlos Neva,Granada,DF,27,es ESP,La Liga,2324,4,0,31,19,86,22,44,fbref_cache,0.0,0.05714285714285714,0.05714285714285714,0.11428571428571428,0.0,2.4571428571428573,0.8857142857142857,0.5428571428571428,0.6285714285714286,1.2571428571428571,DF,12.37,274
1374.0,34,15.3,1,4,5,0.07,0.26,0.33,Saúl Ñíguez,Atlético Madrid,MF,28,es ESP,La Liga,2324,16,4,15,39,16,42,14,fbref_cache,0.06535947712418301,0.26143790849673204,0.32679738562091504,1.0457516339869282,0.26143790849673204,1.0457516339869282,0.9803921568627451,2.549019607843137,2.7450980392156863,0.9150326797385621,MF,14.33,275
572.0,16,6.4,1,1,2,0.16,0.16,0.31,Randy Nteka,Rayo Vallecano,FW,25,ao ANG,La Liga,2324,15,6,3,4,3,19,14,fbref_cache,0.15625,0.15625,0.3125,2.34375,0.9375,0.46875,0.46875,0.625,2.96875,2.1875,FW,17.72,276
2801.0,34,31.1,1,0,1,0.03,0.0,0.03,Unai Núñez,Celta Vigo,DF,26,es ESP,La Liga,2324,22,5,49,30,2,37,24,fbref_cache,0.03215434083601286,0.0,0.03215434083601286,0.7073954983922829,0.1607717041800643,0.06430868167202572,1.5755627009646302,0.9646302250803858,1.1897106109324758,0.7717041800643086,DF,13.01,277
2160.0,24,24.0,0,0,0,0.0,0.0,0.0,Ørjan Nyland,Sevilla,GK,32,no NOR,La Liga,2324,0,0,0,0,0,0,2,fbref_cache,0.0,0.0,0.0,0.0,0.0,0.0,0.0,0.0,0.0,0.08333333333333333,GK,7.2,278
3420.0,38,38.0,0,0,0,0.0,0.0,0.0,Jan Oblak,Atlético Madrid,GK,30,si SVN,La Liga,2324,0,0,0,0,0,0,2,fbref_cache,0.0,0.0,0.0,0.0,0.0,0.0,0.0,0.0,0.0,0.05263157894736842,GK,9.0,279
2871.0,35,31.9,4,3,7,0.13,0.09,0.22,Lucas Ocampos,Sevilla,"MF,FW",29,ar ARG,La Liga,2324,64,24,20,47,122,32,71,fbref_cache,0.12539184952978058,0.09404388714733543,0.219435736677116,2.0062695924764893,0.7523510971786834,3.824451410658307,0.6269592476489029,1.4733542319749218,1.0031347962382446,2.2257053291536053,MF,12.07,280
1918.0,34,21.3,8,1,9,0.38,0.05,0.42,Samu Omorodion,Alavés,FW,19,es ESP,La Liga,2324,64,25,1,3,2,30,30,fbref_cache,0.3755868544600939,0.046948356807511735,0.4225352112676056,3.004694835680751,1.1737089201877935,0.09389671361502347,0.046948356807511735,0.14084507042253522,1.408450704225352,1.408450704225352,FW,26.89,281
2339.0,33,26.0,2,1,3,0.08,0.04,0.12,Aimar Oroz,Osasuna,MF,21,es ESP,La Liga,2324,25,6,16,27,10,39,46,fbref_cache,0.07692307692307693,0.038461538461538464,0.11538461538461539,0.9615384615384616,0.23076923076923078,0.38461538461538464,0.6153846153846154,1.0384615384615385,1.5,1.7692307692307692,MF,19.07,282
2156.0,33,24.0,9,3,12,0.38,0.13,0.5,Mikel Oyarzabal,Real Sociedad,"FW,MF",26,es ESP,La Liga,2324,40,19,4,18,10,20,20,fbref_cache,0.375,0.125,0.5,1.6666666666666667,0.7916666666666666,0.4166666666666667,0.16666666666666666,0.75,0.8333333333333334,0.8333333333333334,FW,18.9,283
1598.0,23,17.8,0,0,0,0.0,0.0,0.0,Cenk Özkacar,Valencia,DF,22,tr TUR,La Liga,2324,6,3,18,14,6,13,8,fbref_cache,0.0,0.0,0.0,0.33707865168539325,0.16853932584269662,0.33707865168539325,1.0112359550561798,0.7865168539325842,0.7303370786516854,0.449438202247191,DF,16.2,284
1526.0,23,17.0,1,1,2,0.06,0.06,0.12,Jon Pacheco,Real Sociedad,DF,22,es ESP,La Liga,2324,6,3,10,18,1,29,1,fbref_cache,0.058823529411764705,0.058823529411764705,0.11764705882352941,0.35294117647058826,0.17647058823529413,0.058823529411764705,0.5882352941176471,1.0588235294117647,1.7058823529411764,0.058823529411764705,DF,18.11,285
2791.0,37,31.0,4,1,5,0.13,0.03,0.16,Isaac Palazón Camacho,Rayo Vallecano,MF,28,es ESP,La Liga,2324,72,33,19,28,130,32,76,fbref_cache,0.12903225806451613,0.03225806451612903,0.16129032258064516,2.3225806451612905,1.064516129032258,4.193548387096774,0.6129032258064516,0.9032258064516129,1.032258064516129,2.4516129032258065,MF,12.54,286
1136.0,15,12.6,0,0,0,0.0,0.0,0.0,Sokratis Papastathopoulos,Real Betis,DF,35,gr GRE,La Liga,2324,2,1,6,15,0,13,6,fbref_cache,0.0,0.0,0.0,0.15873015873015872,0.07936507936507936,0.0,0.4761904761904762,1.1904761904761905,1.0317460317460319,0.4761904761904762,DF,4.5,287
2704.0,34,30.0,1,0,1,0.03,0.0,0.03,Aitor Paredes,Athletic Club,DF,23,es ESP,La Liga,2324,13,3,31,12,1,37,11,fbref_cache,0.03333333333333333,0.0,0.03333333333333333,0.43333333333333335,0.1,0.03333333333333333,1.0333333333333334,0.4,1.2333333333333334,0.36666666666666664,DF,15.81,288
2580.0,33,28.7,3,5,8,0.1,0.17,0.28,Daniel Parejo,Villarreal,MF,34,es ESP,La Liga,2324,12,6,20,31,57,18,51,fbref_cache,0.10452961672473868,0.17421602787456447,0.2787456445993031,0.4181184668989547,0.20905923344947736,1.986062717770035,0.6968641114982579,1.0801393728222997,0.6271777003484321,1.7770034843205575,MF,6.91,289
1398.0,18,15.5,0,0,0,0.0,0.0,0.0,Gabriel Paulista,Valencia,DF,32,br BRA,La Liga,2324,7,0,23,6,0,11,4,fbref_cache,0.0,0.0,0.0,0.45161290322580644,0.0,0.0,1.4838709677419355,0.3870967741935484,0.7096774193548387,0.25806451612903225,DF,7.2,290
1116.0,19,12.4,1,3,4,0.08,0.24,0.32,Alfonso Pedraza,Villarreal,DF,27,es ESP,La Liga,2324,9,4,12,10,58,14,17,fbref_cache,0.08064516129032258,0.24193548387096772,0.3225806451612903,0.7258064516129032,0.3225806451612903,4.67741935483871,0.9677419354838709,0.8064516129032258,1.129032258064516,1.3709677419354838,DF,15.47,291
1476.0,24,16.4,4,2,6,0.24,0.12,0.37,Pedri,Barcelona,"MF,FW",20,es ESP,La Liga,2324,15,7,14,22,9,11,22,fbref_cache,0.24390243902439027,0.12195121951219513,0.3658536585365854,0.9146341463414634,0.426829268292683,0.5487804878048781,0.853658536585366,1.3414634146341464,0.6707317073170732,1.3414634146341464,MF,24.59,292
1753.0,31,19.5,1,4,5,0.05,0.21,0.26,Adrià Pedrosa,Sevilla,"DF,MF",25,es ESP,La Liga,2324,16,4,13,26,111,6,32,fbref_cache,0.05128205128205128,0.20512820512820512,0.2564102564102564,0.8205128205128205,0.20512820512820512,5.6923076923076925,0.6666666666666666,1.3333333333333333,0.3076923076923077,1.641025641025641,DF,16.96,293
504.0,17,5.6,2,0,2,0.36,0.0,0.36,Pejiño,Las Palmas,"MF,FW",27,es ESP,La Liga,2324,17,8,2,9,31,6,4,fbref_cache,0.35714285714285715,0.0,0.35714285714285715,3.035714285714286,1.4285714285714286,5.5357142857142865,0.35714285714285715,1.6071428571428572,1.0714285714285714,0.7142857142857143,MF,15.88,294
1232.0,15,13.7,2,1,3,0.15,0.07,0.22,Facundo Pellistri,Granada,"MF,FW",21,uy URU,La Liga,2324,17,6,4,19,30,21,21,fbref_cache,0.14598540145985403,0.07299270072992702,0.21897810218978103,1.2408759124087592,0.43795620437956206,2.18978102189781,0.29197080291970806,1.3868613138686132,1.5328467153284673,1.5328467153284673,MF,20.84,295
900.0,10,10.0,0,0,0,0.0,0.0,0.0,Iñaki Peña,Barcelona,GK,24,es ESP,La Liga,2324,0,0,0,0,0,0,1,fbref_cache,0.0,0.0,0.0,0.0,0.0,0.0,0.0,0.0,0.0,0.1,GK,14.4,296
2088.0,29,23.2,0,2,2,0.0,0.09,0.09,Rubén Peña,Osasuna,"DF,MF",32,es ESP,La Liga,2324,17,5,29,22,111,28,23,fbref_cache,0.0,0.08620689655172414,0.08620689655172414,0.7327586206896552,0.21551724137931036,4.7844827586206895,1.25,0.9482758620689655,1.206896551724138,0.9913793103448276,DF,7.82,297
2294.0,31,25.5,9,1,10,0.35,0.04,0.39,Ayoze Pérez,Real Betis,"MF,FW",30,es ESP,La Liga,2324,68,26,21,34,19,36,48,fbref_cache,0.35294117647058826,0.0392156862745098,0.39215686274509803,2.6666666666666665,1.0196078431372548,0.7450980392156863,0.8235294117647058,1.3333333333333333,1.411764705882353,1.8823529411764706,MF,12.53,298
772.0,16,8.6,1,1,2,0.12,0.12,0.23,Carles Pérez,Celta Vigo,MF,25,es ESP,La Liga,2324,24,6,5,5,18,15,12,fbref_cache,0.11627906976744186,0.11627906976744186,0.23255813953488372,2.7906976744186047,0.6976744186046512,2.0930232558139537,0.5813953488372093,0.5813953488372093,1.744186046511628,1.3953488372093024,MF,16.64,299
2049.0,32,22.8,1,4,5,0.04,0.18,0.22,Francisco Perez,Valencia,MF,20,es ESP,La Liga,2324,20,2,15,17,52,31,23,fbref_cache,0.043859649122807015,0.17543859649122806,0.21929824561403508,0.8771929824561403,0.08771929824561403,2.280701754385965,0.6578947368421052,0.7456140350877193,1.3596491228070176,1.0087719298245614,MF,21.95,300
835.0,24,9.3,1,0,1,0.11,0.0,0.11,Kike Pérez,Rayo Vallecano,"MF,FW",26,es ESP,La Liga,2324,13,6,8,13,18,42,34,fbref_cache,0.1075268817204301,0.0,0.1075268817204301,1.3978494623655913,0.6451612903225806,1.9354838709677418,0.8602150537634408,1.3978494623655913,4.516129032258064,3.6559139784946235,MF,13.95,301
1623.0,29,18.0,0,0,0,0.0,0.0,0.0,Máximo Perrone,Las Palmas,MF,20,ar ARG,La Liga,2324,7,3,24,19,0,27,16,fbref_cache,0.0,0.0,0.0,0.3888888888888889,0.16666666666666666,0.0,1.3333333333333333,1.0555555555555556,1.5,0.8888888888888888,MF,18.0,302
2767.0,32,30.7,1,0,1,0.03,0.0,0.03,Germán Pezzella,Real Betis,DF,32,ar ARG,La Liga,2324,23,5,32,24,2,22,13,fbref_cache,0.03257328990228013,0.0,0.03257328990228013,0.749185667752443,0.16286644951140067,0.06514657980456026,1.0423452768729642,0.7817589576547231,0.7166123778501629,0.4234527687296417,DF,7.43,303
505.0,9,5.6,0,0,0,0.0,0.0,0.0,Kamil Piątkowski,Granada,DF,23,pl POL,La Liga,2324,4,2,8,10,2,3,3,fbref_cache,0.0,0.0,0.0,0.7142857142857143,0.35714285714285715,0.35714285714285715,1.4285714285714286,1.7857142857142858,0.5357142857142857,0.5357142857142857,DF,15.3,304
475.0,7,5.3,0,0,0,0.0,0.0,0.0,Yéremy Pino,Villarreal,"MF,FW",20,es ESP,La Liga,2324,9,4,5,18,7,22,9,fbref_cache,0.0,0.0,0.0,1.6981132075471699,0.7547169811320755,1.3207547169811322,0.9433962264150944,3.3962264150943398,4.150943396226415,1.6981132075471699,MF,18.0,305
1188.0,33,13.2,7,5,12,0.53,0.38,0.91,Portu,Girona,"MF,FW",31,es ESP,La Liga,2324,21,11,4,13,18,18,16,fbref_cache,0.5303030303030303,0.3787878787878788,0.9090909090909092,1.590909090909091,0.8333333333333334,1.3636363636363638,0.30303030303030304,0.9848484848484849,1.3636363636363638,1.2121212121212122,MF,15.46,306
976.0,21,10.8,0,0,0,0.0,0.0,0.0,Alejandro Pozo Pozo,Almería,"DF,MF",24,es ESP,La Liga,2324,4,2,7,13,41,16,6,fbref_cache,0.0,0.0,0.0,0.37037037037037035,0.18518518518518517,3.796296296296296,0.6481481481481481,1.2037037037037037,1.4814814814814814,0.5555555555555555,DF,14.4,307
1449.0,26,16.1,0,0,0,0.0,0.0,0.0,Beñat Prados,Athletic Club,MF,22,es ESP,La Liga,2324,7,4,23,28,10,29,24,fbref_cache,0.0,0.0,0.0,0.43478260869565216,0.24844720496894407,0.6211180124223602,1.4285714285714284,1.7391304347826086,1.8012422360248446,1.4906832298136645,MF,16.2,308
1270.0,34,14.1,6,1,7,0.43,0.07,0.5,Abdón Prats,Mallorca,FW,30,es ESP,La Liga,2324,33,14,2,4,8,18,18,fbref_cache,0.425531914893617,0.07092198581560284,0.49645390070921985,2.3404255319148937,0.9929078014184397,0.5673758865248227,0.14184397163120568,0.28368794326241137,1.2765957446808511,1.2765957446808511,FW,13.47,309
1883.0,23,20.9,1,3,4,0.05,0.14,0.19,Marc Pubill,Almería,DF,20,es ESP,La Liga,2324,20,5,14,26,67,21,34,fbref_cache,0.04784688995215311,0.14354066985645933,0.19138755980861244,0.9569377990430623,0.23923444976076558,3.2057416267942584,0.6698564593301436,1.244019138755981,1.0047846889952154,1.6267942583732058,DF,21.44,310
730.0,27,8.1,0,2,2,0.0,0.25,0.25,Antonio Puertas,Granada,"MF,FW",31,es ESP,La Liga,2324,19,5,7,7,20,19,12,fbref_cache,0.0,0.2469135802469136,0.2469135802469136,2.345679012345679,0.617283950617284,2.469135802469136,0.8641975308641976,0.8641975308641976,2.345679012345679,1.4814814814814816,MF,10.1,311
569.0,9,6.3,0,0,0,0.0,0.0,0.0,Aleksandar Radovanović,Almería,DF,29,rs SRB,La Liga,2324,1,0,11,7,0,7,2,fbref_cache,0.0,0.0,0.0,0.15873015873015872,0.0,0.0,1.746031746031746,1.1111111111111112,1.1111111111111112,0.31746031746031744,DF,9.9,312
2195.0,26,24.4,3,2,5,0.12,0.08,0.21,Antonio Raillo,Mallorca,DF,31,es ESP,La Liga,2324,29,9,36,23,2,32,8,fbref_cache,0.12295081967213116,0.0819672131147541,0.20491803278688525,1.1885245901639345,0.36885245901639346,0.0819672131147541,1.4754098360655739,0.9426229508196722,1.3114754098360657,0.3278688524590164,DF,9.76,313
3240.0,36,36.0,0,0,0,0.0,0.0,0.0,Predrag Rajković,Mallorca,GK,27,rs SRB,La Liga,2324,0,0,0,2,0,1,4,fbref_cache,0.0,0.0,0.0,0.0,0.0,0.0,0.0,0.05555555555555555,0.027777777777777776,0.1111111111111111,GK,11.7,314
1425.0,18,15.8,2,1,3,0.13,0.06,0.19,Ivan Rakitić,Sevilla,MF,35,hr CRO,La Liga,2324,32,8,13,16,130,16,19,fbref_cache,0.12658227848101264,0.06329113924050632,0.18987341772151897,2.0253164556962022,0.5063291139240506,8.227848101265822,0.8227848101265822,1.0126582278481011,1.0126582278481011,1.2025316455696202,MF,5.35,315
1555.0,29,17.3,3,5,8,0.17,0.29,0.46,Largie Ramazani,Almería,"MF,FW",22,be BEL,La Liga,2324,40,13,35,7,31,27,24,fbref_cache,0.17341040462427745,0.2890173410404624,0.4624277456647399,2.312138728323699,0.7514450867052023,1.791907514450867,2.0231213872832368,0.40462427745664736,1.560693641618497,1.3872832369942196,MF,23.69,316
1808.0,27,20.1,1,3,4,0.05,0.15,0.2,Sandro Ramírez,Las Palmas,"FW,MF",28,es ESP,La Liga,2324,52,19,4,7,87,20,36,fbref_cache,0.04975124378109452,0.14925373134328357,0.1990049751243781,2.587064676616915,0.9452736318407959,4.3283582089552235,0.1990049751243781,0.34825870646766166,0.9950248756218905,1.7910447761194028,FW,12.95,317
2612.0,37,29.0,5,1,6,0.17,0.03,0.21,Chris Ramos,Cádiz,FW,26,es ESP,La Liga,2324,76,27,9,13,12,61,46,fbref_cache,0.1724137931034483,0.034482758620689655,0.20689655172413793,2.6206896551724137,0.9310344827586207,0.41379310344827586,0.3103448275862069,0.4482758620689655,2.103448275862069,1.5862068965517242,FW,15.21,318
2517.0,28,28.0,3,0,3,0.11,0.0,0.11,Sergio Ramos,Sevilla,DF,37,es ESP,La Liga,2324,28,11,39,30,2,27,22,fbref_cache,0.10714285714285714,0.0,0.10714285714285714,1.0,0.39285714285714285,0.07142857142857142,1.3928571428571428,1.0714285714285714,0.9642857142857143,0.7857142857142857,DF,4.98,319
1368.0,28,15.2,6,9,15,0.39,0.59,0.99,Raphinha,Barcelona,"FW,MF",26,br BRA,La Liga,2324,59,22,13,8,81,17,25,fbref_cache,0.39473684210526316,0.5921052631578948,0.986842105263158,3.8815789473684212,1.4473684210526316,5.328947368421053,0.8552631578947368,0.5263157894736842,1.118421052631579,1.6447368421052633,FW,25.03,320
630.0,12,7.0,0,0,0,0.0,0.0,0.0,Andrei Ratiu,Rayo Vallecano,"DF,MF",25,ro ROU,La Liga,2324,6,1,1,5,18,2,4,fbref_cache,0.0,0.0,0.0,0.8571428571428571,0.14285714285714285,2.5714285714285716,0.14285714285714285,0.7142857142857143,0.2857142857142857,0.5714285714285714,DF,13.5,321
1355.0,35,15.1,6,1,7,0.4,0.07,0.46,Raúl,Osasuna,FW,22,es ESP,La Liga,2324,33,12,5,4,6,13,12,fbref_cache,0.3973509933774835,0.06622516556291391,0.4635761589403974,2.185430463576159,0.794701986754967,0.3973509933774835,0.33112582781456956,0.26490066225165565,0.8609271523178809,0.794701986754967,FW,23.71,322
722.0,23,8.0,1,0,1,0.12,0.0,0.12,Abde Rebbach,Alavés,MF,24,dz ALG,La Liga,2324,17,4,4,5,63,13,10,fbref_cache,0.125,0.0,0.125,2.125,0.5,7.875,0.5,0.625,1.625,1.25,MF,16.2,323
3275.0,37,36.4,0,0,0,0.0,0.0,0.0,Álex Remiro,Real Sociedad,GK,28,es ESP,La Liga,2324,0,0,0,0,0,1,4,fbref_cache,0.0,0.0,0.0,0.0,0.0,0.0,0.0,0.0,0.027472527472527472,0.10989010989010989,GK,10.8,324
2164.0,26,24.0,0,0,0,0.0,0.0,0.0,Chadi Riad,Real Betis,DF,20,ma MAR,La Liga,2324,11,5,22,23,0,16,7,fbref_cache,0.0,0.0,0.0,0.4583333333333333,0.20833333333333334,0.0,0.9166666666666666,0.9583333333333334,0.6666666666666666,0.2916666666666667,DF,18.0,325
2535.0,32,28.2,0,7,7,0.0,0.25,0.25,Diego Rico,Getafe,DF,30,es ESP,La Liga,2324,18,5,39,46,132,32,56,fbref_cache,0.0,0.24822695035460993,0.24822695035460993,0.6382978723404256,0.1773049645390071,4.680851063829787,1.3829787234042554,1.6312056737588654,1.1347517730496455,1.9858156028368794,DF,11.23,326
2498.0,37,27.8,5,4,9,0.18,0.14,0.32,Luis Rioja,Alavés,MF,29,es ESP,La Liga,2324,57,19,17,19,175,23,18,fbref_cache,0.17985611510791366,0.14388489208633093,0.3237410071942446,2.050359712230216,0.6834532374100719,6.294964028776978,0.6115107913669064,0.6834532374100719,0.8273381294964028,0.6474820143884892,MF,13.11,327
1528.0,34,17.0,3,5,8,0.18,0.29,0.47,Rodrigo Riquelme,Atlético Madrid,"MF,DF",23,es ESP,La Liga,2324,37,16,9,19,63,11,28,fbref_cache,0.17647058823529413,0.29411764705882354,0.47058823529411764,2.176470588235294,0.9411764705882353,3.7058823529411766,0.5294117647058824,1.1176470588235294,0.6470588235294118,1.6470588235294117,MF,22.5,328
808.0,12,9.0,0,0,0,0.0,0.0,0.0,Mihailo Ristić,Celta Vigo,"DF,MF",27,rs SRB,La Liga,2324,10,4,11,8,39,12,14,fbref_cache,0.0,0.0,0.0,1.1111111111111112,0.4444444444444444,4.333333333333333,1.2222222222222223,0.8888888888888888,1.3333333333333333,1.5555555555555556,DF,11.7,329
860.0,14,9.6,3,2,5,0.31,0.21,0.52,Sergi Roberto,Barcelona,"MF,DF",31,es ESP,La Liga,2324,10,4,8,11,9,8,7,fbref_cache,0.3125,0.20833333333333334,0.5208333333333334,1.0416666666666667,0.4166666666666667,0.9375,0.8333333333333334,1.1458333333333335,0.8333333333333334,0.7291666666666667,MF,12.32,330
2381.0,33,26.5,0,5,5,0.0,0.19,0.19,Lucas Robertone,Almería,MF,26,ar ARG,La Liga,2324,37,13,47,35,65,38,54,fbref_cache,0.0,0.18867924528301888,0.18867924528301888,1.3962264150943395,0.49056603773584906,2.452830188679245,1.7735849056603774,1.320754716981132,1.4339622641509433,2.0377358490566038,MF,14.98,331
1980.0,26,22.0,2,2,4,0.09,0.09,0.18,Marc Roca,Real Betis,MF,26,es ESP,La Liga,2324,20,7,17,37,24,46,23,fbref_cache,0.09090909090909091,0.09090909090909091,0.18181818181818182,0.9090909090909091,0.3181818181818182,1.0909090909090908,0.7727272727272727,1.6818181818181819,2.090909090909091,1.0454545454545454,MF,14.89,332
1051.0,29,11.7,0,0,0,0.0,0.0,0.0,Rodri,Real Betis,MF,23,es ESP,La Liga,2324,18,5,8,11,36,6,29,fbref_cache,0.0,0.0,0.0,1.5384615384615385,0.4273504273504274,3.076923076923077,0.6837606837606838,0.9401709401709403,0.5128205128205129,2.4786324786324787,MF,15.3,333
967.0,24,10.7,2,1,3,0.19,0.09,0.28,Óscar Rodríguez Arnaiz,Getafe,"MF,FW",25,es ESP,La Liga,2324,34,10,6,12,17,20,15,fbref_cache,0.1869158878504673,0.09345794392523366,0.28037383177570097,3.1775700934579443,0.9345794392523366,1.5887850467289721,0.5607476635514019,1.1214953271028039,1.869158878504673,1.4018691588785048,MF,17.29,334
2615.0,36,29.1,2,4,6,0.07,0.14,0.21,Dani Rodríguez,Mallorca,MF,35,es ESP,La Liga,2324,27,4,14,26,166,61,43,fbref_cache,0.06872852233676975,0.1374570446735395,0.20618556701030927,0.9278350515463917,0.1374570446735395,5.70446735395189,0.4810996563573883,0.8934707903780068,2.0962199312714778,1.4776632302405497,MF,5.43,335
1846.0,24,20.5,2,0,2,0.1,0.0,0.1,Guido Rodríguez,Real Betis,MF,29,ar ARG,La Liga,2324,18,7,29,30,6,23,35,fbref_cache,0.0975609756097561,0.0,0.0975609756097561,0.8780487804878049,0.34146341463414637,0.2926829268292683,1.4146341463414633,1.4634146341463414,1.1219512195121952,1.7073170731707317,MF,10.87,336
3211.0,37,35.7,6,2,8,0.17,0.06,0.22,Kirian Rodríguez,Las Palmas,MF,27,es ESP,La Liga,2324,43,14,26,33,25,23,37,fbref_cache,0.1680672268907563,0.05602240896358543,0.22408963585434172,1.2044817927170868,0.39215686274509803,0.7002801120448179,0.7282913165266106,0.9243697478991596,0.6442577030812324,1.0364145658263304,MF,14.32,337
2380.0,34,26.4,10,5,15,0.38,0.19,0.57,Rodrygo,Real Madrid,FW,22,br BRA,La Liga,2324,87,36,8,15,31,10,46,fbref_cache,0.3787878787878788,0.1893939393939394,0.5681818181818182,3.2954545454545454,1.3636363636363638,1.1742424242424243,0.30303030303030304,0.5681818181818182,0.3787878787878788,1.7424242424242424,FW,25.4,338
1039.0,14,11.5,4,4,8,0.35,0.35,0.69,Isaac Romero,Sevilla,FW,23,es ESP,La Liga,2324,42,17,0,3,11,28,17,fbref_cache,0.34782608695652173,0.34782608695652173,0.6956521739130435,3.652173913043478,1.4782608695652173,0.9565217391304348,0.0,0.2608695652173913,2.4347826086956523,1.4782608695652173,FW,25.94,339
936.0,28,10.4,0,1,1,0.0,0.1,0.1,Oriol Romeu,Barcelona,MF,31,es ESP,La Liga,2324,10,2,11,22,7,15,11,fbref_cache,0.0,0.09615384615384615,0.09615384615384615,0.9615384615384615,0.1923076923076923,0.673076923076923,1.0576923076923077,2.1153846153846154,1.4423076923076923,1.0576923076923077,MF,8.88,340
2709.0,33,30.1,1,0,1,0.03,0.0,0.03,Antonio Rüdiger,Real Madrid,DF,30,de GER,La Liga,2324,19,2,12,17,4,26,5,fbref_cache,0.03322259136212624,0.0,0.03322259136212624,0.6312292358803986,0.06644518272425248,0.13289036544850497,0.39867109634551495,0.5647840531561461,0.8637873754152824,0.16611295681063123,DF,9.3,341
1017.0,18,11.3,2,1,3,0.18,0.09,0.27,Aitor Ruibal,Real Betis,"DF,MF",27,es ESP,La Liga,2324,13,2,14,27,28,16,13,fbref_cache,0.17699115044247787,0.08849557522123894,0.2654867256637168,1.1504424778761062,0.17699115044247787,2.47787610619469,1.238938053097345,2.389380530973451,1.415929203539823,1.1504424778761062,DF,14.81,342
2494.0,35,27.7,0,4,4,0.0,0.14,0.14,Sergio Ruiz,Granada,MF,28,es ESP,La Liga,2324,13,1,27,47,17,44,66,fbref_cache,0.0,0.1444043321299639,0.1444043321299639,0.4693140794223827,0.036101083032490974,0.6137184115523466,0.9747292418772563,1.696750902527076,1.588447653429603,2.3826714801444044,MF,12.36,343
1046.0,12,11.6,0,1,1,0.0,0.09,0.09,Youssouf Sabaly,Real Betis,DF,30,sn SEN,La Liga,2324,4,0,11,8,27,9,6,fbref_cache,0.0,0.08620689655172414,0.08620689655172414,0.3448275862068966,0.0,2.3275862068965516,0.9482758620689655,0.6896551724137931,0.7758620689655172,0.5172413793103449,DF,9.78,344
1077.0,26,12.0,3,1,4,0.25,0.08,0.33,Umar Sadiq,Real Sociedad,FW,26,ng NGA,La Liga,2324,33,10,0,10,12,45,19,fbref_cache,0.25,0.08333333333333333,0.3333333333333333,2.75,0.8333333333333334,1.0,0.0,0.8333333333333334,3.75,1.5833333333333333,FW,16.8,345
1605.0,23,17.8,3,0,3,0.17,0.0,0.17,Kike Salas,Sevilla,DF,21,es ESP,La Liga,2324,16,5,28,24,8,32,10,fbref_cache,0.16853932584269662,0.0,0.16853932584269662,0.898876404494382,0.28089887640449435,0.449438202247191,1.5730337078651684,1.348314606741573,1.797752808988764,0.5617977528089887,DF,19.98,346
1975.0,30,21.9,4,5,9,0.18,0.23,0.41,Oihan Sancet,Athletic Club,MF,23,es ESP,La Liga,2324,42,12,10,11,29,30,35,fbref_cache,0.18264840182648404,0.22831050228310504,0.4109589041095891,1.9178082191780823,0.5479452054794521,1.3242009132420092,0.4566210045662101,0.5022831050228311,1.3698630136986303,1.5981735159817352,MF,21.59,347
1452.0,29,16.1,3,1,4,0.19,0.06,0.25,Antonio Sánchez,Mallorca,MF,26,es ESP,La Liga,2324,23,9,12,12,34,26,13,fbref_cache,0.18633540372670807,0.06211180124223602,0.24844720496894407,1.4285714285714284,0.5590062111801242,2.111801242236025,0.7453416149068323,0.7453416149068323,1.6149068322981366,0.8074534161490683,MF,15.73,348
1181.0,26,13.1,0,2,2,0.0,0.15,0.15,Juanlu Sánchez,Sevilla,"DF,MF",19,es ESP,La Liga,2324,11,2,10,36,61,11,23,fbref_cache,0.0,0.15267175572519084,0.15267175572519084,0.8396946564885497,0.15267175572519084,4.656488549618321,0.7633587786259542,2.7480916030534353,0.8396946564885497,1.7557251908396947,DF,21.79,349
1775.0,26,19.7,0,5,5,0.0,0.25,0.25,Manu Sánchez,Celta Vigo,"DF,MF",22,es ESP,La Liga,2324,9,2,19,32,57,21,5,fbref_cache,0.0,0.25380710659898476,0.25380710659898476,0.4568527918781726,0.10152284263959391,2.8934010152284264,0.9644670050761421,1.6243654822335025,1.0659898477157361,0.25380710659898476,DF,20.31,350
2295.0,33,25.5,3,0,3,0.12,0.0,0.12,Ricard Sánchez,Granada,DF,23,es ESP,La Liga,2324,14,5,13,18,83,27,21,fbref_cache,0.11764705882352941,0.0,0.11764705882352941,0.5490196078431373,0.19607843137254902,3.2549019607843137,0.5098039215686274,0.7058823529411765,1.0588235294117647,0.8235294117647058,DF,17.1,351
656.0,14,7.3,1,0,1,0.14,0.0,0.14,Yellu Santiago,Getafe,MF,19,es ESP,La Liga,2324,5,2,1,8,4,17,12,fbref_cache,0.136986301369863,0.0,0.136986301369863,0.684931506849315,0.273972602739726,0.547945205479452,0.136986301369863,1.095890410958904,2.328767123287671,1.6438356164383563,MF,21.49,352
1630.0,23,18.1,0,0,0,0.0,0.0,0.0,Stefan Savić,Atlético Madrid,DF,32,me MNE,La Liga,2324,5,1,25,18,4,16,6,fbref_cache,0.0,0.0,0.0,0.2762430939226519,0.055248618784530384,0.22099447513812154,1.3812154696132595,0.9944751381215469,0.8839779005524862,0.3314917127071823,DF,7.2,353
2976.0,37,33.1,9,10,19,0.27,0.3,0.57,Sávio,Girona,"MF,FW",19,br BRA,La Liga,2324,45,20,20,26,122,30,66,fbref_cache,0.2719033232628399,0.3021148036253776,0.5740181268882175,1.3595166163141994,0.6042296072507553,3.685800604229607,0.6042296072507553,0.7854984894259819,0.9063444108761329,1.9939577039274923,MF,29.75,354
946.0,11,10.5,1,0,1,0.1,0.0,0.1,Aleksandar Sedlar,Alavés,DF,31,rs SRB,La Liga,2324,4,1,15,8,0,14,4,fbref_cache,0.09523809523809523,0.0,0.09523809523809523,0.38095238095238093,0.09523809523809523,0.0,1.4285714285714286,0.7619047619047619,1.3333333333333333,0.38095238095238093,DF,8.87,355
729.0,19,8.1,3,0,3,0.37,0.0,0.37,André Silva,Real Sociedad,FW,27,pt POR,La Liga,2324,16,6,1,2,0,14,8,fbref_cache,0.3703703703703704,0.0,0.3703703703703704,1.9753086419753088,0.7407407407407408,0.0,0.1234567901234568,0.2469135802469136,1.7283950617283952,0.9876543209876544,FW,16.03,356
2475.0,28,27.5,0,0,0,0.0,0.0,0.0,Rui Silva,Real Betis,GK,29,pt POR,La Liga,2324,0,0,1,0,0,2,7,fbref_cache,0.0,0.0,0.0,0.0,0.0,0.0,0.03636363636363636,0.0,0.07272727272727272,0.2545454545454545,GK,9.9,357
630.0,14,7.0,1,2,3,0.14,0.29,0.43,Giuliano Simeone,Alavés,MF,20,ar ARG,La Liga,2324,15,3,5,5,14,11,6,fbref_cache,0.14285714285714285,0.2857142857142857,0.42857142857142855,2.142857142857143,0.42857142857142855,2.0,0.7142857142857143,0.7142857142857143,1.5714285714285714,0.8571428571428571,MF,25.71,358
3182.0,36,35.4,0,0,0,0.0,0.0,0.0,Unai Simón,Athletic Club,GK,26,es ESP,La Liga,2324,0,0,1,1,0,0,8,fbref_cache,0.0,0.0,0.0,0.0,0.0,0.0,0.02824858757062147,0.02824858757062147,0.0,0.22598870056497175,GK,12.6,359
897.0,14,10.0,0,1,1,0.0,0.1,0.1,Jailson Siqueira,Celta Vigo,"DF,MF",27,br BRA,La Liga,2324,5,3,12,18,4,13,13,fbref_cache,0.0,0.1,0.1,0.5,0.3,0.4,1.2,1.8,1.3,1.3,DF,12.87,360
3060.0,34,34.0,0,0,0,0.0,0.0,0.0,Antonio Sivera,Alavés,GK,26,es ESP,La Liga,2324,0,0,0,0,0,0,2,fbref_cache,0.0,0.0,0.0,0.0,0.0,0.0,0.0,0.0,0.0,0.058823529411764705,GK,12.6,361
1646.0,32,18.3,0,1,1,0.0,0.05,0.05,Rubén Sobrino,Cádiz,"MF,FW",31,es ESP,La Liga,2324,21,3,17,29,22,46,31,fbref_cache,0.0,0.0546448087431694,0.0546448087431694,1.1475409836065573,0.16393442622950818,1.2021857923497268,0.9289617486338797,1.5846994535519126,2.513661202185792,1.6939890710382512,MF,8.54,362
1262.0,29,14.0,0,3,3,0.0,0.21,0.21,Alex Sola,Alavés,MF,24,es ESP,La Liga,2324,28,7,10,15,82,11,28,fbref_cache,0.0,0.21428571428571427,0.21428571428571427,2.0,0.5,5.857142857142857,0.7142857142857143,1.0714285714285714,0.7857142857142857,2.0,MF,17.49,363
3413.0,38,37.9,0,0,0,0.0,0.0,0.0,David Soria,Getafe,GK,30,es ESP,La Liga,2324,0,0,1,0,0,1,2,fbref_cache,0.0,0.0,0.0,0.0,0.0,0.0,0.026385224274406333,0.0,0.026385224274406333,0.052770448548812667,GK,9.0,364
721.0,17,8.0,0,1,1,0.0,0.12,0.12,Hugo Sotelo,Celta Vigo,MF,19,es ESP,La Liga,2324,8,1,2,17,29,16,3,fbref_cache,0.0,0.125,0.125,1.0,0.125,3.625,0.25,2.125,2.0,0.375,MF,21.26,365
2286.0,28,25.4,0,1,1,0.0,0.04,0.04,Boubakary Soumaré,Sevilla,MF,24,fr FRA,La Liga,2324,1,0,25,31,3,33,29,fbref_cache,0.0,0.03937007874015748,0.03937007874015748,0.03937007874015748,0.0,0.11811023622047245,0.984251968503937,1.220472440944882,1.299212598425197,1.141732283464567,MF,14.97,366
1460.0,24,16.2,1,1,2,0.06,0.06,0.12,Djibril Sow,Sevilla,MF,26,ch SUI,La Liga,2324,18,5,18,21,6,27,19,fbref_cache,0.0617283950617284,0.0617283950617284,0.1234567901234568,1.1111111111111112,0.308641975308642,0.3703703703703704,1.1111111111111112,1.2962962962962963,1.6666666666666667,1.1728395061728396,MF,14.16,367
2216.0,27,24.6,1,0,1,0.04,0.0,0.04,Carl Starfelt,Celta Vigo,DF,28,se SWE,La Liga,2324,12,5,37,29,1,15,10,fbref_cache,0.04065040650406504,0.0,0.04065040650406504,0.4878048780487805,0.2032520325203252,0.04065040650406504,1.5040650406504064,1.178861788617886,0.6097560975609756,0.4065040650406504,DF,11.24,368
2863.0,37,31.8,13,3,16,0.41,0.09,0.5,Jørgen Strand Larsen,Celta Vigo,FW,23,no NOR,La Liga,2324,82,35,5,11,19,64,48,fbref_cache,0.40880503144654085,0.09433962264150943,0.5031446540880503,2.5786163522012577,1.10062893081761,0.5974842767295597,0.15723270440251572,0.34591194968553457,2.0125786163522013,1.5094339622641508,FW,23.0,369
804.0,31,8.9,9,3,12,1.01,0.34,1.34,Cristhian Stuani,Girona,FW,36,uy URU,La Liga,2324,34,17,5,11,1,28,7,fbref_cache,1.0112359550561798,0.33707865168539325,1.348314606741573,3.8202247191011236,1.9101123595505618,0.11235955056179775,0.5617977528089887,1.2359550561797752,3.1460674157303368,0.7865168539325842,FW,10.57,370
2562.0,32,28.5,2,0,2,0.07,0.0,0.07,Álex Suárez,Las Palmas,DF,30,es ESP,La Liga,2324,7,5,18,38,15,26,28,fbref_cache,0.07017543859649122,0.0,0.07017543859649122,0.24561403508771928,0.17543859649122806,0.5263157894736842,0.631578947368421,1.3333333333333333,0.9122807017543859,0.9824561403508771,DF,9.63,371
1299.0,16,14.4,0,2,2,0.0,0.14,0.14,Damián Suárez,Getafe,DF,35,uy URU,La Liga,2324,4,1,10,20,49,24,12,fbref_cache,0.0,0.1388888888888889,0.1388888888888889,0.2777777777777778,0.06944444444444445,3.4027777777777777,0.6944444444444444,1.3888888888888888,1.6666666666666665,0.8333333333333333,DF,5.12,372
917.0,15,10.2,6,0,6,0.59,0.0,0.59,Luis Suárez,Almería,"FW,MF",25,co COL,La Liga,2324,40,14,0,5,7,18,17,fbref_cache,0.5882352941176471,0.0,0.5882352941176471,3.9215686274509807,1.3725490196078431,0.6862745098039216,0.0,0.4901960784313726,1.7647058823529413,1.6666666666666667,FW,21.44,373
1517.0,29,16.9,1,4,5,0.06,0.24,0.3,Suso,Sevilla,MF,29,es ESP,La Liga,2324,26,6,5,17,133,22,36,fbref_cache,0.0591715976331361,0.2366863905325444,0.2958579881656805,1.5384615384615385,0.3550295857988166,7.869822485207101,0.2958579881656805,1.0059171597633136,1.3017751479289943,2.1301775147928996,MF,12.83,374
2489.0,34,27.7,23,6,29,0.83,0.22,1.05,Alexander Sørloth,Villarreal,FW,27,no NOR,La Liga,2324,78,36,0,4,7,34,19,fbref_cache,0.8303249097472925,0.21660649819494585,1.0469314079422383,2.815884476534296,1.2996389891696751,0.2527075812274368,0.0,0.1444043321299639,1.2274368231046933,0.6859205776173285,FW,23.95,375
1337.0,21,14.9,0,0,0,0.0,0.0,0.0,Renato Tapia,Celta Vigo,"MF,DF",28,pe PER,La Liga,2324,19,1,20,27,9,25,27,fbref_cache,0.0,0.0,0.0,1.2751677852348993,0.06711409395973154,0.6040268456375839,1.342281879194631,1.8120805369127517,1.6778523489932886,1.8120805369127517,MF,10.8,376
1987.0,27,22.1,3,1,4,0.14,0.05,0.18,Aurélien Tchouaméni,Real Madrid,"MF,DF",23,fr FRA,La Liga,2324,27,7,29,25,22,20,22,fbref_cache,0.13574660633484162,0.04524886877828054,0.18099547511312217,1.2217194570135745,0.3167420814479638,0.9954751131221719,1.3122171945701357,1.1312217194570136,0.9049773755656108,0.9954751131221719,MF,18.07,377
1141.0,25,12.7,1,0,1,0.08,0.0,0.08,Nahuel Tenaglia,Alavés,DF,27,ar ARG,La Liga,2324,8,1,13,15,17,13,14,fbref_cache,0.07874015748031496,0.0,0.07874015748031496,0.6299212598425197,0.07874015748031496,1.3385826771653544,1.0236220472440944,1.1811023622047245,1.0236220472440944,1.1023622047244095,DF,12.62,378
2520.0,28,28.0,0,0,0,0.0,0.0,0.0,Marc-André ter Stegen,Barcelona,GK,31,de GER,La Liga,2324,0,0,0,0,0,0,1,fbref_cache,0.0,0.0,0.0,0.0,0.0,0.0,0.0,0.0,0.0,0.03571428571428571,GK,8.1,379
785.0,19,8.7,0,2,2,0.0,0.23,0.23,Ramón Terrats,Villarreal,MF,22,es ESP,La Liga,2324,8,1,2,13,27,15,17,fbref_cache,0.0,0.2298850574712644,0.2298850574712644,0.9195402298850576,0.1149425287356322,3.1034482758620694,0.2298850574712644,1.4942528735632186,1.7241379310344829,1.9540229885057472,MF,19.92,380
1238.0,20,13.8,0,2,2,0.0,0.15,0.15,Kieran Tierney,Real Sociedad,DF,26,sct SCO,La Liga,2324,2,0,10,24,27,6,8,fbref_cache,0.0,0.14492753623188406,0.14492753623188406,0.14492753623188406,0.0,1.9565217391304346,0.7246376811594203,1.7391304347826086,0.43478260869565216,0.5797101449275363,DF,14.43,381
1272.0,25,14.1,1,2,3,0.07,0.14,0.21,Raúl de Tomás,Rayo Vallecano,FW,28,es ESP,La Liga,2324,39,12,1,5,8,24,26,fbref_cache,0.07092198581560284,0.14184397163120568,0.2127659574468085,2.765957446808511,0.851063829787234,0.5673758865248227,0.07092198581560284,0.3546099290780142,1.702127659574468,1.8439716312056738,FW,13.1,382
701.0,26,7.8,0,2,2,0.0,0.26,0.26,Pablo Torre,Girona,MF,20,es ESP,La Liga,2324,13,1,4,2,7,8,21,fbref_cache,0.0,0.25641025641025644,0.25641025641025644,1.6666666666666667,0.12820512820512822,0.8974358974358975,0.5128205128205129,0.25641025641025644,1.0256410256410258,2.6923076923076925,MF,22.62,383
1250.0,17,13.9,0,0,0,0.0,0.0,0.0,Raúl Torrente,Granada,DF,21,es ESP,La Liga,2324,3,0,12,15,2,18,8,fbref_cache,0.0,0.0,0.0,0.2158273381294964,0.0,0.14388489208633093,0.8633093525179856,1.079136690647482,1.2949640287769784,0.5755395683453237,DF,17.1,384
1211.0,29,13.5,7,2,9,0.52,0.15,0.67,Ferran Torres,Barcelona,FW,23,es ESP,La Liga,2324,38,15,5,8,21,8,16,fbref_cache,0.5185185185185185,0.14814814814814814,0.6666666666666666,2.814814814814815,1.1111111111111112,1.5555555555555556,0.37037037037037035,0.5925925925925926,0.5925925925925926,1.1851851851851851,FW,25.5,385
1616.0,27,18.0,0,1,1,0.0,0.06,0.06,Óliver Torres,Sevilla,MF,28,es ESP,La Liga,2324,9,3,7,22,43,26,23,fbref_cache,0.0,0.05555555555555555,0.05555555555555555,0.5,0.16666666666666666,2.388888888888889,0.3888888888888889,1.2222222222222223,1.4444444444444444,1.2777777777777777,MF,11.4,386
1788.0,28,19.9,1,0,1,0.05,0.0,0.05,Lucas Torró,Osasuna,MF,29,es ESP,La Liga,2324,30,7,35,15,3,43,17,fbref_cache,0.05025125628140704,0.0,0.05025125628140704,1.5075376884422111,0.35175879396984927,0.15075376884422112,1.7587939698492463,0.7537688442211056,2.1608040201005028,0.8542713567839196,MF,10.4,387
568.0,11,6.3,1,0,1,0.16,0.0,0.16,Bertrand Traoré,Villarreal,MF,27,bf BFA,La Liga,2324,20,7,1,5,9,7,21,fbref_cache,0.15873015873015872,0.0,0.15873015873015872,3.174603174603175,1.1111111111111112,1.4285714285714286,0.15873015873015872,0.7936507936507937,1.1111111111111112,3.3333333333333335,MF,13.56,388
2292.0,31,25.5,0,2,2,0.0,0.08,0.08,Hamari Traoré,Real Sociedad,DF,31,ml MLI,La Liga,2324,18,2,24,19,46,32,19,fbref_cache,0.0,0.0784313725490196,0.0784313725490196,0.7058823529411765,0.0784313725490196,1.803921568627451,0.9411764705882353,0.7450980392156863,1.2549019607843137,0.7450980392156863,DF,8.74,389
1380.0,31,15.3,0,0,0,0.0,0.0,0.0,Óscar Trejo,Rayo Vallecano,"FW,MF",35,ar ARG,La Liga,2324,18,3,5,15,21,40,40,fbref_cache,0.0,0.0,0.0,1.1764705882352942,0.19607843137254902,1.3725490196078431,0.32679738562091504,0.9803921568627451,2.6143790849673203,2.6143790849673203,FW,4.5,390
2052.0,30,22.8,8,7,15,0.35,0.31,0.66,Viktor Tsyhankov,Girona,MF,25,ua UKR,La Liga,2324,44,16,10,20,61,14,41,fbref_cache,0.3508771929824561,0.30701754385964913,0.6578947368421052,1.9298245614035088,0.7017543859649122,2.675438596491228,0.43859649122807015,0.8771929824561403,0.6140350877192983,1.7982456140350878,MF,22.38,391
1687.0,29,18.7,0,1,1,0.0,0.05,0.05,Beñat Turrientes,Real Sociedad,MF,21,es ESP,La Liga,2324,23,10,6,18,19,36,36,fbref_cache,0.0,0.053475935828877004,0.053475935828877004,1.2299465240641712,0.5347593582887701,1.0160427807486632,0.32085561497326204,0.9625668449197862,1.9251336898395723,1.9251336898395723,MF,18.01,392
2448.0,34,27.2,11,1,12,0.4,0.04,0.44,Myrto Uzuni,Granada,"FW,MF",28,al ALB,La Liga,2324,64,29,3,13,11,26,19,fbref_cache,0.40441176470588236,0.03676470588235294,0.4411764705882353,2.3529411764705883,1.0661764705882353,0.40441176470588236,0.11029411764705882,0.47794117647058826,0.9558823529411765,0.698529411764706,FW,15.56,393
2692.0,34,29.9,1,0,1,0.03,0.0,0.03,Óscar Valentín,Rayo Vallecano,MF,28,es ESP,La Liga,2324,15,7,35,64,6,77,43,fbref_cache,0.033444816053511704,0.0,0.033444816053511704,0.5016722408026756,0.23411371237458195,0.20066889632107024,1.1705685618729098,2.140468227424749,2.5752508361204014,1.4381270903010035,MF,11.16,394
2349.0,28,26.1,0,1,1,0.0,0.04,0.04,Martin Valjent,Mallorca,DF,27,sk SVK,La Liga,2324,9,0,29,19,17,29,10,fbref_cache,0.0,0.038314176245210725,0.038314176245210725,0.3448275862068965,0.0,0.6513409961685823,1.1111111111111112,0.7279693486590038,1.1111111111111112,0.38314176245210724,DF,12.15,395
3263.0,37,36.3,0,0,0,0.0,0.0,0.0,Álvaro Vallés,Las Palmas,GK,26,es ESP,La Liga,2324,0,0,0,3,1,1,6,fbref_cache,0.0,0.0,0.0,0.0,0.0,0.027548209366391185,0.0,0.08264462809917356,0.027548209366391185,0.1652892561983471,GK,12.6,396
2904.0,37,32.3,2,7,9,0.06,0.22,0.28,Federico Valverde,Real Madrid,MF,25,uy URU,La Liga,2324,56,19,43,35,32,19,15,fbref_cache,0.061919504643962855,0.21671826625387,0.2786377708978328,1.73374613003096,0.5882352941176471,0.9907120743034057,1.3312693498452013,1.08359133126935,0.5882352941176471,0.4643962848297214,MF,17.26,397
3302.0,37,36.7,7,1,8,0.19,0.03,0.22,José Luis García Vayá,Valencia,MF,24,es ESP,La Liga,2324,35,12,45,55,145,51,40,fbref_cache,0.19073569482288827,0.02724795640326975,0.217983651226158,0.9536784741144413,0.32697547683923706,3.950953678474114,1.2261580381471389,1.4986376021798364,1.3896457765667574,1.08991825613079,MF,17.54,398
716.0,20,8.0,1,0,1,0.13,0.0,0.13,Jesus Vazquez,Valencia,DF,20,es ESP,La Liga,2324,7,2,3,10,18,8,7,fbref_cache,0.125,0.0,0.125,0.875,0.25,2.25,0.375,1.25,1.0,0.875,DF,20.25,399
700.0,12,7.8,0,0,0,0.0,0.0,0.0,Kevin Vázquez,Celta Vigo,DF,30,es ESP,La Liga,2324,2,1,5,13,8,11,10,fbref_cache,0.0,0.0,0.0,0.25641025641025644,0.12820512820512822,1.0256410256410258,0.6410256410256411,1.6666666666666667,1.4102564102564104,1.2820512820512822,DF,9.0,400
1419.0,29,15.8,3,6,9,0.19,0.38,0.57,Lucas Vázquez,Real Madrid,DF,32,es ESP,La Liga,2324,12,7,12,22,45,23,24,fbref_cache,0.18987341772151897,0.37974683544303794,0.5696202531645569,0.7594936708860759,0.4430379746835443,2.848101265822785,0.7594936708860759,1.3924050632911391,1.4556962025316456,1.5189873417721518,DF,11.3,401
1534.0,27,17.0,3,1,4,0.18,0.06,0.23,Mikel Vesga,Athletic Club,MF,30,es ESP,La Liga,2324,19,7,31,20,15,28,6,fbref_cache,0.17647058823529413,0.058823529411764705,0.23529411764705882,1.1176470588235294,0.4117647058823529,0.8823529411764706,1.8235294117647058,1.1764705882352942,1.6470588235294117,0.35294117647058826,MF,11.12,402
1114.0,18,12.4,2,4,6,0.16,0.32,0.48,Carlos Vicente,Alavés,MF,24,es ESP,La Liga,2324,15,8,5,7,90,18,25,fbref_cache,0.16129032258064516,0.3225806451612903,0.48387096774193544,1.2096774193548387,0.6451612903225806,7.258064516129032,0.4032258064516129,0.564516129032258,1.4516129032258065,2.0161290322580645,MF,21.37,403
617.0,9,6.9,2,1,3,0.29,0.15,0.44,Jonathan Viera,Las Palmas,"MF,FW",33,es ESP,La Liga,2324,14,6,0,4,16,3,17,fbref_cache,0.2898550724637681,0.14492753623188406,0.43478260869565216,2.0289855072463765,0.8695652173913043,2.318840579710145,0.0,0.5797101449275363,0.43478260869565216,2.463768115942029,MF,9.04,404
912.0,12,10.1,0,3,3,0.0,0.3,0.3,Jonathan Viera,Almería,MF,33,es ESP,La Liga,2324,12,5,4,9,6,10,16,fbref_cache,0.0,0.297029702970297,0.297029702970297,1.188118811881188,0.49504950495049505,0.594059405940594,0.39603960396039606,0.8910891089108911,0.9900990099009901,1.5841584158415842,MF,8.17,405
513.0,18,5.7,2,1,3,0.35,0.18,0.53,Asier Villalibre,Athletic Club,FW,25,es ESP,La Liga,2324,12,6,0,1,2,7,11,fbref_cache,0.3508771929824561,0.17543859649122806,0.5263157894736842,2.1052631578947367,1.0526315789473684,0.3508771929824561,0.0,0.17543859649122806,1.2280701754385965,1.9298245614035088,FW,20.61,406
1803.0,35,20.0,1,3,4,0.05,0.15,0.2,Gonzalo Villar,Granada,MF,25,es ESP,La Liga,2324,22,5,7,33,24,45,66,fbref_cache,0.05,0.15,0.2,1.1,0.25,1.2,0.35,1.65,2.25,3.3,MF,16.2,407
1014.0,12,11.3,0,0,0,0.0,0.0,0.0,Iván Villar,Celta Vigo,GK,26,es ESP,La Liga,2324,0,0,0,0,0,2,2,fbref_cache,0.0,0.0,0.0,0.0,0.0,0.0,0.0,0.0,0.17699115044247787,0.17699115044247787,GK,12.6,408
2878.0,33,32.0,0,0,0,0.0,0.0,0.0,Daniel Vivian,Athletic Club,DF,24,es ESP,La Liga,2324,11,1,29,29,5,37,26,fbref_cache,0.0,0.0,0.0,0.34375,0.03125,0.15625,0.90625,0.90625,1.15625,0.8125,DF,14.4,409
2844.0,34,31.6,12,3,15,0.38,0.09,0.47,Iñaki Williams,Athletic Club,MF,29,gh GHA,La Liga,2324,93,43,13,18,110,32,45,fbref_cache,0.37974683544303794,0.09493670886075949,0.47468354430379744,2.943037974683544,1.360759493670886,3.481012658227848,0.4113924050632911,0.5696202531645569,1.0126582278481011,1.4240506329113924,MF,14.6,410
2263.0,31,25.1,5,11,16,0.2,0.44,0.64,Nico Williams,Athletic Club,MF,21,es ESP,La Liga,2324,56,19,4,12,152,19,37,fbref_cache,0.199203187250996,0.43824701195219123,0.6374501992031872,2.231075697211155,0.7569721115537849,6.055776892430279,0.1593625498007968,0.4780876494023904,0.7569721115537849,1.4741035856573705,MF,28.0,411
2783.0,35,30.9,2,0,2,0.06,0.0,0.06,Axel Witsel,Atlético Madrid,DF,34,be BEL,La Liga,2324,7,3,16,21,4,24,28,fbref_cache,0.06472491909385114,0.0,0.06472491909385114,0.22653721682847897,0.0970873786407767,0.12944983818770228,0.5177993527508091,0.6796116504854369,0.7766990291262136,0.9061488673139159,DF,5.75,412
2201.0,37,24.5,5,5,10,0.2,0.2,0.41,Lamine Yamal,Barcelona,"FW,MF",16,es ESP,La Liga,2324,58,21,20,37,87,23,52,fbref_cache,0.20408163265306123,0.20408163265306123,0.40816326530612246,2.36734693877551,0.8571428571428571,3.5510204081632653,0.8163265306122449,1.510204081632653,0.9387755102040817,2.122448979591837,FW,30.42,413
928.0,25,10.3,3,0,3,0.29,0.0,0.29,Roman Yaremchuk,Valencia,FW,27,ua UKR,La Liga,2324,18,9,1,2,3,7,13,fbref_cache,0.2912621359223301,0.0,0.2912621359223301,1.7475728155339805,0.8737864077669902,0.2912621359223301,0.0970873786407767,0.1941747572815534,0.6796116504854368,1.262135922330097,FW,15.11,414
1228.0,29,13.6,1,2,3,0.07,0.15,0.22,Arsen Zakharyan,Real Sociedad,"MF,FW",20,ru RUS,La Liga,2324,33,9,4,15,76,21,11,fbref_cache,0.07352941176470588,0.14705882352941177,0.22058823529411764,2.4264705882352944,0.6617647058823529,5.588235294117648,0.29411764705882354,1.1029411764705883,1.5441176470588236,0.8088235294117647,MF,21.97,415
704.0,13,7.8,0,0,0,0.0,0.0,0.0,Joseba Zaldúa,Cádiz,"DF,MF",31,es ESP,La Liga,2324,1,0,1,13,16,14,4,fbref_cache,0.0,0.0,0.0,0.12820512820512822,0.0,2.0512820512820515,0.12820512820512822,1.6666666666666667,1.794871794871795,0.5128205128205129,DF,8.1,416
1638.0,21,18.2,6,2,8,0.33,0.11,0.44,Bryan Zaragoza,Granada,"MF,FW",21,es ESP,La Liga,2324,33,19,3,8,99,12,33,fbref_cache,0.32967032967032966,0.10989010989010989,0.43956043956043955,1.8131868131868132,1.043956043956044,5.43956043956044,0.16483516483516483,0.43956043956043955,0.6593406593406593,1.8131868131868132,MF,24.62,417
2518.0,30,28.0,0,2,2,0.0,0.07,0.07,Igor Zubeldia,Real Sociedad,DF,26,es ESP,La Liga,2324,12,0,28,24,3,42,9,fbref_cache,0.0,0.07142857142857142,0.07142857142857142,0.42857142857142855,0.0,0.10714285714285714,1.0,0.8571428571428571,1.5,0.32142857142857145,DF,13.5,418
2654.0,31,29.5,4,1,5,0.14,0.03,0.17,Martín Zubimendi,Real Sociedad,MF,24,es ESP,La Liga,2324,22,11,39,28,7,34,21,fbref_cache,0.13559322033898305,0.03389830508474576,0.1694915254237288,0.7457627118644068,0.3728813559322034,0.23728813559322035,1.3220338983050848,0.9491525423728814,1.152542372881356,0.711864406779661,MF,16.84,419
1227.0,18,13.63,0,0,0,,,,Pablo Romero 3,Almería,DF,25,BRA,Segunda,2223,4,1,21,20,10,21,17,demo,0.0,0.0,0.0,0.293470286133529,0.07336757153338225,0.7336757153338224,1.540719002201027,1.4673514306676447,1.540719002201027,1.247248716067498,DF,7.5,420
1127.0,16,12.52,0,0,0,,,,Iker Torres 8,Córdoba,DF,34,POR,Segunda,2425,7,0,28,15,11,9,9,demo,0.0,0.0,0.0,0.5591054313099042,0.0,0.8785942492012779,2.236421725239617,1.1980830670926519,0.7188498402555911,0.7188498402555911,DF,3.0,421
2850.0,38,31.67,3,5,8,,,,Javier Ortega 9,Albacete,MF,30,URU,Segunda,2223,33,7,53,50,65,40,32,demo,0.09472687085569939,0.15787811809283234,0.25260498894853173,1.0419955794126934,0.22102936532996525,2.05241553520682,1.6735080517840226,1.5787811809283232,1.2630249447426587,1.010419955794127,MF,6.26,422
2907.0,38,32.3,1,1,2,,,,Fermín Díaz 14,Zaragoza B,DF,35,ESP,Segunda,2425,13,4,64,47,32,23,36,demo,0.030959752321981428,0.030959752321981428,0.061919504643962855,0.40247678018575855,0.12383900928792571,0.9907120743034057,1.9814241486068114,1.455108359133127,0.7120743034055729,1.1145510835913313,DF,2.65,423
2514.0,36,27.93,0,2,2,,,,Yeremy Ruiz 18,Tenerife,DF,26,POR,Segunda,2223,13,4,51,52,13,35,28,demo,0.0,0.07160759040458288,0.07160759040458288,0.46544933762978874,0.14321518080916576,0.46544933762978874,1.8259935553168636,1.861797350519155,1.2531328320802004,1.0025062656641603,DF,7.5,424
555.0,8,6.17,2,2,4,,,,Lamine González 23,Almería,FW,34,URU,Segunda,2425,11,4,0,2,7,2,5,demo,0.3241491085899514,0.3241491085899514,0.6482982171799028,1.7828200972447326,0.6482982171799028,1.1345218800648298,0.0,0.3241491085899514,0.3241491085899514,0.8103727714748784,FW,4.94,425
3069.0,38,34.1,16,10,26,,,,Samu Romero 24,Albacete,FW,29,ARG,Segunda,2223,70,17,9,20,38,34,36,demo,0.469208211143695,0.29325513196480935,0.7624633431085044,2.0527859237536656,0.49853372434017595,1.1143695014662756,0.26392961876832843,0.5865102639296187,0.9970674486803519,1.0557184750733137,FW,9.69,426
1653.0,24,18.37,3,5,8,,,,Hugo García 29,Albacete,MF,20,NGA,Segunda,2425,13,6,23,32,27,21,15,demo,0.16330974414806748,0.2721829069134458,0.4354926510615133,0.7076755579749592,0.32661948829613496,1.4697876973326074,1.2520413718018508,1.7419706042460532,1.1431682090364725,0.8165487207403375,MF,14.35,427
2428.0,35,26.98,2,4,6,,,,Iker Ruiz 33,Tenerife,MF,29,MAR,Segunda,2223,24,10,27,30,43,24,29,demo,0.07412898443291327,0.14825796886582654,0.2223869532987398,0.8895478131949592,0.37064492216456635,1.5937731653076352,1.000741289844329,1.111934766493699,0.8895478131949592,1.0748702742772425,MF,6.72,428
2690.0,38,29.89,2,1,3,,,,Pablo Ruiz 39,Mirandés,DF,34,FRA,Segunda,2223,9,1,42,46,27,30,18,demo,0.06691201070592172,0.03345600535296086,0.10036801605888257,0.3011040481766477,0.03345600535296086,0.9033121445299431,1.405152224824356,1.5389762462361993,1.0036801605888257,0.6022080963532954,DF,3.3,429
563.0,8,6.26,0,0,0,,,,Iker González 44,Huesca,DF,20,ESP,Segunda,2425,2,0,18,5,2,8,6,demo,0.0,0.0,0.0,0.3194888178913738,0.0,0.3194888178913738,2.8753993610223643,0.7987220447284346,1.2779552715654952,0.9584664536741214,DF,10.0,430
2113.0,30,23.48,8,5,13,,,,Bryan Sánchez 48,Burgos,FW,26,FRA,Segunda,2223,44,15,11,10,22,25,19,demo,0.34071550255536626,0.21294718909710392,0.5536626916524702,1.8739352640545144,0.6388415672913117,0.9369676320272572,0.4684838160136286,0.42589437819420783,1.0647359454855196,0.8091993185689949,FW,10.88,431
2891.0,38,32.12,18,8,26,,,,Iker López 53,Dépor,FW,34,FRA,Segunda,2425,63,29,16,16,42,38,40,demo,0.5603985056039851,0.24906600249066005,0.8094645080946451,1.9613947696139478,0.9028642590286426,1.3075965130759652,0.4981320049813201,0.4981320049813201,1.1830635118306352,1.2453300124533002,FW,5.43,432
1041.0,15,11.57,4,0,4,,,,Ante Jiménez 54,Zaragoza B,FW,28,URU,Segunda,2223,18,11,9,4,7,10,10,demo,0.34572169403630076,0.0,0.34572169403630076,1.5557476231633534,0.9507346585998271,0.6050129645635264,0.7778738115816767,0.34572169403630076,0.8643042350907519,0.8643042350907519,FW,8.07,433
1829.0,26,20.32,11,4,15,,,,Álex Torres 59,Elche,"FW,MF",35,BRA,Segunda,2425,45,22,9,8,28,15,18,demo,0.5413385826771654,0.19685039370078738,0.7381889763779528,2.2145669291338583,1.0826771653543308,1.3779527559055118,0.44291338582677164,0.39370078740157477,0.7381889763779528,0.8858267716535433,FW,4.35,434
3117.0,38,34.63,2,7,9,,,,Ante Ruiz 63,Dépor,MF,24,ARG,Segunda,2223,42,12,39,45,72,38,30,demo,0.05775339301183944,0.20213687554143805,0.25989026855327746,1.2128212532486282,0.34652035807103665,2.0791221484262197,1.126191163730869,1.2994513427663874,1.0973144672249493,0.8663008951775916,MF,10.08,435
2428.0,35,26.98,12,5,17,,,,Sergio Alonso 68,Cartagena,FW,24,ESP,Segunda,2425,65,25,12,15,40,24,30,demo,0.4447739065974796,0.18532246108228317,0.6300963676797627,2.409191994069681,0.9266123054114158,1.4825796886582654,0.4447739065974796,0.5559673832468495,0.8895478131949592,1.111934766493699,FW,13.04,436
466.0,7,5.18,0,1,1,,,,Pablo Iglesias 69,Burgos,DF,34,POR,Segunda,2223,2,0,13,7,2,2,5,demo,0.0,0.19305019305019305,0.19305019305019305,0.3861003861003861,0.0,0.3861003861003861,2.50965250965251,1.3513513513513513,0.3861003861003861,0.9652509652509653,DF,3.58,437
2688.0,38,29.87,1,2,3,,,,Iván Romero 74,Córdoba,DF,27,ARG,Segunda,2425,13,4,56,47,29,37,28,demo,0.03347840642785403,0.06695681285570806,0.1004352192835621,0.43521928356210243,0.13391362571141613,0.970873786407767,1.874790759959826,1.5734851021091396,1.2387010378305991,0.937395379979913,DF,7.15,438
2126.0,30,23.62,8,5,13,,,,Nico Alonso 78,Eldense,FW,20,ARG,Segunda,2223,56,22,16,18,13,25,21,demo,0.3386960203217612,0.21168501270110077,0.550381033022862,2.3708721422523285,0.9314140558848433,0.550381033022862,0.6773920406435224,0.7620660457239627,1.0584250635055037,0.8890770533446232,FW,15.5,439
2079.0,30,23.1,9,5,14,,,,Javier Núñez 83,Racing Ferrol,FW,35,ARG,Segunda,2425,41,15,17,12,25,21,27,demo,0.3896103896103896,0.21645021645021645,0.6060606060606061,1.7748917748917747,0.6493506493506493,1.0822510822510822,0.7359307359307359,0.5194805194805194,0.9090909090909091,1.1688311688311688,FW,4.02,440
865.0,12,9.61,0,0,0,,,,Fermín Sánchez 84,Zaragoza,GK,17,URU,Segunda,2223,0,0,3,1,0,13,12,demo,0.0,0.0,0.0,0.0,0.0,0.0,0.3121748178980229,0.10405827263267431,1.352757544224766,1.2486992715920917,GK,11.5,441
2403.0,34,26.7,0,6,6,,,,Hugo Castro 89,Castellón,MF,27,ESP,Segunda,2425,30,8,34,37,49,32,28,demo,0.0,0.2247191011235955,0.2247191011235955,1.1235955056179776,0.299625468164794,1.8352059925093633,1.2734082397003745,1.3857677902621723,1.198501872659176,1.0486891385767791,MF,7.96,442
2821.0,38,31.34,1,6,7,,,,Samu Alonso 93,Racing,DF,30,FRA,Segunda,2223,12,1,63,54,23,37,42,demo,0.03190810465858328,0.1914486279514997,0.22335673261008296,0.3828972559029994,0.03190810465858328,0.7338864071474155,2.0102105934907466,1.723037651563497,1.1805998723675815,1.3401403956604978,DF,6.12,443
1123.0,16,12.48,0,2,2,,,,Fermín González 1,Albacete,DF,33,POR,Segunda,2425,5,0,20,26,10,11,7,demo,0.0,0.16025641025641024,0.16025641025641024,0.4006410256410256,0.0,0.8012820512820512,1.6025641025641024,2.0833333333333335,0.8814102564102564,0.5608974358974359,DF,4.06,444
707.0,10,7.86,1,1,2,,,,Fermín Pérez 2,Tenerife,FW,17,ESP,Segunda,2223,13,7,1,4,12,10,6,demo,0.1272264631043257,0.1272264631043257,0.2544529262086514,1.6539440203562341,0.8905852417302799,1.5267175572519083,0.1272264631043257,0.5089058524173028,1.272264631043257,0.7633587786259541,FW,14.43,445
2527.0,36,28.08,2,0,2,,,,Pedri Jiménez 7,Eldense,DF,35,ESP,Segunda,2425,12,2,60,48,19,28,31,demo,0.07122507122507123,0.0,0.07122507122507123,0.4273504273504274,0.07122507122507123,0.6766381766381767,2.1367521367521367,1.7094017094017095,0.9971509971509972,1.103988603988604,DF,2.68,446
638.0,9,7.09,1,1,2,,,,Javier Navarro 11,Albacete,MF,34,ARG,Segunda,2223,14,8,9,14,13,8,2,demo,0.14104372355430184,0.14104372355430184,0.2820874471086037,1.9746121297602257,1.1283497884344147,1.8335684062059239,1.2693935119887165,1.9746121297602257,1.1283497884344147,0.2820874471086037,MF,3.85,447
2775.0,38,30.83,0,0,0,,,,Lamine Pérez 16,Burgos,GK,20,ARG,Segunda,2425,0,0,2,2,1,31,27,demo,0.0,0.0,0.0,0.0,0.0,0.032435939020434644,0.06487187804086929,0.06487187804086929,1.0055141096334739,0.8757703535517354,GK,10.0,448
1492.0,21,16.58,1,9,10,,,,Iván García 17,Eibar,MF,36,ARG,Segunda,2223,18,3,30,23,21,29,15,demo,0.06031363088057902,0.5428226779252111,0.6031363088057902,1.0856453558504222,0.18094089264173704,1.2665862484921593,1.8094089264173705,1.3872135102533174,1.7490952955367916,0.9047044632086853,MF,4.01,449
953.0,14,10.59,0,0,0,,,,Lamine Martínez 22,Cartagena,DF,27,MAR,Segunda,2425,4,0,25,16,6,6,9,demo,0.0,0.0,0.0,0.3777148253068933,0.0,0.56657223796034,2.3607176581680833,1.5108593012275733,0.56657223796034,0.8498583569405099,DF,6.5,450
2302.0,33,25.58,2,2,4,,,,Sergio González 26,Tenerife,DF,19,POR,Segunda,2223,7,1,38,38,22,32,26,demo,0.07818608287724786,0.07818608287724786,0.15637216575449572,0.2736512900703675,0.03909304143862393,0.8600469116497264,1.4855355746677092,1.4855355746677092,1.2509773260359658,1.016419077404222,DF,12.14,451
1471.0,21,16.34,0,0,0,,,,Samu Navarro 31,Eldense,DF,17,URU,Segunda,2425,11,1,23,27,17,10,22,demo,0.0,0.0,0.0,0.6731946144430845,0.06119951040391677,1.040391676866585,1.4075887392900857,1.6523867809057529,0.6119951040391677,1.346389228886169,DF,11.5,452
1222.0,17,13.58,5,2,7,,,,Nico Torres 32,Córdoba,MF,30,BRA,Segunda,2223,14,3,16,20,27,7,15,demo,0.36818851251840945,0.14727540500736377,0.5154639175257731,1.0309278350515463,0.22091310751104565,1.988217967599411,1.1782032400589102,1.4727540500736378,0.5154639175257731,1.1045655375552283,MF,7.58,453
1267.0,18,14.08,2,0,2,,,,Hugo Díaz 37,Mirandés,DF,20,POR,Segunda,2425,7,0,21,23,14,13,15,demo,0.14204545454545456,0.0,0.14204545454545456,0.4971590909090909,0.0,0.9943181818181818,1.4914772727272727,1.6335227272727273,0.9232954545454546,1.0653409090909092,DF,11.42,454
566.0,8,6.29,2,1,3,,,,Iván Alonso 41,Dépor,MF,26,MAR,Segunda,2223,6,3,3,9,9,7,6,demo,0.3179650238473768,0.1589825119236884,0.4769475357710652,0.9538950715421304,0.4769475357710652,1.4308426073131955,0.4769475357710652,1.4308426073131955,1.1128775834658187,0.9538950715421304,MF,10.34,455
959.0,14,10.66,3,1,4,,,,Lamine López 46,Almería,MF,25,POR,Segunda,2425,9,3,17,16,14,12,9,demo,0.28142589118198874,0.09380863039399624,0.37523452157598497,0.8442776735459662,0.28142589118198874,1.3133208255159474,1.594746716697936,1.5009380863039399,1.125703564727955,0.8442776735459662,MF,10.31,456
796.0,11,8.84,0,1,1,,,,Pedri García 47,Levante,MF,19,BRA,Segunda,2223,12,2,9,7,18,14,6,demo,0.0,0.11312217194570136,0.11312217194570136,1.3574660633484164,0.22624434389140272,2.0361990950226243,1.0180995475113122,0.7918552036199095,1.583710407239819,0.6787330316742082,MF,11.69,457
2300.0,33,25.56,11,6,17,,,,Yeremy López 52,Tenerife,FW,23,BRA,Segunda,2425,63,24,7,17,26,26,20,demo,0.4303599374021909,0.2347417840375587,0.6651017214397497,2.4647887323943665,0.9389671361502347,1.0172143974960877,0.27386541471048514,0.6651017214397497,1.0172143974960877,0.782472613458529,FW,14.15,458
2791.0,38,31.01,3,7,10,,,,Ayoze Núñez 56,Eibar,MF,36,POR,Segunda,2223,28,8,40,41,47,34,28,demo,0.09674298613350532,0.22573363431151242,0.32247662044501774,0.9029345372460497,0.2579812963560142,1.5156401160915833,1.289906481780071,1.3221541438245727,1.0964205095130601,0.9029345372460497,MF,3.31,459
2578.0,37,28.64,4,2,6,,,,Iván Ruiz 61,Racing Ferrol,DF,29,FRA,Segunda,2425,8,2,38,45,18,30,27,demo,0.13966480446927373,0.06983240223463687,0.20949720670391062,0.27932960893854747,0.06983240223463687,0.6284916201117319,1.3268156424581006,1.5712290502793296,1.047486033519553,0.9427374301675977,DF,6.65,460
1303.0,19,14.48,2,1,3,,,,Pedri Alonso 62,Sporting,FW,19,ESP,Segunda,2223,27,13,5,6,16,12,19,demo,0.13812154696132597,0.06906077348066299,0.20718232044198895,1.8646408839779005,0.8977900552486188,1.1049723756906078,0.3453038674033149,0.4143646408839779,0.8287292817679558,1.3121546961325967,FW,12.68,461
3250.0,38,36.11,2,1,3,,,,Pablo Martínez 67,Castellón,DF,30,POR,Segunda,2425,21,5,60,62,28,43,34,demo,0.055386319579063974,0.027693159789531987,0.08307947936859596,0.5815563555801717,0.13846579894765992,0.7754084741068956,1.661589587371919,1.7169759069509831,1.1908058709498754,0.9415674328440875,DF,5.42,462
708.0,10,7.87,0,0,0,,,,Gavi Torres 71,Burgos,DF,25,POR,Segunda,2223,2,2,11,14,4,13,3,demo,0.0,0.0,0.0,0.25412960609911056,0.25412960609911056,0.5082592121982211,1.397712833545108,1.7789072426937738,1.6518424396442186,0.3811944091486658,DF,7.5,463
2057.0,29,22.86,0,0,0,,,,Hugo López 76,Racing,GK,27,ESP,Segunda,2425,0,0,3,0,1,20,30,demo,0.0,0.0,0.0,0.0,0.0,0.043744531933508315,0.13123359580052493,0.0,0.8748906386701663,1.3123359580052494,GK,6.5,464
728.0,10,8.09,0,0,0,,,,Bryan Ruiz 77,Racing,GK,27,ESP,Segunda,2223,0,0,1,0,1,11,6,demo,0.0,0.0,0.0,0.0,0.0,0.12360939431396786,0.12360939431396786,0.0,1.3597033374536465,0.7416563658838072,GK,6.5,465
2189.0,31,24.32,0,2,2,,,,Pedri Díaz 82,Dépor,DF,23,URU,Segunda,2425,9,3,45,41,20,29,27,demo,0.0,0.08223684210526316,0.08223684210526316,0.3700657894736842,0.12335526315789473,0.8223684210526315,1.850328947368421,1.6858552631578947,1.1924342105263157,1.1101973684210527,DF,9.2,466
915.0,13,10.17,1,1,2,,,,Marc Romero 86,Eibar,DF,23,POR,Segunda,2223,2,2,8,25,11,6,11,demo,0.09832841691248771,0.09832841691248771,0.19665683382497542,0.19665683382497542,0.19665683382497542,1.0816125860373649,0.7866273352999017,2.4582104228121926,0.5899705014749262,1.0816125860373649,DF,10.17,467
529.0,8,5.88,2,0,2,,,,Sergio Alonso 91,Córdoba,FW,27,NGA,Segunda,2425,9,3,6,2,5,2,10,demo,0.3401360544217687,0.0,0.3401360544217687,1.530612244897959,0.5102040816326531,0.8503401360544218,1.0204081632653061,0.3401360544217687,0.3401360544217687,1.7006802721088436,FW,8.71,468
2711.0,38,30.12,5,6,11,,,,Nico Ruiz 92,Granada,MF,25,POR,Segunda,2223,29,10,33,27,63,38,30,demo,0.16600265604249667,0.199203187250996,0.3652058432934927,0.9628154050464807,0.33200531208499334,2.091633466135458,1.095617529880478,0.896414342629482,1.2616201859229748,0.9960159362549801,MF,10.24,469
1688.0,24,18.76,3,6,9,,,,Yeremy Núñez 0,Sporting,MF,36,POR,Segunda,2425,24,9,21,24,39,21,17,demo,0.1599147121535181,0.3198294243070362,0.4797441364605543,1.2793176972281448,0.4797441364605543,2.0788912579957355,1.1194029850746268,1.2793176972281448,1.1194029850746268,0.906183368869936,MF,3.7,470
1365.0,20,15.17,0,0,0,,,,Samu Núñez 4,Albacete,DF,26,URU,Segunda,2223,8,3,28,20,14,15,10,demo,0.0,0.0,0.0,0.5273566249176005,0.1977587343441002,0.922874093605801,1.845748187211602,1.3183915622940012,0.988793671720501,0.6591957811470006,DF,7.0,471
1557.0,22,17.3,0,4,4,,,,Lamine Ramírez 9,Burgos,MF,31,ESP,Segunda,2425,16,4,18,27,33,25,21,demo,0.0,0.23121387283236994,0.23121387283236994,0.9248554913294798,0.23121387283236994,1.9075144508670518,1.0404624277456647,1.560693641618497,1.445086705202312,1.2138728323699421,MF,5.54,472
2073.0,30,23.03,0,4,4,,,,Pablo Romero 15,Granada,DF,20,ARG,Segunda,2425,10,1,43,31,21,29,17,demo,0.0,0.17368649587494572,0.17368649587494572,0.4342162396873643,0.04342162396873643,0.911854103343465,1.8671298306556665,1.3460703430308294,1.2592270950933564,0.7381676074685193,DF,11.74,473
1876.0,27,20.84,6,6,12,,,,Gavi Navarro 19,Racing,FW,27,MAR,Segunda,2223,51,19,2,11,26,28,19,demo,0.28790786948176583,0.28790786948176583,0.5758157389635317,2.44721689059501,0.9117082533589251,1.2476007677543186,0.09596928982725528,0.527831094049904,1.3435700575815739,0.9117082533589251,FW,10.24,474
3338.0,38,37.09,1,6,7,,,,Pedri García 24,Levante,DF,17,FRA,Segunda,2425,17,5,62,69,28,40,29,demo,0.02696144513345915,0.1617686708007549,0.18873011593421404,0.45834456726880557,0.13480722566729575,0.7549204637368562,1.6716095982744674,1.8603397142086815,1.078457805338366,0.7818819088703154,DF,13.67,475
1762.0,25,19.58,8,11,19,,,,Marc Díaz 25,Burgos,FW,30,FRA,Segunda,2223,36,12,6,7,24,19,19,demo,0.40858018386108275,0.5617977528089888,0.9703779366700716,1.8386108273748725,0.6128702757916241,1.2257405515832482,0.30643513789581206,0.35750766087844743,0.9703779366700716,0.9703779366700716,FW,9.85,476
2036.0,29,22.62,11,1,12,,,,Takefusa Ramírez 30,Sporting,FW,17,ARG,Segunda,2425,62,25,8,5,28,30,16,demo,0.48629531388152075,0.044208664898320066,0.5305039787798408,2.7409372236958442,1.1052166224580018,1.237842617152962,0.3536693191865605,0.22104332449160036,1.3262599469496021,0.707338638373121,FW,17.6,477
1276.0,18,14.18,0,5,5,,,,Ayoze Martínez 34,Racing Ferrol,MF,36,ESP,Segunda,2223,13,2,24,17,18,13,20,demo,0.0,0.3526093088857546,0.3526093088857546,0.9167842031029619,0.14104372355430184,1.2693935119887165,1.692524682651622,1.1988716502115657,0.9167842031029619,1.4104372355430184,MF,3.38,478
3158.0,38,35.09,2,2,4,,,,Rodri Ortega 39,Zaragoza,DF,27,BRA,Segunda,2425,13,3,72,55,24,46,33,demo,0.05699629524080934,0.05699629524080934,0.11399259048161868,0.37047591906526073,0.085494442861214,0.683955542889712,2.0518666286691363,1.5673981191222568,1.310914790538615,0.9404388714733541,DF,7.24,479
3153.0,38,35.03,3,8,11,,,,Gavi Navarro 40,Málaga,MF,19,ESP,Segunda,2223,44,14,52,44,66,46,44,demo,0.08564087924636025,0.228375677990294,0.3140165572366543,1.2560662289466171,0.39965743648301455,1.8840993434199258,1.4844419069369112,1.2560662289466171,1.3131601484441906,1.2560662289466171,MF,13.8,480
2906.0,38,32.29,6,3,9,,,,Iván Romero 45,Zaragoza B,MF,17,NGA,Segunda,2425,33,8,43,35,63,33,34,demo,0.18581604211830288,0.09290802105915144,0.27872406317745435,1.0219882316506659,0.24775472282440383,1.9510684422421802,1.3316816351811707,1.0839269123567667,1.0219882316506659,1.0529575720037163,MF,14.71,481
1054.0,15,11.71,2,1,3,,,,Iván Castro 49,Tenerife,"FW,MF",28,BRA,Segunda,2223,27,8,7,6,16,21,9,demo,0.1707941929974381,0.08539709649871904,0.2561912894961571,2.305721605465414,0.6831767719897524,1.3663535439795047,0.5977796754910333,0.5123825789923142,1.7933390264730997,0.7685738684884713,FW,7.54,482
2378.0,34,26.42,3,9,12,,,,Unai Ortega 54,Elche,MF,22,NGA,Segunda,2425,25,7,29,40,49,32,27,demo,0.11355034065102194,0.34065102195306585,0.4542013626040878,0.9462528387585162,0.26495079485238454,1.8546555639666917,1.0976532929598788,1.5140045420136259,1.2112036336109007,1.0219530658591975,MF,13.09,483
2593.0,37,28.81,1,2,3,,,,Lamine Núñez 55,Eldense,DF,29,ARG,Segunda,2223,10,3,60,58,28,32,24,demo,0.034710170079833395,0.06942034015966679,0.10413051023950018,0.3471017007983339,0.10413051023950018,0.971884762235335,2.0826102047900035,2.013189864630337,1.1107254425546687,0.8330440819160014,DF,6.07,484
1110.0,16,12.33,4,4,8,,,,Fermín González 60,Eldense,FW,28,MAR,Segunda,2425,29,5,5,8,11,13,9,demo,0.32441200324412,0.32441200324412,0.64882400648824,2.3519870235198703,0.40551500405515006,0.8921330089213301,0.40551500405515006,0.64882400648824,1.05433901054339,0.7299270072992701,FW,9.89,485
1847.0,26,20.52,9,4,13,,,,Mikel Núñez 64,Mirandés,"FW,MF",21,MAR,Segunda,2223,49,15,7,7,27,20,24,demo,0.4385964912280702,0.19493177387914232,0.6335282651072125,2.387914230019493,0.7309941520467836,1.3157894736842106,0.341130604288499,0.341130604288499,0.9746588693957116,1.1695906432748537,FW,15.52,486
2024.0,29,22.49,0,3,3,,,,Javier Díaz 69,Sporting,MF,33,URU,Segunda,2425,23,5,24,31,36,18,26,demo,0.0,0.1333926189417519,0.1333926189417519,1.022676745220098,0.2223210315695865,1.6007114273010228,1.0671409515340151,1.3783903957314363,0.8003557136505114,1.1560693641618498,MF,3.97,487
2422.0,35,26.91,6,6,12,,,,Álex Castro 70,Sporting,FW,31,MAR,Segunda,2223,52,17,8,12,32,32,29,demo,0.2229654403567447,0.2229654403567447,0.4459308807134894,1.932367149758454,0.63173541434411,1.1891490152359718,0.29728725380899296,0.4459308807134894,1.1891490152359718,1.0776662950575995,FW,6.51,488
2988.0,38,33.2,5,9,14,,,,Pablo Castro 75,Huesca,MF,23,FRA,Segunda,2425,37,15,48,43,66,36,48,demo,0.1506024096385542,0.2710843373493976,0.4216867469879518,1.114457831325301,0.4518072289156626,1.9879518072289155,1.4457831325301203,1.2951807228915662,1.0843373493975903,1.4457831325301203,MF,12.08,489
889.0,13,9.88,3,1,4,,,,Hugo Vargas 79,Elche,FW,17,ESP,Segunda,2223,14,7,5,6,18,8,9,demo,0.30364372469635625,0.10121457489878542,0.4048582995951417,1.4170040485829958,0.7085020242914979,1.8218623481781375,0.5060728744939271,0.6072874493927125,0.8097165991902834,0.9109311740890688,FW,16.16,490
3074.0,38,34.16,1,11,12,,,,Yeremy Castro 85,Cartagena,MF,36,URU,Segunda,2223,38,11,35,56,60,42,42,demo,0.02927400468384075,0.32201405152224827,0.35128805620608905,1.1124121779859486,0.32201405152224827,1.7564402810304451,1.0245901639344264,1.6393442622950822,1.2295081967213115,1.2295081967213115,MF,3.38,491
814.0,12,9.04,0,1,1,,,,Pedri Romero 90,Cartagena,DF,26,ESP,Segunda,2425,4,1,11,10,9,7,5,demo,0.0,0.11061946902654868,0.11061946902654868,0.4424778761061947,0.11061946902654868,0.9955752212389382,1.2168141592920354,1.106194690265487,0.7743362831858408,0.5530973451327434,DF,7.77,492
1472.0,21,16.36,1,1,2,,,,Nico Iglesias 94,Cartagena,DF,19,FRA,Segunda,2223,4,0,30,20,18,20,16,demo,0.06112469437652812,0.06112469437652812,0.12224938875305624,0.24449877750611249,0.0,1.1002444987775062,1.8337408312958436,1.2224938875305624,1.2224938875305624,0.9779951100244499,DF,11.78,493
1125.0,16,12.5,0,1,1,,,,Lamine Torres 2,Levante,DF,29,ESP,Segunda,2425,9,3,23,17,9,14,14,demo,0.0,0.08,0.08,0.72,0.24,0.72,1.84,1.36,1.12,1.12,DF,5.94,494
465.0,7,5.17,0,1,1,,,,Bryan García 3,Málaga,DF,24,BRA,Segunda,2223,0,0,8,3,5,3,6,demo,0.0,0.19342359767891684,0.19342359767891684,0.0,0.0,0.9671179883945842,1.5473887814313347,0.5802707930367504,0.5802707930367504,1.1605415860735009,DF,9.55,495
560.0,8,6.22,0,0,0,,,,Sergio Ruiz 8,Sporting,GK,21,MAR,Segunda,2425,0,0,1,1,0,5,3,demo,0.0,0.0,0.0,0.0,0.0,0.0,0.1607717041800643,0.1607717041800643,0.8038585209003216,0.48231511254019294,GK,9.5,496
497.0,7,5.52,2,2,4,,,,Iker Romero 12,Elche,"FW,MF",28,FRA,Segunda,2223,16,7,5,2,6,4,8,demo,0.3623188405797102,0.3623188405797102,0.7246376811594204,2.8985507246376816,1.2681159420289856,1.0869565217391306,0.9057971014492754,0.3623188405797102,0.7246376811594204,1.4492753623188408,FW,10.35,497
2384.0,34,26.49,1,1,2,,,,Marc Sánchez 17,Eldense,DF,22,FRA,Segunda,2425,8,1,54,40,19,39,24,demo,0.03775009437523594,0.03775009437523594,0.07550018875047187,0.3020007550018875,0.03775009437523594,0.7172517931294828,2.0385050962627407,1.5100037750094377,1.4722536806342017,0.9060022650056626,DF,9.68,498
1648.0,24,18.31,3,3,6,,,,Iker Romero 18,Oviedo,MF,34,BRA,Segunda,2223,17,4,25,20,36,24,20,demo,0.16384489350081924,0.16384489350081924,0.3276897870016385,0.9284543965046423,0.21845985800109233,1.9661387220098308,1.365374112506827,1.0922992900054616,1.310759148006554,1.0922992900054616,MF,3.98,499
2624.0,37,29.16,5,6,11,,,,Javier Navarro 23,Mirandés,MF,22,MAR,Segunda,2425,19,6,32,46,63,26,32,demo,0.17146776406035666,0.205761316872428,0.3772290809327846,0.6515775034293553,0.205761316872428,2.1604938271604937,1.0973936899862826,1.5775034293552812,0.8916323731138546,1.0973936899862826,MF,12.4,500
1868.0,27,20.76,10,2,12,,,,Takefusa Castro 27,Sporting,"FW,MF",27,ESP,Segunda,2223,57,15,10,9,22,25,20,demo,0.48169556840077066,0.09633911368015413,0.5780346820809248,2.745664739884393,0.722543352601156,1.0597302504816954,0.48169556840077066,0.4335260115606936,1.2042389210019266,0.9633911368015413,FW,10.26,501
2243.0,32,24.92,0,3,3,,,,Samu Moreno 32,Eldense,MF,22,ESP,Segunda,2425,29,12,28,32,45,31,35,demo,0.0,0.1203852327447833,0.1203852327447833,1.1637239165329052,0.4815409309791332,1.8057784911717494,1.1235955056179774,1.2841091492776886,1.2439807383627608,1.4044943820224718,MF,10.08,502
3356.0,38,37.29,3,1,4,,,,Lamine Martínez 33,Albacete,DF,33,FRA,Segunda,2223,17,5,67,71,29,45,44,demo,0.08045052292839903,0.026816840976133013,0.10726736390453205,0.4558862965942612,0.13408420488066505,0.7776883883078574,1.7967283454009118,1.9039957093054438,1.2067578439259856,1.1799410029498525,DF,3.88,503
3306.0,38,36.73,2,11,13,,,,Marc Vargas 38,Eldense,MF,25,ESP,Segunda,2425,41,15,40,48,63,46,37,demo,0.054451402123604685,0.29948271167982576,0.3539341138034305,1.1162537435338962,0.40838551592703515,1.7152191668935477,1.0890280424720937,1.3068336509665126,1.2523822488429077,1.0073509392866866,MF,10.15,504
2377.0,34,26.41,10,9,19,,,,Ante López 42,Huesca,"FW,MF",25,FRA,Segunda,2223,61,26,8,12,31,28,30,demo,0.37864445285876563,0.34078000757288907,0.7194244604316546,2.3097311624384704,0.9844755774327906,1.1737978038621735,0.3029155622870125,0.4543733434305187,1.0602044680045437,1.135933358576297,FW,12.9,505
1013.0,14,11.26,1,1,2,,,,Pablo Navarro 47,Eibar,FW,29,FRA,Segunda,2425,27,7,5,2,9,17,11,demo,0.08880994671403197,0.08880994671403197,0.17761989342806395,2.3978685612788633,0.6216696269982238,0.7992895204262878,0.44404973357015987,0.17761989342806395,1.5097690941385435,0.9769094138543517,FW,6.48,506
2660.0,38,29.56,5,6,11,,,,Yeremy Núñez 48,Granada,FW,29,ARG,Segunda,2223,74,27,14,18,34,32,35,demo,0.16914749661705009,0.2029769959404601,0.3721244925575102,2.503382949932341,0.9133964817320704,1.1502029769959405,0.4736129905277402,0.6089309878213802,1.0825439783491204,1.1840324763193506,FW,7.55,507
2434.0,35,27.04,13,3,16,,,,Fermín Núñez 53,Castellón,FW,22,ESP,Segunda,2425,64,22,13,14,27,41,19,demo,0.4807692307692308,0.11094674556213018,0.591715976331361,2.366863905325444,0.8136094674556213,0.9985207100591716,0.4807692307692308,0.5177514792899408,1.5162721893491125,0.7026627218934911,FW,14.33,508
1178.0,17,13.09,1,3,4,,,,Ante González 57,Mirandés,MF,23,ARG,Segunda,2223,11,3,20,20,28,6,16,demo,0.07639419404125286,0.2291825821237586,0.30557677616501144,0.8403361344537815,0.2291825821237586,2.1390374331550803,1.5278838808250572,1.5278838808250572,0.4583651642475172,1.2223071046600458,MF,11.1,509
1011.0,14,11.23,7,2,9,,,,Lamine Ortega 62,Granada,"FW,MF",22,ESP,Segunda,2425,20,5,8,3,11,12,12,demo,0.6233303650934995,0.17809439002671415,0.8014247551202137,1.7809439002671414,0.44523597506678536,0.9795191451469278,0.7123775601068566,0.26714158504007124,1.068566340160285,1.068566340160285,FW,16.21,510
2925.0,38,32.5,0,0,0,,,,Mikel Ramírez 63,Mirandés,GK,24,URU,Segunda,2223,0,0,3,0,1,35,36,demo,0.0,0.0,0.0,0.0,0.0,0.03076923076923077,0.09230769230769231,0.0,1.0769230769230769,1.1076923076923078,GK,8.0,511
2963.0,38,32.92,13,4,17,,,,Marc Ruiz 68,Racing Ferrol,FW,32,POR,Segunda,2425,75,30,11,31,41,42,33,demo,0.39489671931956255,0.12150668286755771,0.5164034021871202,2.2782503037667072,0.9113001215066828,1.2454434993924666,0.3341433778857837,0.9416767922235723,1.2758201701093559,1.0024301336573511,FW,6.07,512
1406.0,20,15.62,1,0,1,,,,Gavi Ortega 72,Córdoba,DF,25,POR,Segunda,2223,8,4,37,20,5,16,15,demo,0.06402048655569782,0.0,0.06402048655569782,0.5121638924455826,0.2560819462227913,0.32010243277848915,2.3687580025608197,1.2804097311139566,1.0243277848911652,0.9603072983354674,DF,7.98,513
2407.0,34,26.74,1,1,2,,,,Samu García 77,Almería,DF,32,MAR,Segunda,2425,10,2,49,43,25,33,48,demo,0.037397157816005985,0.037397157816005985,0.07479431563201197,0.3739715781600599,0.07479431563201197,0.9349289454001496,1.8324607329842932,1.6080777860882574,1.2341062079281975,1.7950635751682873,DF,4.3,514
935.0,13,10.39,0,0,0,,,,Carlos González 78,Córdoba,DF,20,ARG,Segunda,2223,6,3,14,11,11,7,9,demo,0.0,0.0,0.0,0.5774783445620789,0.28873917228103946,1.0587102983638113,1.3474494706448508,1.0587102983638113,0.6737247353224254,0.8662175168431183,DF,10.0,515
1948.0,28,21.64,9,4,13,,,,Iván García 83,Dépor,"FW,MF",25,URU,Segunda,2425,32,9,4,7,21,28,26,demo,0.41589648798521256,0.18484288354898337,0.6007393715341959,1.478743068391867,0.41589648798521256,0.9704251386321626,0.18484288354898337,0.3234750462107209,1.2939001848428835,1.2014787430683918,FW,12.01,516
688.0,10,7.64,2,3,5,,,,Marc Ortega 87,Córdoba,FW,31,MAR,Segunda,2223,14,5,2,2,9,11,8,demo,0.2617801047120419,0.39267015706806285,0.6544502617801048,1.8324607329842932,0.6544502617801048,1.1780104712041886,0.2617801047120419,0.2617801047120419,1.4397905759162304,1.0471204188481675,FW,7.45,517
849.0,12,9.43,1,1,2,,,,Iker Torres 92,Tenerife,DF,18,ARG,Segunda,2425,3,1,11,18,5,6,16,demo,0.10604453870625663,0.10604453870625663,0.21208907741251326,0.3181336161187699,0.10604453870625663,0.5302226935312832,1.166489925768823,1.9088016967126193,0.6362672322375398,1.696712619300106,DF,13.33,518
813.0,12,9.03,0,2,2,,,,Rodri Moreno 93,Córdoba,MF,23,ARG,Segunda,2223,7,5,16,12,10,12,9,demo,0.0,0.221483942414175,0.221483942414175,0.7751937984496124,0.5537098560354374,1.1074197120708749,1.7718715393134,1.3289036544850499,1.3289036544850499,0.9966777408637875,MF,10.38,519
2307.0,33,25.63,0,1,1,,,,Oihan Jiménez 1,Tenerife,DF,20,NGA,Segunda,2425,7,0,53,44,19,20,23,demo,0.0,0.03901677721420211,0.03901677721420211,0.2731174404994148,0.0,0.74131876706984,2.0678891923527116,1.7167381974248928,0.7803355442840422,0.8973858759266485,DF,10.39,520
3386.0,38,37.62,2,2,4,,,,Iker Ortega 5,Racing,DF,31,BRA,Segunda,2223,14,2,79,69,35,39,43,demo,0.053163211057947905,0.053163211057947905,0.10632642211589581,0.37214247740563533,0.053163211057947905,0.9303561935140883,2.0999468367889422,1.8341307814992027,1.0366826156299842,1.14300903774588,DF,4.98,521
1814.0,26,20.16,6,3,9,,,,Rodri López 10,Oviedo,FW,28,BRA,Segunda,2425,37,12,10,14,18,19,15,demo,0.2976190476190476,0.1488095238095238,0.44642857142857145,1.8353174603174602,0.5952380952380952,0.8928571428571429,0.49603174603174605,0.6944444444444444,0.9424603174603174,0.7440476190476191,FW,8.68,522
2629.0,38,29.21,13,8,21,,,,Hugo Ortega 16,Eibar,FW,18,MAR,Segunda,2425,62,18,9,16,30,32,38,demo,0.4450530640191715,0.27387880862718245,0.7189318726463539,2.1225607668606643,0.6162273194111605,1.0270455323519343,0.30811365970558025,0.5477576172543649,1.0955152345087298,1.3009243409791167,FW,18.91,523
1863.0,27,20.7,1,0,1,,,,Samu Alonso 20,Sporting,DF,26,POR,Segunda,2223,8,3,39,29,21,15,26,demo,0.04830917874396135,0.0,0.04830917874396135,0.3864734299516908,0.14492753623188406,1.0144927536231885,1.884057971014493,1.4009661835748792,0.7246376811594203,1.2560386473429952,DF,7.34,524
1951.0,28,21.68,1,0,1,,,,Oihan Moreno 25,Granada,DF,29,ARG,Segunda,2425,7,0,32,31,20,21,24,demo,0.046125461254612546,0.0,0.046125461254612546,0.32287822878228783,0.0,0.922509225092251,1.4760147601476015,1.429889298892989,0.9686346863468634,1.1070110701107012,DF,5.75,525
1262.0,18,14.02,1,2,3,,,,Hugo Núñez 26,Zaragoza B,MF,20,FRA,Segunda,2223,9,1,18,14,30,14,9,demo,0.07132667617689016,0.14265335235378032,0.21398002853067047,0.6419400855920114,0.07132667617689016,2.1398002853067046,1.2838801711840229,0.9985734664764623,0.9985734664764623,0.6419400855920114,MF,12.14,526
836.0,12,9.29,0,2,2,,,,Fermín Díaz 31,Eibar,MF,32,ESP,Segunda,2425,15,3,8,12,23,9,10,demo,0.0,0.21528525296017226,0.21528525296017226,1.6146393972012918,0.32292787944025836,2.475780409041981,0.861141011840689,1.2917115177610334,0.9687836383207751,1.0764262648008613,MF,4.86,527
2481.0,35,27.57,12,7,19,,,,Ayoze Díaz 35,Mirandés,"FW,MF",32,BRA,Segunda,2223,73,30,17,5,30,36,17,demo,0.4352557127312296,0.2538991657598839,0.6891548784911136,2.6478055857816467,1.088139281828074,1.088139281828074,0.6166122597025753,0.18135654697134565,1.3057671381936888,0.6166122597025753,FW,6.76,528
3258.0,38,36.2,16,5,21,,,,Marc Navarro 40,Eibar,FW,36,NGA,Segunda,2425,86,25,18,25,42,46,30,demo,0.4419889502762431,0.13812154696132595,0.580110497237569,2.3756906077348066,0.6906077348066297,1.160220994475138,0.49723756906077343,0.6906077348066297,1.2707182320441988,0.8287292817679557,FW,3.95,529
3257.0,38,36.19,0,0,0,,,,Álex Iglesias 41,Cartagena,DF,28,BRA,Segunda,2223,18,4,63,57,31,34,50,demo,0.0,0.0,0.0,0.49737496546007187,0.11052777010223819,0.856590218292346,1.7408123791102517,1.5750207239568943,0.9394860458690246,1.3815971262779774,DF,6.0,530
652.0,9,7.24,0,1,1,,,,Álex Torres 46,Racing,MF,30,FRA,Segunda,2425,11,2,10,12,12,10,8,demo,0.0,0.13812154696132597,0.13812154696132597,1.5193370165745856,0.27624309392265195,1.6574585635359116,1.3812154696132597,1.6574585635359116,1.3812154696132597,1.1049723756906078,MF,5.69,531
2571.0,37,28.57,1,1,2,,,,Álex Vargas 50,Albacete,DF,29,URU,Segunda,2223,14,4,46,45,25,34,20,demo,0.03500175008750438,0.03500175008750438,0.07000350017500875,0.49002450122506125,0.1400070003500175,0.8750437521876093,1.6100805040252013,1.575078753937697,1.1900595029751488,0.7000350017500875,DF,5.89,532
2265.0,32,25.17,3,4,7,,,,Fermín Ortega 55,Almería,MF,23,ARG,Segunda,2425,25,6,26,36,50,39,29,demo,0.11918951132300357,0.15891934843067143,0.278108859753675,0.9932459276916964,0.23837902264600713,1.9864918553833928,1.0329757647993643,1.430274135876043,1.5494636471990464,1.1521652761223677,MF,10.86,533
1065.0,15,11.83,1,0,1,,,,Sergio Ramírez 56,Castellón,DF,31,BRA,Segunda,2223,11,2,17,11,11,9,9,demo,0.08453085376162299,0.0,0.08453085376162299,0.9298393913778529,0.16906170752324598,0.9298393913778529,1.4370245139475908,0.9298393913778529,0.760777683854607,0.760777683854607,DF,4.88,534
797.0,11,8.86,1,1,2,,,,Iván García 61,Elche,MF,35,MAR,Segunda,2425,13,2,6,11,20,8,9,demo,0.11286681715575622,0.11286681715575622,0.22573363431151244,1.4672686230248309,0.22573363431151244,2.2573363431151243,0.6772009029345373,1.2415349887133185,0.9029345372460498,1.0158013544018059,MF,3.06,535
770.0,11,8.56,0,0,0,,,,Álex Vargas 65,Zaragoza B,GK,21,NGA,Segunda,2223,0,0,2,0,0,16,9,demo,0.0,0.0,0.0,0.0,0.0,0.0,0.2336448598130841,0.0,1.8691588785046729,1.0514018691588785,GK,9.5,536
2596.0,37,28.84,4,6,10,,,,Bryan Sánchez 70,Levante,MF,23,ARG,Segunda,2425,33,7,29,33,47,27,19,demo,0.13869625520110956,0.20804438280166435,0.34674063800277394,1.1442441054091539,0.24271844660194175,1.6296809986130374,1.0055478502080444,1.1442441054091539,0.9361997226074896,0.6588072122052705,MF,11.45,537
1091.0,16,12.12,4,1,5,,,,Javier Navarro 71,Elche,FW,20,ESP,Segunda,2223,24,5,9,6,17,16,17,demo,0.33003300330033003,0.08250825082508251,0.4125412541254126,1.9801980198019804,0.4125412541254126,1.4026402640264026,0.7425742574257426,0.4950495049504951,1.3201320132013201,1.4026402640264026,FW,14.13,538
2600.0,37,28.89,13,5,18,,,,Takefusa Núñez 76,Racing,FW,19,URU,Segunda,2425,72,30,8,13,20,40,29,demo,0.44998269297334714,0.17307026652821045,0.6230529595015576,2.4922118380062304,1.0384215991692627,0.6922810661128418,0.2769124264451367,0.44998269297334714,1.3845621322256836,1.0038075458636206,FW,17.04,539
2285.0,33,25.39,3,4,7,,,,Samu Romero 80,Castellón,MF,36,ESP,Segunda,2223,20,7,26,36,35,29,28,demo,0.11815675462780623,0.15754233950374164,0.27569909413154786,0.7877116975187082,0.27569909413154786,1.3784954706577393,1.0240252067743205,1.4178810555336747,1.1421819614021267,1.1027963765261914,MF,3.19,540
939.0,13,10.43,1,3,4,,,,Ayoze Núñez 85,Levante,MF,35,URU,Segunda,2425,11,4,18,11,16,12,12,demo,0.09587727708533078,0.28763183125599234,0.3835091083413231,1.0546500479386385,0.3835091083413231,1.5340364333652925,1.725790987535954,1.0546500479386385,1.1505273250239694,1.1505273250239694,MF,3.46,541
1843.0,26,20.48,4,2,6,,,,Iván Moreno 86,Castellón,"MF,DF",23,BRA,Segunda,2223,25,7,26,25,37,26,19,demo,0.1953125,0.09765625,0.29296875,1.220703125,0.341796875,1.806640625,1.26953125,1.220703125,1.26953125,0.927734375,MF,10.99,542
1615.0,23,17.94,3,3,6,,,,Nico Jiménez 91,Zaragoza,MF,20,ESP,Segunda,2425,12,4,26,19,39,20,28,demo,0.16722408026755853,0.16722408026755853,0.33444816053511706,0.6688963210702341,0.22296544035674468,2.1739130434782608,1.4492753623188406,1.0590858416945372,1.1148272017837235,1.560758082497213,MF,13.34,543
1565.0,22,17.39,2,1,3,,,,Nico Martínez 95,Castellón,MF,31,FRA,Segunda,2223,22,13,33,26,25,26,11,demo,0.11500862564692352,0.05750431282346176,0.17251293847038526,1.2650948821161587,0.7475560667050029,1.437607820586544,1.897642323174238,1.4951121334100057,1.4951121334100057,0.6325474410580794,MF,5.28,544
2052.0,29,22.8,4,0,4,,,,Bryan Vargas 4,Huesca,MF,28,BRA,Segunda,2223,29,7,29,33,44,25,28,demo,0.17543859649122806,0.0,0.17543859649122806,1.2719298245614035,0.30701754385964913,1.9298245614035088,1.2719298245614035,1.4473684210526316,1.0964912280701753,1.2280701754385965,MF,7.05,545
1943.0,28,21.59,6,5,11,,,,Pablo Vargas 9,Elche,"FW,MF",27,POR,Segunda,2425,50,14,8,12,23,15,20,demo,0.2779064381658175,0.2315886984715146,0.5094951366373321,2.3158869847151458,0.6484483557202408,1.0653080129689672,0.37054191755442334,0.555812876331635,0.6947660954145438,0.9263547938860583,FW,9.81,546
1286.0,18,14.29,2,0,2,,,,Unai Núñez 13,Castellón,DF,26,URU,Segunda,2223,7,2,22,19,13,11,17,demo,0.13995801259622115,0.0,0.13995801259622115,0.489853044086774,0.13995801259622115,0.9097270818754374,1.5395381385584326,1.3296011196641009,0.7697690692792163,1.1896431070678797,DF,7.98,547
1742.0,25,19.36,0,1,1,,,,Rodri Jiménez 18,Tenerife,DF,26,MAR,Segunda,2425,3,0,28,30,16,21,21,demo,0.0,0.05165289256198347,0.05165289256198347,0.15495867768595042,0.0,0.8264462809917356,1.4462809917355373,1.5495867768595042,1.084710743801653,1.084710743801653,DF,7.36,548
3386.0,38,37.62,3,0,3,,,,Ante Pérez 19,Córdoba,DF,22,NGA,Segunda,2223,19,3,61,64,32,46,37,demo,0.07974481658692185,0.0,0.07974481658692185,0.5050505050505051,0.07974481658692185,0.8506113769271665,1.621477937267411,1.701222753854333,1.2227538543328018,0.9835194045720362,DF,9.72,549
1767.0,25,19.63,0,0,0,,,,Hugo Navarro 24,Racing Ferrol,GK,29,ARG,Segunda,2425,0,0,1,2,1,25,16,demo,0.0,0.0,0.0,0.0,0.0,0.05094243504839532,0.05094243504839532,0.10188487009679063,1.273560876209883,0.8150789607743251,GK,5.5,550
978.0,14,10.87,0,0,0,,,,Yeremy Iglesias 28,Córdoba,DF,26,URU,Segunda,2223,4,0,26,15,10,13,14,demo,0.0,0.0,0.0,0.3679852805887765,0.0,0.9199632014719412,2.391904323827047,1.3799448022079117,1.1959521619135236,1.2879484820607177,DF,7.0,551
2481.0,35,27.57,0,2,2,,,,Ayoze Navarro 33,Córdoba,DF,18,URU,Segunda,2425,17,4,50,49,22,37,24,demo,0.0,0.07254261878853827,0.07254261878853827,0.6166122597025753,0.14508523757707653,0.7979688066739209,1.8135654697134567,1.7772941603191874,1.3420384475879579,0.8705114254624592,DF,11.8,552
971.0,14,10.79,2,2,4,,,,Rodri Jiménez 34,Mirandés,MF,36,NGA,Segunda,2223,11,4,17,19,23,15,8,demo,0.18535681186283598,0.18535681186283598,0.37071362372567196,1.019462465245598,0.37071362372567196,2.131603336422614,1.5755329008341057,1.7608897126969418,1.3901760889712698,0.7414272474513439,MF,3.43,553
1547.0,22,17.19,2,0,2,,,,Iván Castro 39,Tenerife,DF,21,ESP,Segunda,2425,9,2,33,20,12,22,16,demo,0.11634671320535193,0.0,0.11634671320535193,0.5235602094240838,0.11634671320535193,0.6980802792321117,1.919720767888307,1.1634671320535195,1.2798138452588714,0.9307737056428155,DF,10.61,554
2981.0,38,33.12,4,5,9,,,,Yeremy García 43,Tenerife,DF,25,BRA,Segunda,2223,15,7,61,55,27,42,40,demo,0.12077294685990339,0.15096618357487923,0.27173913043478265,0.4528985507246377,0.21135265700483094,0.8152173913043479,1.8417874396135268,1.6606280193236715,1.2681159420289856,1.2077294685990339,DF,9.54,555
814.0,12,9.04,0,0,0,,,,Pablo Ortega 48,Racing Ferrol,DF,30,MAR,Segunda,2425,6,1,15,13,6,4,9,demo,0.0,0.0,0.0,0.6637168141592921,0.11061946902654868,0.6637168141592921,1.6592920353982303,1.4380530973451329,0.4424778761061947,0.9955752212389382,DF,5.0,556
1802.0,26,20.02,6,3,9,,,,Gavi Navarro 49,Córdoba,FW,26,POR,Segunda,2223,52,19,7,10,18,18,14,demo,0.2997002997002997,0.14985014985014986,0.44955044955044954,2.5974025974025974,0.9490509490509491,0.8991008991008991,0.34965034965034963,0.4995004995004995,0.8991008991008991,0.6993006993006993,FW,10.15,557
3284.0,38,36.49,3,2,5,,,,Sergio Jiménez 54,Eibar,DF,24,POR,Segunda,2425,15,1,77,52,26,25,29,demo,0.0822143052891203,0.05480953685941353,0.13702384214853383,0.4110715264456015,0.027404768429706766,0.712523979172376,2.110167169087421,1.425047958344752,0.6851192107426692,0.7947382844614963,DF,9.1,558
1790.0,26,19.89,9,8,17,,,,Takefusa López 58,Oviedo,FW,21,POR,Segunda,2223,42,14,12,9,25,17,25,demo,0.45248868778280543,0.4022121669180493,0.8547008547008547,2.1116138763197587,0.7038712921065862,1.256913021618904,0.6033182503770739,0.45248868778280543,0.8547008547008547,1.256913021618904,FW,17.62,559
2487.0,36,27.63,1,1,2,,,,Fermín Sánchez 64,Elche,DF,24,NGA,Segunda,2223,11,2,42,63,23,30,30,demo,0.036192544335866814,0.036192544335866814,0.07238508867173363,0.39811798769453494,0.07238508867173363,0.8324285197249367,1.520086862106406,2.2801302931596092,1.0857763300760044,1.0857763300760044,DF,8.58,560
1930.0,28,21.44,7,6,13,,,,Iker Díaz 69,Almería,"FW,MF",23,FRA,Segunda,2425,40,11,9,9,21,30,26,demo,0.3264925373134328,0.2798507462686567,0.6063432835820896,1.8656716417910446,0.5130597014925373,0.9794776119402985,0.41977611940298504,0.41977611940298504,1.3992537313432836,1.212686567164179,FW,13.65,561
2313.0,33,25.7,0,0,0,,,,Nico Sánchez 73,Córdoba,GK,26,NGA,Segunda,2223,0,0,4,4,0,24,30,demo,0.0,0.0,0.0,0.0,0.0,0.0,0.1556420233463035,0.1556420233463035,0.933852140077821,1.1673151750972763,GK,7.0,562
3258.0,38,36.2,6,8,14,,,,Samu Torres 78,Levante,MF,33,NGA,Segunda,2425,24,2,46,37,61,33,29,demo,0.16574585635359115,0.22099447513812154,0.38674033149171266,0.6629834254143646,0.055248618784530384,1.6850828729281766,1.2707182320441988,1.022099447513812,0.9116022099447513,0.8011049723756906,MF,4.85,563
2766.0,38,30.73,11,10,21,,,,Rodri García 79,Burgos,FW,22,MAR,Segunda,2223,70,28,11,15,31,28,26,demo,0.35795639440286364,0.3254149040026033,0.683371298405467,2.277904328018223,0.9111617312072893,1.0087862024080703,0.35795639440286364,0.48812235600390497,0.9111617312072893,0.8460787504067686,FW,15.15,564
3149.0,38,34.99,14,4,18,,,,Iván Pérez 84,Levante,FW,35,BRA,Segunda,2425,83,28,19,23,42,37,36,demo,0.40011431837667905,0.11431837667905115,0.5144326950557302,2.3721063160903113,0.8002286367533581,1.200342955130037,0.5430122892254929,0.6573306659045441,1.0574449842812232,1.0288653901114604,FW,3.79,565
3385.0,38,37.61,16,4,20,,,,Mikel Navarro 88,Racing,"FW,MF",19,POR,Segunda,2223,84,30,15,17,31,39,35,demo,0.425418771603297,0.10635469290082425,0.5317734645041212,2.233448550917309,0.7976601967561818,0.8242488699813879,0.3988300983780909,0.4520074448285031,1.0369582557830364,0.9306035628822122,FW,16.08,566
2102.0,30,23.36,2,0,2,,,,Lamine Iglesias 93,Racing,DF,26,POR,Segunda,2425,9,2,38,36,22,32,20,demo,0.08561643835616438,0.0,0.08561643835616438,0.3852739726027397,0.08561643835616438,0.9417808219178082,1.6267123287671232,1.5410958904109588,1.36986301369863,0.8561643835616438,DF,7.6,567
2809.0,38,31.21,13,7,20,,,,Gavi Sánchez 94,Málaga,FW,25,MAR,Segunda,2223,74,29,8,15,46,24,32,demo,0.41653316244793337,0.2242870874719641,0.6408202499198975,2.3710349247036206,0.9291893623838513,1.4738865748157641,0.25632809996795897,0.4806151874399231,0.768984299903877,1.0253123998718359,FW,12.31,568
3142.0,38,34.91,1,2,3,,,,Hugo Sánchez 2,Elche,DF,21,MAR,Segunda,2425,14,4,78,54,30,51,27,demo,0.028645087367516475,0.05729017473503295,0.08593526210254943,0.40103122314523065,0.1145803494700659,0.8593526210254943,2.234316814666285,1.5468347178458897,1.4608994557433401,0.7734173589229448,DF,10.32,569
2084.0,30,23.16,3,0,3,,,,Oihan Pérez 6,Elche,DF,34,ARG,Segunda,2223,9,1,36,38,20,39,31,demo,0.12953367875647667,0.0,0.12953367875647667,0.38860103626943004,0.04317789291882556,0.8635578583765112,1.5544041450777202,1.6407599309153713,1.6839378238341969,1.3385146804835923,DF,3.39,570
3346.0,38,37.18,4,2,6,,,,Sergio Alonso 11,Burgos,DF,19,BRA,Segunda,2425,21,8,54,58,33,44,35,demo,0.10758472296933835,0.05379236148466918,0.16137708445400753,0.5648197955890264,0.2151694459386767,0.8875739644970414,1.4523937600860677,1.5599784830554062,1.183431952662722,0.9413663259817105,DF,12.19,571
1163.0,17,12.92,2,2,4,,,,Mikel Moreno 12,Almería,MF,18,NGA,Segunda,2223,12,5,23,22,26,14,17,demo,0.15479876160990713,0.15479876160990713,0.30959752321981426,0.9287925696594427,0.38699690402476783,2.0123839009287927,1.7801857585139318,1.7027863777089782,1.08359133126935,1.3157894736842106,MF,14.41,572
820.0,12,9.11,0,1,1,,,,Nico Ramírez 17,Tenerife,MF,34,NGA,Segunda,2425,10,4,7,18,11,10,6,demo,0.0,0.10976948408342481,0.10976948408342481,1.0976948408342482,0.43907793633369924,1.2074643249176729,0.7683863885839737,1.9758507135016468,1.0976948408342482,0.6586169045005489,MF,3.33,573
1160.0,17,12.89,2,3,5,,,,Takefusa Moreno 26,Zaragoza,FW,33,NGA,Segunda,2425,30,11,5,4,9,16,5,demo,0.1551590380139643,0.23273855702094645,0.3878975950349108,2.3273855702094646,0.8533747090768037,0.6982156710628393,0.3878975950349108,0.3103180760279286,1.2412723041117144,0.3878975950349108,FW,4.86,574
571.0,8,6.34,1,1,2,,,,Yeremy Ortega 27,Zaragoza B,DF,33,MAR,Segunda,2223,1,1,13,15,7,6,10,demo,0.15772870662460567,0.15772870662460567,0.31545741324921134,0.15772870662460567,0.15772870662460567,1.1041009463722398,2.050473186119874,2.365930599369085,0.9463722397476341,1.5772870662460567,DF,4.6,575
3030.0,38,33.67,10,5,15,,,,Oihan Pérez 32,Mirandés,FW,30,ESP,Segunda,2425,64,21,4,15,35,44,38,demo,0.297000297000297,0.1485001485001485,0.4455004455004455,1.9008019008019008,0.6237006237006236,1.0395010395010396,0.1188001188001188,0.4455004455004455,1.3068013068013067,1.1286011286011286,FW,7.23,576
2168.0,31,24.09,9,4,13,,,,Samu Navarro 36,Cartagena,FW,17,FRA,Segunda,2223,59,19,10,16,23,25,15,demo,0.37359900373599003,0.16604400166044,0.5396430053964301,2.4491490244914904,0.7887090078870901,0.9547530095475301,0.41511000415110005,0.66417600664176,1.03777501037775,0.6226650062266501,FW,17.71,577
1045.0,15,11.61,6,1,7,,,,Iván Castro 41,Racing Ferrol,FW,36,BRA,Segunda,2425,27,12,6,3,11,14,10,demo,0.516795865633075,0.08613264427217916,0.6029285099052542,2.3255813953488373,1.03359173126615,0.9474590869939707,0.516795865633075,0.2583979328165375,1.2058570198105083,0.8613264427217916,FW,4.01,578
2397.0,34,26.63,1,4,5,,,,Yeremy Núñez 42,Castellón,MF,25,POR,Segunda,2223,29,9,35,30,37,32,32,demo,0.03755163349605708,0.1502065339842283,0.1877581674802854,1.0889973713856553,0.33796470146451374,1.389410439354112,1.314307172361998,1.1265490048817124,1.2016522718738265,1.2016522718738265,MF,8.91,579
1292.0,18,14.36,2,4,6,,,,Álex Jiménez 47,Málaga,MF,26,NGA,Segunda,2425,13,5,16,15,25,12,17,demo,0.1392757660167131,0.2785515320334262,0.4178272980501393,0.9052924791086351,0.34818941504178275,1.7409470752089138,1.1142061281337048,1.0445682451253482,0.8356545961002786,1.1838440111420614,MF,9.92,580
2720.0,38,30.22,0,1,1,,,,Gavi Núñez 51,Levante,DF,30,ARG,Segunda,2223,14,3,45,44,12,25,23,demo,0.0,0.03309066843150232,0.03309066843150232,0.4632693580410324,0.09927200529450696,0.39708802117802783,1.4890800794176042,1.455989410986102,0.827266710787558,0.7610853739245533,DF,5.17,581
469.0,7,5.21,0,0,0,,,,Hugo Ruiz 56,Almería,GK,21,MAR,Segunda,2425,0,0,1,0,1,12,8,demo,0.0,0.0,0.0,0.0,0.0,0.19193857965451055,0.19193857965451055,0.0,2.3032629558541267,1.5355086372360844,GK,9.5,582
2166.0,31,24.07,5,5,10,,,,Bryan Ruiz 57,Albacete,MF,27,URU,Segunda,2223,25,7,36,33,52,20,24,demo,0.2077274615704196,0.2077274615704196,0.4154549231408392,1.038637307852098,0.29081844619858743,2.160365600332364,1.4956377233070213,1.3710012463647694,0.8309098462816784,0.9970918155380141,MF,9.2,583
792.0,11,8.8,0,1,1,,,,Gavi González 62,Huesca,DF,17,NGA,Segunda,2425,7,1,16,14,7,6,8,demo,0.0,0.11363636363636363,0.11363636363636363,0.7954545454545454,0.11363636363636363,0.7954545454545454,1.8181818181818181,1.5909090909090908,0.6818181818181818,0.9090909090909091,DF,12.81,584
1250.0,18,13.89,0,0,0,,,,Lamine Sánchez 66,Albacete,GK,21,ESP,Segunda,2223,0,0,1,1,1,17,16,demo,0.0,0.0,0.0,0.0,0.0,0.07199424046076314,0.07199424046076314,0.07199424046076314,1.2239020878329734,1.1519078473722102,GK,9.5,585
753.0,11,8.37,0,0,0,,,,Iker Martínez 71,Almería,MF,23,URU,Segunda,2425,4,0,10,7,23,7,11,demo,0.0,0.0,0.0,0.47789725209080053,0.0,2.747909199522103,1.1947431302270013,0.8363201911589009,0.8363201911589009,1.3142174432497014,MF,8.5,586
3196.0,38,35.51,3,4,7,,,,Sergio Vargas 72,Cartagena,DF,22,FRA,Segunda,2223,13,1,62,56,35,42,37,demo,0.08448324415657561,0.11264432554210083,0.19712756969867645,0.36609405801182765,0.028161081385525207,0.9856378484933822,1.7459870459025628,1.5770205575894116,1.1827654181920586,1.0419600112644327,DF,10.77,587
2757.0,38,30.63,0,1,1,,,,Iván Ramírez 77,Zaragoza,DF,34,POR,Segunda,2425,16,6,70,40,29,33,26,demo,0.0,0.0326477309826967,0.0326477309826967,0.5223636957231472,0.1958863858961802,0.9467841984982044,2.2853411687887695,1.3059092393078682,1.0773751224289911,0.8488410055501143,DF,3.1,588
1924.0,27,21.38,7,3,10,,,,Samu Díaz 81,Elche,FW,32,FRA,Segunda,2223,40,7,12,12,29,27,15,demo,0.32740879326473343,0.14031805425631433,0.4677268475210477,1.8709073900841908,0.32740879326473343,1.3564078578110383,0.5612722170252573,0.5612722170252573,1.262862488306829,0.7015902712815716,FW,5.87,589
1765.0,25,19.61,5,2,7,,,,Pedri Castro 86,Mirandés,FW,21,POR,Segunda,2425,50,14,7,4,15,24,17,demo,0.25497195308516063,0.10198878123406425,0.35696073431922487,2.5497195308516063,0.7139214686384497,0.7649158592554819,0.35696073431922487,0.2039775624681285,1.2238653748087711,0.8669046404895462,FW,12.89,590
950.0,14,10.56,1,2,3,,,,Álex Sánchez 92,Granada,FW,30,ESP,Segunda,2425,18,4,3,6,16,9,8,demo,0.0946969696969697,0.1893939393939394,0.28409090909090906,1.7045454545454544,0.3787878787878788,1.5151515151515151,0.28409090909090906,0.5681818181818181,0.8522727272727272,0.7575757575757576,FW,6.42,591
1990.0,28,22.11,8,7,15,,,,Carlos Pérez 96,Mirandés,MF,32,NGA,Segunda,2223,27,10,29,29,36,22,21,demo,0.3618272274988693,0.31659882406151063,0.6784260515603799,1.2211668928086838,0.4522840343735866,1.628222523744912,1.3116236996834012,1.3116236996834012,0.9950248756218906,0.9497964721845319,MF,6.71,592
1107.0,16,12.3,1,2,3,,,,Iker Ramírez 4,Racing,DF,18,URU,Segunda,2425,7,1,26,23,10,17,14,demo,0.08130081300813008,0.16260162601626016,0.24390243902439024,0.5691056910569106,0.08130081300813008,0.8130081300813008,2.113821138211382,1.8699186991869918,1.3821138211382114,1.1382113821138211,DF,13.68,593
810.0,12,9.0,1,2,3,,,,Samu Torres 5,Burgos,MF,36,URU,Segunda,2223,8,3,11,8,25,7,7,demo,0.1111111111111111,0.2222222222222222,0.3333333333333333,0.8888888888888888,0.3333333333333333,2.7777777777777777,1.2222222222222223,0.8888888888888888,0.7777777777777778,0.7777777777777778,MF,3.33,594
2259.0,32,25.1,2,2,4,,,,Rodri Díaz 14,Cartagena,DF,30,ARG,Segunda,2223,8,2,50,29,32,31,22,demo,0.0796812749003984,0.0796812749003984,0.1593625498007968,0.3187250996015936,0.0796812749003984,1.2749003984063745,1.99203187250996,1.1553784860557768,1.2350597609561753,0.8764940239043825,DF,5.8,595
1196.0,17,13.29,1,3,4,,,,Carlos López 19,Levante,MF,35,FRA,Segunda,2425,16,8,16,21,26,20,9,demo,0.07524454477050414,0.22573363431151244,0.3009781790820166,1.2039127163280663,0.6019563581640331,1.9563581640331078,1.2039127163280663,1.580135440180587,1.5048908954100828,0.6772009029345373,MF,3.25,596
1866.0,27,20.73,0,2,2,,,,Ayoze Iglesias 20,Zaragoza B,MF,27,URU,Segunda,2223,28,10,23,21,46,28,17,demo,0.0,0.09647853352629039,0.09647853352629039,1.3506994693680656,0.482392667631452,2.219006271104679,1.1095031355523395,1.0130246020260492,1.3506994693680656,0.8200675349734684,MF,7.13,597
1881.0,27,20.9,3,3,6,,,,Sergio Romero 25,Cartagena,MF,22,MAR,Segunda,2425,27,9,29,39,43,25,18,demo,0.14354066985645933,0.14354066985645933,0.28708133971291866,1.291866028708134,0.430622009569378,2.057416267942584,1.3875598086124403,1.8660287081339715,1.1961722488038278,0.861244019138756,MF,11.58,598
1924.0,27,21.38,0,8,8,,,,Takefusa Torres 29,Racing,MF,27,FRA,Segunda,2223,24,8,22,23,43,15,24,demo,0.0,0.3741814780168382,0.3741814780168382,1.1225444340505146,0.3741814780168382,2.0112254443405053,1.028999064546305,1.0757717492984098,0.7015902712815716,1.1225444340505146,MF,8.93,599
3248.0,38,36.09,2,1,3,,,,Javier Núñez 34,Málaga,DF,27,NGA,Segunda,2425,12,3,56,65,30,36,40,demo,0.055417013022998056,0.027708506511499028,0.08312551953449708,0.3325020781379883,0.08312551953449708,0.8312551953449708,1.5516763646439455,1.8010529232474368,0.997506234413965,1.108340260459961,DF,7.04,600
3091.0,38,34.34,7,6,13,,,,Sergio Ortega 35,Oviedo,"DF,MF",23,FRA,Segunda,2223,34,7,45,53,56,34,22,demo,0.203843913803145,0.17472335468841,0.378567268491555,0.99009900990099,0.203843913803145,1.63075131042516,1.310425160163075,1.543389633080955,0.99009900990099,0.64065230052417,DF,11.72,601
683.0,10,7.59,3,1,4,,,,Yeremy Ortega 40,Córdoba,FW,36,MAR,Segunda,2425,18,7,4,1,10,9,11,demo,0.3952569169960474,0.13175230566534915,0.5270092226613966,2.3715415019762847,0.922266139657444,1.3175230566534915,0.5270092226613966,0.13175230566534915,1.1857707509881423,1.4492753623188406,FW,3.82,602
1502.0,21,16.69,5,1,6,,,,Ante Pérez 44,Zaragoza,FW,17,ESP,Segunda,2223,38,12,4,8,22,22,15,demo,0.29958058717795083,0.059916117435590166,0.359496704613541,2.2768124625524266,0.718993409227082,1.3181545835829838,0.23966446974236066,0.47932893948472133,1.3181545835829838,0.8987417615338525,FW,15.63,603
1722.0,25,19.13,3,2,5,,,,Takefusa Jiménez 49,Tenerife,MF,29,URU,Segunda,2425,17,5,20,31,31,23,14,demo,0.15682174594877157,0.10454783063251438,0.26136957658128596,0.8886565603763722,0.26136957658128596,1.6204913748039729,1.0454783063251438,1.6204913748039729,1.2023000522739153,0.7318348144276007,MF,6.94,604
794.0,11,8.82,1,1,2,,,,Samu Pérez 50,Albacete,MF,23,FRA,Segunda,2223,12,3,10,11,13,9,10,demo,0.11337868480725623,0.11337868480725623,0.22675736961451246,1.3605442176870748,0.3401360544217687,1.473922902494331,1.1337868480725624,1.2471655328798186,1.0204081632653061,1.1337868480725624,MF,10.43,605
898.0,13,9.98,1,1,2,,,,Iker Navarro 55,Córdoba,MF,27,ESP,Segunda,2425,7,6,18,9,19,8,10,demo,0.1002004008016032,0.1002004008016032,0.2004008016032064,0.7014028056112224,0.6012024048096192,1.9038076152304608,1.8036072144288577,0.9018036072144289,0.8016032064128256,1.002004008016032,MF,7.8,606
2437.0,35,27.08,2,2,4,,,,Mikel Ortega 59,Sporting,DF,19,NGA,Segunda,2223,10,4,55,45,16,48,38,demo,0.07385524372230429,0.07385524372230429,0.14771048744460857,0.36927621861152143,0.14771048744460857,0.5908419497784343,2.031019202363368,1.6617429837518465,1.7725258493353029,1.4032496307237814,DF,12.05,607
3242.0,38,36.02,15,9,24,,,,Unai Moreno 64,Almería,FW,34,NGA,Segunda,2425,79,26,14,18,48,43,32,demo,0.41643531371460296,0.24986118822876177,0.6662965019433648,2.1932259855635756,0.7218212104386451,1.3325930038867295,0.3886729594669628,0.49972237645752354,1.1937812326485284,0.8883953359244863,FW,5.0,608
1294.0,18,14.38,4,3,7,,,,Takefusa Díaz 65,Huesca,FW,17,NGA,Segunda,2223,33,13,4,4,19,20,17,demo,0.27816411682892905,0.2086230876216968,0.48678720445062584,2.2948539638386647,0.9040333796940194,1.321279554937413,0.27816411682892905,0.27816411682892905,1.3908205841446453,1.1821974965229485,FW,17.1,609
876.0,13,9.73,0,1,1,,,,Pedri González 70,Albacete,DF,19,URU,Segunda,2425,2,0,23,13,4,9,7,demo,0.0,0.10277492291880781,0.10277492291880781,0.20554984583761562,0.0,0.41109969167523125,2.3638232271325794,1.3360739979445015,0.9249743062692702,0.7194244604316546,DF,11.58,610
1207.0,17,13.41,2,3,5,,,,Fermín Sánchez 74,Elche,FW,34,FRA,Segunda,2223,26,5,3,6,24,15,13,demo,0.14914243102162564,0.22371364653243847,0.37285607755406414,1.9388516032811334,0.37285607755406414,1.7897091722595078,0.22371364653243847,0.44742729306487694,1.1185682326621924,0.9694258016405667,FW,4.12,611
2838.0,38,31.53,0,4,4,,,,Lamine Sánchez 79,Eldense,"MF,DF",23,FRA,Segunda,2425,28,9,55,39,55,27,29,demo,0.0,0.12686330478908975,0.12686330478908975,0.8880431335236283,0.2854424357754519,1.744370440849984,1.744370440849984,1.236917221693625,0.8563273073263559,0.9197589597209007,MF,9.58,612
1613.0,23,17.92,0,0,0,,,,Lamine Castro 80,Cartagena,GK,19,MAR,Segunda,2223,0,0,4,0,0,20,17,demo,0.0,0.0,0.0,0.0,0.0,0.0,0.2232142857142857,0.0,1.1160714285714284,0.9486607142857142,GK,10.5,613
995.0,14,11.06,0,0,0,,,,Ante Castro 85,Oviedo,GK,21,NGA,Segunda,2425,0,0,3,0,0,15,6,demo,0.0,0.0,0.0,0.0,0.0,0.0,0.27124773960216997,0.0,1.3562386980108498,0.5424954792043399,GK,9.5,614
2744.0,38,30.49,0,0,0,,,,Samu Jiménez 89,Levante,GK,25,ARG,Segunda,2223,1,0,1,0,0,33,30,demo,0.0,0.0,0.0,0.03279763857002296,0.0,0.0,0.03279763857002296,0.0,1.0823220728107577,0.9839291571006888,GK,7.5,615
934.0,13,10.38,6,2,8,,,,Javier González 94,Racing Ferrol,FW,35,MAR,Segunda,2425,20,4,1,1,13,8,11,demo,0.5780346820809248,0.19267822736030826,0.770712909441233,1.9267822736030826,0.3853564547206165,1.2524084778420037,0.09633911368015413,0.09633911368015413,0.770712909441233,1.0597302504816954,FW,4.43,616
949.0,14,10.54,0,0,0,,,,Álex Martínez 95,Oviedo,MF,36,ARG,Segunda,2223,16,7,14,18,18,16,12,demo,0.0,0.0,0.0,1.5180265654648957,0.6641366223908919,1.7077798861480078,1.3282732447817838,1.7077798861480078,1.5180265654648957,1.1385199240986719,MF,2.5,617
1542.0,22,17.13,1,2,3,,,,Hugo Pérez 3,Mirandés,DF,27,ESP,Segunda,2425,8,2,24,30,11,21,22,demo,0.05837711617046118,0.11675423234092236,0.17513134851138354,0.46701692936368944,0.11675423234092236,0.642148277875073,1.4010507880910683,1.7513134851138354,1.2259194395796849,1.284296555750146,DF,7.64,618
945.0,14,10.5,2,4,6,,,,Carlos Sánchez 7,Málaga,MF,32,POR,Segunda,2223,12,5,14,18,19,8,13,demo,0.19047619047619047,0.38095238095238093,0.5714285714285714,1.1428571428571428,0.47619047619047616,1.8095238095238095,1.3333333333333333,1.7142857142857142,0.7619047619047619,1.2380952380952381,MF,6.29,619
1803.0,26,20.03,4,3,7,,,,Iker Ruiz 12,Málaga,MF,35,URU,Segunda,2425,19,4,33,25,31,25,13,demo,0.19970044932601097,0.14977533699450823,0.3494757863205192,0.9485771342985522,0.19970044932601097,1.547678482276585,1.6475287069395905,1.2481278082875686,1.2481278082875686,0.6490264603095357,MF,3.37,620
658.0,9,7.31,5,0,5,,,,Bryan Iglesias 13,Tenerife,FW,35,MAR,Segunda,2223,12,2,2,2,17,8,11,demo,0.6839945280437757,0.0,0.6839945280437757,1.6415868673050615,0.27359781121751026,2.3255813953488373,0.27359781121751026,0.27359781121751026,1.094391244870041,1.5047879616963065,FW,4.21,621
1137.0,16,12.63,1,1,2,,,,Hugo Romero 18,Racing Ferrol,FW,20,MAR,Segunda,2425,20,14,6,7,11,14,15,demo,0.0791765637371338,0.0791765637371338,0.1583531274742676,1.583531274742676,1.1084718923198733,0.8709422011084719,0.4750593824228028,0.5542359461599367,1.1084718923198733,1.187648456057007,FW,11.58,622
2382.0,34,26.47,2,9,11,,,,Mikel Romero 22,Castellón,MF,34,MAR,Segunda,2223,35,8,31,31,39,25,23,demo,0.07555723460521345,0.34000755572346053,0.415564790328674,1.3222516055912354,0.3022289384208538,1.4733660748016624,1.1711371363808085,1.1711371363808085,0.9444654325651681,0.8689081979599547,MF,4.25,623
1540.0,22,17.11,0,2,2,,,,Takefusa Alonso 27,Zaragoza B,DF,27,POR,Segunda,2425,3,0,34,34,7,26,13,demo,0.0,0.11689070718877849,0.11689070718877849,0.17533606078316774,0.0,0.4091174751607247,1.9871420222092344,1.9871420222092344,1.5195791934541205,0.7597895967270603,DF,7.26,624
2978.0,38,33.09,1,5,6,,,,Lamine Díaz 28,Tenerife,DF,22,ARG,Segunda,2223,15,7,61,56,22,36,41,demo,0.030220610456331214,0.15110305228165608,0.18132366273798728,0.4533091568449682,0.2115442731943185,0.6648534300392868,1.8434572378362042,1.692354185554548,1.0879419764279237,1.2390450287095798,DF,10.63,625
756.0,11,8.4,1,0,1,,,,Hugo Ruiz 33,Dépor,DF,34,POR,Segunda,2425,3,1,18,12,11,12,12,demo,0.11904761904761904,0.0,0.11904761904761904,0.35714285714285715,0.11904761904761904,1.3095238095238095,2.142857142857143,1.4285714285714286,1.4285714285714286,1.4285714285714286,DF,3.36,626
2729.0,38,30.32,2,4,6,,,,Rodri García 37,Albacete,MF,25,MAR,Segunda,2223,28,7,45,37,58,44,33,demo,0.06596306068601583,0.13192612137203166,0.19788918205804748,0.9234828496042217,0.23087071240105542,1.912928759894459,1.4841688654353562,1.220316622691293,1.4511873350923483,1.0883905013192612,MF,8.98,627
669.0,10,7.43,0,1,1,,,,Marc Moreno 42,Elche,DF,36,MAR,Segunda,2425,2,0,14,11,4,10,4,demo,0.0,0.13458950201884254,0.13458950201884254,0.2691790040376851,0.0,0.5383580080753702,1.8842530282637955,1.4804845222072678,1.3458950201884254,0.5383580080753702,DF,2.84,628
1952.0,28,21.69,18,5,23,,,,Nico Alonso 43,Zaragoza B,FW,28,NGA,Segunda,2223,42,20,12,14,23,28,20,demo,0.8298755186721991,0.2305209774089442,1.0603964960811434,1.9363762102351312,0.9220839096357768,1.0603964960811434,0.553250345781466,0.6454587367450437,1.2909174734900875,0.9220839096357768,FW,12.36,629
1910.0,27,21.22,12,4,16,,,,Mikel Alonso 52,Elche,"FW,MF",27,URU,Segunda,2223,46,16,13,11,30,22,23,demo,0.5655042412818096,0.18850141376060323,0.7540056550424129,2.167766258246937,0.7540056550424129,1.413760603204524,0.6126295947219604,0.5183788878416589,1.0367577756833177,1.0838831291234685,FW,11.4,630
3333.0,38,37.03,14,7,21,,,,Oihan García 57,Zaragoza B,FW,26,NGA,Segunda,2425,88,27,12,20,33,36,39,demo,0.3780718336483932,0.1890359168241966,0.5671077504725898,2.3764515257899,0.7291385363219012,0.8911693221712125,0.3240615716986227,0.5401026194977046,0.9721847150958682,1.0532001080205238,FW,10.97,631
1422.0,20,15.8,1,3,4,,,,Nico Núñez 58,Granada,FW,25,NGA,Segunda,2223,33,10,7,9,21,19,16,demo,0.06329113924050632,0.18987341772151897,0.2531645569620253,2.088607594936709,0.6329113924050632,1.3291139240506329,0.4430379746835443,0.5696202531645569,1.2025316455696202,1.0126582278481011,FW,9.4,632
2648.0,38,29.42,7,6,13,,,,Javier Núñez 63,Dépor,MF,34,ESP,Segunda,2425,31,7,40,32,58,36,25,demo,0.23793337865397687,0.20394289598912305,0.4418762746430999,1.053704962610469,0.23793337865397687,1.9714479945615226,1.3596193065941535,1.087695445275323,1.2236573759347382,0.849762066621346,MF,4.33,633
1989.0,28,22.1,6,5,11,,,,Bryan Ruiz 67,Málaga,FW,18,POR,Segunda,2223,51,20,11,16,26,16,18,demo,0.27149321266968324,0.2262443438914027,0.4977375565610859,2.3076923076923075,0.9049773755656108,1.176470588235294,0.4977375565610859,0.7239819004524887,0.7239819004524887,0.8144796380090498,FW,16.48,634
1442.0,21,16.02,1,0,1,,,,Hugo López 72,Eldense,DF,28,BRA,Segunda,2425,10,3,44,28,12,18,16,demo,0.062421972534332085,0.0,0.062421972534332085,0.6242197253433208,0.18726591760299627,0.7490636704119851,2.746566791510612,1.7478152309612984,1.1235955056179776,0.9987515605493134,DF,6.37,635
656.0,9,7.29,1,1,2,,,,Pablo Iglesias 78,Cartagena,MF,22,FRA,Segunda,2425,5,2,10,9,11,4,9,demo,0.13717421124828533,0.13717421124828533,0.27434842249657065,0.6858710562414266,0.27434842249657065,1.5089163237311385,1.3717421124828533,1.2345679012345678,0.5486968449931413,1.2345679012345678,MF,11.47,636
2016.0,29,22.4,0,1,1,,,,Bryan Pérez 82,Oviedo,DF,34,POR,Segunda,2223,12,4,39,32,15,29,23,demo,0.0,0.044642857142857144,0.044642857142857144,0.5357142857142857,0.17857142857142858,0.6696428571428572,1.7410714285714286,1.4285714285714286,1.2946428571428572,1.0267857142857144,DF,3.13,637
2551.0,36,28.34,13,8,21,,,,Iván Vargas 87,Mirandés,FW,24,BRA,Segunda,2425,61,26,15,20,42,34,30,demo,0.45871559633027525,0.2822865208186309,0.7410021171489062,2.1524347212420607,0.9174311926605505,1.4820042342978124,0.529287226534933,0.7057163020465773,1.1997177134791814,1.058574453069866,FW,13.93,638
792.0,11,8.8,1,2,3,,,,Pablo Sánchez 88,Zaragoza B,MF,35,BRA,Segunda,2223,12,5,9,12,17,9,7,demo,0.11363636363636363,0.22727272727272727,0.3409090909090909,1.3636363636363635,0.5681818181818181,1.9318181818181817,1.0227272727272727,1.3636363636363635,1.0227272727272727,0.7954545454545454,MF,3.35,639
3031.0,38,33.68,3,1,4,,,,Iker García 93,Málaga,DF,20,ESP,Segunda,2425,13,0,54,53,31,32,34,demo,0.08907363420427554,0.02969121140142518,0.11876484560570072,0.3859857482185273,0.0,0.9204275534441805,1.6033254156769596,1.5736342042755345,0.9501187648456058,1.009501187648456,DF,11.19,640
3021.0,38,33.57,2,3,5,,,,Iker Díaz 5,Racing Ferrol,DF,30,BRA,Segunda,2425,11,6,72,35,33,45,23,demo,0.05957700327673518,0.08936550491510277,0.14894250819183794,0.3276735180220435,0.17873100983020554,0.9830205540661304,2.1447721179624666,1.0425975573428656,1.3404825737265416,0.6851355376824546,DF,5.74,641
1441.0,21,16.01,5,2,7,,,,Ayoze Sánchez 6,Levante,MF,26,ESP,Segunda,2223,21,8,23,31,31,13,19,demo,0.3123048094940662,0.12492192379762647,0.43722673329169265,1.311680199875078,0.4996876951905059,1.9362898188632103,1.4366021236727045,1.9362898188632103,0.8119925046845721,1.1867582760774515,MF,10.06,642
3214.0,38,35.71,2,6,8,,,,Yeremy Iglesias 11,Córdoba,MF,33,NGA,Segunda,2425,36,12,50,34,73,42,41,demo,0.056006720806496775,0.16802016241949033,0.2240268832259871,1.008120974516942,0.33604032483898066,2.0442453094371325,1.4001680201624194,0.9521142537104452,1.1761411369364323,1.148137776533184,MF,4.28,643
1258.0,18,13.98,2,2,4,,,,Fermín Jiménez 15,Eibar,MF,24,POR,Segunda,2223,11,5,25,22,21,14,16,demo,0.14306151645207438,0.14306151645207438,0.28612303290414876,0.7868383404864091,0.35765379113018597,1.502145922746781,1.78826895565093,1.5736766809728182,1.0014306151645207,1.144492131616595,MF,10.29,644
479.0,7,5.32,0,2,2,,,,Bryan Pérez 20,Castellón,MF,26,URU,Segunda,2425,9,5,10,6,8,8,8,demo,0.0,0.37593984962406013,0.37593984962406013,1.6917293233082706,0.9398496240601504,1.5037593984962405,1.8796992481203008,1.1278195488721805,1.5037593984962405,1.5037593984962405,MF,9.63,645
524.0,7,5.82,0,1,1,,,,Ante Iglesias 21,Dépor,"MF,DF",36,ESP,Segunda,2223,10,4,9,2,15,5,6,demo,0.0,0.1718213058419244,0.1718213058419244,1.7182130584192439,0.6872852233676976,2.5773195876288657,1.5463917525773194,0.3436426116838488,0.8591065292096219,1.0309278350515463,MF,2.93,646
1371.0,20,15.23,0,1,1,,,,Bryan García 26,Eibar,DF,18,BRA,Segunda,2425,5,1,26,27,16,22,12,demo,0.0,0.06565988181221273,0.06565988181221273,0.3282994090610637,0.06565988181221273,1.0505581089954037,1.707156927117531,1.7728168089297438,1.4445173998686802,0.7879185817465528,DF,11.72,647
2475.0,35,27.5,4,7,11,,,,Fermín Vargas 30,Tenerife,"MF,DF",31,BRA,Segunda,2223,39,9,37,31,53,28,23,demo,0.14545454545454545,0.2545454545454545,0.4,1.4181818181818182,0.32727272727272727,1.9272727272727272,1.3454545454545455,1.1272727272727272,1.018181818181818,0.8363636363636363,MF,6.3,648
1204.0,17,13.38,0,0,0,,,,Carlos Ortega 35,Mirandés,DF,31,MAR,Segunda,2425,7,3,33,17,13,15,17,demo,0.0,0.0,0.0,0.523168908819133,0.22421524663677128,0.9715994020926756,2.4663677130044843,1.2705530642750373,1.1210762331838564,1.2705530642750373,DF,4.5,649
2357.0,34,26.19,2,2,4,,,,Mikel Torres 36,Zaragoza B,MF,17,MAR,Segunda,2223,29,6,27,31,56,32,15,demo,0.07636502481863307,0.07636502481863307,0.15273004963726614,1.1072928598701794,0.2290950744558992,2.138220694921726,1.0309278350515463,1.1836578846888124,1.221840397098129,0.572737686139748,MF,13.26,650
2012.0,29,22.36,3,1,4,,,,Takefusa Núñez 41,Racing,MF,19,BRA,Segunda,2425,19,6,39,24,38,34,23,demo,0.13416815742397137,0.044722719141323794,0.17889087656529518,0.8497316636851521,0.26833631484794274,1.6994633273703041,1.744186046511628,1.073345259391771,1.520572450805009,1.0286225402504472,MF,12.38,651
2654.0,38,29.49,6,8,14,,,,Rodri Torres 50,Dépor,"MF,DF",27,ESP,Segunda,2425,32,8,41,41,47,37,38,demo,0.2034587995930824,0.2712783994574432,0.47473719905052564,1.0851135978297728,0.2712783994574432,1.5937605968124788,1.3903017972193965,1.3903017972193965,1.2546625974906749,1.2885723974228553,MF,9.59,652
2363.0,34,26.26,2,7,9,,,,Bryan Navarro 51,Levante,MF,23,URU,Segunda,2223,27,11,31,39,64,29,18,demo,0.07616146230007616,0.26656511805026656,0.3427265803503427,1.028179741051028,0.41888804265041885,2.437166793602437,1.1805026656511803,1.4851485148514851,1.1043412033511042,0.6854531607006854,MF,11.41,653
613.0,9,6.81,0,1,1,,,,Bryan Ramírez 56,Eibar,DF,18,ARG,Segunda,2425,1,0,12,9,6,6,7,demo,0.0,0.14684287812041116,0.14684287812041116,0.14684287812041116,0.0,0.881057268722467,1.762114537444934,1.3215859030837005,0.881057268722467,1.0279001468428781,DF,12.62,654
2301.0,33,25.57,1,1,2,,,,Iker Alonso 60,Oviedo,DF,27,URU,Segunda,2223,13,2,40,38,18,29,29,demo,0.03910833007430583,0.03910833007430583,0.07821666014861166,0.5084082909659757,0.07821666014861166,0.7039499413375049,1.564333202972233,1.4861165428236214,1.1341415721548689,1.1341415721548689,DF,7.01,655
1287.0,18,14.3,3,6,9,,,,Yeremy Pérez 65,Cartagena,FW,24,URU,Segunda,2425,35,15,2,8,16,14,15,demo,0.2097902097902098,0.4195804195804196,0.6293706293706294,2.4475524475524475,1.048951048951049,1.1188811188811187,0.13986013986013984,0.5594405594405594,0.979020979020979,1.048951048951049,FW,13.03,656
1996.0,29,22.18,1,2,3,,,,Fermín Martínez 71,Tenerife,DF,27,URU,Segunda,2425,10,1,43,37,12,31,31,demo,0.04508566275924256,0.09017132551848513,0.1352569882777277,0.4508566275924256,0.04508566275924256,0.5410279531109108,1.9386834986474302,1.6681695220919748,1.3976555455365194,1.3976555455365194,DF,7.38,657
1507.0,22,16.74,1,0,1,,,,Fermín Alonso 75,Oviedo,DF,33,ARG,Segunda,2223,6,0,39,32,15,16,18,demo,0.059737156511350066,0.0,0.059737156511350066,0.3584229390681004,0.0,0.896057347670251,2.3297491039426523,1.9115890083632021,0.9557945041816011,1.0752688172043012,DF,3.71,658
882.0,13,9.8,1,3,4,,,,Ayoze Navarro 80,Mirandés,MF,35,URU,Segunda,2425,6,3,19,9,10,12,7,demo,0.1020408163265306,0.3061224489795918,0.4081632653061224,0.6122448979591836,0.3061224489795918,1.0204081632653061,1.9387755102040816,0.9183673469387754,1.2244897959183672,0.7142857142857142,MF,3.52,659
1293.0,18,14.37,2,3,5,,,,Unai Sánchez 90,Elche,MF,24,BRA,Segunda,2223,13,1,21,13,21,21,15,demo,0.13917884481558804,0.20876826722338207,0.3479471120389701,0.9046624913013223,0.06958942240779402,1.4613778705636744,1.4613778705636744,0.9046624913013223,1.4613778705636744,1.0438413361169103,MF,10.78,660
3193.0,38,35.48,1,2,3,,,,Samu Iglesias 95,Huesca,DF,18,MAR,Segunda,2425,11,4,59,47,29,42,44,demo,0.028184892897406992,0.056369785794813984,0.08455467869222098,0.31003382187147693,0.11273957158962797,0.8173618940248027,1.6629086809470126,1.3246899661781286,1.1837655016910937,1.2401352874859077,DF,11.93,661
3388.0,38,37.64,11,8,19,,,,Pedri Pérez 96,Burgos,FW,27,FRA,Segunda,2223,92,25,19,23,41,28,37,demo,0.2922422954303932,0.21253985122210414,0.5047821466524973,2.4442082890541976,0.6641870350690754,1.0892667375132836,0.5047821466524973,0.6110520722635494,0.7438894792773645,0.9829968119022316,FW,9.78,662
1398.0,20,15.53,1,4,5,,,,Pedri Ramírez 4,Granada,MF,31,ESP,Segunda,2425,15,6,27,24,26,14,22,demo,0.0643915003219575,0.25756600128783,0.32195750160978753,0.9658725048293626,0.38634900193174504,1.6741790083708952,1.7385705086928527,1.5453960077269802,0.9014810045074051,1.4166130070830651,MF,5.95,663
2053.0,29,22.81,2,4,6,,,,Ante Díaz 8,Eldense,DF,30,ESP,Segunda,2223,6,3,41,27,11,25,24,demo,0.08768084173608068,0.17536168347216136,0.263042525208242,0.263042525208242,0.131521262604121,0.4822446295484437,1.7974572555896537,1.1836913634370891,1.0960105217010083,1.052170100832968,DF,6.32,664
845.0,12,9.39,6,2,8,,,,Rodri Ramírez 13,Eibar,FW,31,URU,Segunda,2425,25,10,7,3,5,7,10,demo,0.6389776357827476,0.21299254526091585,0.8519701810436634,2.662406815761448,1.0649627263045793,0.5324813631522897,0.7454739084132055,0.3194888178913738,0.7454739084132055,1.0649627263045793,FW,8.33,665
616.0,9,6.84,0,0,0,,,,Lamine Iglesias 19,Levante,DF,17,URU,Segunda,2425,3,2,14,6,4,4,7,demo,0.0,0.0,0.0,0.4385964912280702,0.29239766081871343,0.5847953216374269,2.046783625730994,0.8771929824561404,0.5847953216374269,1.023391812865497,DF,11.5,666
1774.0,25,19.71,3,5,8,,,,Fermín Pérez 23,Levante,MF,32,POR,Segunda,2223,25,8,24,24,30,18,21,demo,0.15220700152207,0.2536783358701167,0.4058853373921867,1.2683916793505834,0.4058853373921867,1.5220700152207,1.21765601217656,1.21765601217656,0.91324200913242,1.06544901065449,MF,5.62,667
923.0,13,10.26,3,0,3,,,,Lamine Castro 29,Mirandés,FW,27,ESP,Segunda,2223,16,4,1,5,11,11,10,demo,0.29239766081871343,0.0,0.29239766081871343,1.5594541910331385,0.38986354775828463,1.0721247563352827,0.09746588693957116,0.4873294346978558,1.0721247563352827,0.9746588693957116,FW,8.4,668
3399.0,38,37.77,4,7,11,,,,Pablo Vargas 34,Castellón,MF,23,ESP,Segunda,2425,36,10,50,46,67,34,40,demo,0.10590415673815197,0.18533227429176594,0.2912364310299179,0.9531374106433677,0.2647603918453799,1.7738946253640453,1.3238019592268995,1.2178978024887477,0.9001853322742916,1.0590415673815197,MF,10.98,669
1672.0,24,18.58,2,0,2,,,,Iker González 38,Albacete,DF,21,FRA,Segunda,2223,7,2,32,35,12,16,21,demo,0.10764262648008613,0.0,0.10764262648008613,0.37674919268030144,0.10764262648008613,0.6458557588805167,1.722282023681378,1.8837459634015072,0.861141011840689,1.1302475780409043,DF,10.52,670
2604.0,37,28.93,1,2,3,,,,Gavi Alonso 43,Eibar,DF,27,NGA,Segunda,2425,20,7,54,33,18,34,25,demo,0.034566194262011754,0.06913238852402351,0.10369858278603526,0.691323885240235,0.24196335983408226,0.6221914967162115,1.8665744901486347,1.1406844106463878,1.1752506049083995,0.8641548565502938,DF,7.17,671
831.0,12,9.23,0,2,2,,,,Oihan Díaz 44,Racing,DF,19,ARG,Segunda,2223,4,1,17,14,4,7,10,demo,0.0,0.21668472372697725,0.21668472372697725,0.4333694474539545,0.10834236186348863,0.4333694474539545,1.8418201516793065,1.5167930660888407,0.7583965330444203,1.0834236186348862,DF,12.78,672
3024.0,38,33.6,12,3,15,,,,Iker López 49,Sporting,FW,26,NGA,Segunda,2425,71,28,15,17,50,43,42,demo,0.35714285714285715,0.08928571428571429,0.4464285714285714,2.113095238095238,0.8333333333333333,1.4880952380952381,0.4464285714285714,0.5059523809523809,1.2797619047619047,1.25,FW,10.12,673
1600.0,23,17.78,3,2,5,,,,Marc García 53,Córdoba,DF,20,ARG,Segunda,2223,5,1,40,26,10,18,11,demo,0.1687289088863892,0.11248593925759279,0.281214848143982,0.281214848143982,0.056242969628796394,0.562429696287964,2.249718785151856,1.4623172103487063,1.012373453318335,0.6186726659167604,DF,12.81,674
1413.0,20,15.7,1,0,1,,,,Carlos Navarro 58,Castellón,DF,30,MAR,Segunda,2425,3,0,30,23,6,12,11,demo,0.06369426751592357,0.0,0.06369426751592357,0.1910828025477707,0.0,0.3821656050955414,1.910828025477707,1.4649681528662422,0.7643312101910829,0.7006369426751593,DF,5.32,675
2521.0,36,28.01,2,4,6,,,,Javier González 59,Racing Ferrol,MF,19,POR,Segunda,2223,25,9,37,29,47,35,15,demo,0.07140307033202427,0.14280614066404854,0.21420921099607282,0.8925383791503034,0.32131381649410923,1.6779721528025704,1.320956801142449,1.035344519814352,1.2495537308104248,0.5355230274901821,MF,12.75,676
2148.0,31,23.87,2,7,9,,,,Gavi López 64,Málaga,MF,28,URU,Segunda,2425,25,4,30,32,39,19,22,demo,0.0837871805613741,0.29325513196480935,0.3770423125261835,1.0473397570171763,0.1675743611227482,1.633850020946795,1.2568077084206115,1.3405948889819856,0.795978215333054,0.9216589861751152,MF,8.26,677
2681.0,38,29.79,2,1,3,,,,Unai Vargas 68,Levante,DF,17,FRA,Segunda,2223,12,2,56,48,19,41,33,demo,0.0671366230278617,0.03356831151393085,0.10070493454179255,0.4028197381671702,0.0671366230278617,0.6377979187646862,1.8798254447801277,1.6112789526686808,1.3763007720711649,1.107754279959718,DF,12.66,678
948.0,14,10.53,1,3,4,,,,Gavi Vargas 73,Granada,"DF,MF",34,POR,Segunda,2425,18,7,15,14,16,17,6,demo,0.0949667616334283,0.2849002849002849,0.3798670465337132,1.7094017094017095,0.6647673314339981,1.519468186134853,1.4245014245014247,1.3295346628679963,1.6144349477682811,0.5698005698005698,DF,4.14,679
2467.0,35,27.41,2,0,2,,,,Iker Moreno 74,Elche,DF,35,ARG,Segunda,2223,12,5,64,42,17,34,23,demo,0.07296607077708865,0.0,0.07296607077708865,0.43779642466253194,0.18241517694272164,0.6202116016052536,2.334914264866837,1.5322874863188618,1.2404232032105071,0.8391098139365195,DF,2.68,680
2946.0,38,32.73,2,9,11,,,,Álex Sánchez 79,Racing,MF,22,POR,Segunda,2425,51,17,42,40,60,38,22,demo,0.06110601894286588,0.27497708524289644,0.3360831041857623,1.55820348304308,0.51940116101436,1.8331805682859763,1.2832263978001834,1.2221203788573176,1.1610143599144518,0.6721662083715246,MF,12.02,681
3363.0,38,37.37,1,1,2,,,,Fermín Moreno 83,Elche,DF,35,ARG,Segunda,2223,10,1,55,52,44,35,38,demo,0.026759432700026762,0.026759432700026762,0.053518865400053524,0.26759432700026764,0.026759432700026762,1.1774150388011775,1.4717687985014718,1.3914905004013916,0.9365801445009366,1.016858442601017,DF,2.63,682
3284.0,38,36.49,0,0,0,,,,Iker Iglesias 88,Albacete,GK,34,POR,Segunda,2425,0,0,8,0,0,41,48,demo,0.0,0.0,0.0,0.0,0.0,0.0,0.21923814743765413,0.0,1.1235955056179774,1.3154288846259248,GK,3.0,683
1280.0,18,14.22,4,2,6,,,,Álex Ramírez 89,Levante,FW,26,NGA,Segunda,2223,32,13,4,3,19,16,12,demo,0.2812939521800281,0.14064697609001406,0.42194092827004215,2.250351617440225,0.9142053445850914,1.3361462728551337,0.2812939521800281,0.21097046413502107,1.1251758087201125,0.8438818565400843,FW,9.95,684
2942.0,38,32.69,5,8,13,,,,Iván Castro 94,Oviedo,MF,32,NGA,Segunda,2425,33,11,38,37,68,32,31,demo,0.15295197308045275,0.2447231569287244,0.39767513000917715,1.009483022330988,0.336494340776996,2.0801468338941573,1.1624349954114408,1.1318446007953504,0.9788926277148976,0.948302233098807,MF,5.59,685
1175.0,17,13.06,1,1,2,,,,Gavi Romero 1,Burgos,DF,22,ARG,Segunda,2223,4,0,22,25,13,11,13,demo,0.07656967840735068,0.07656967840735068,0.15313935681470137,0.30627871362940273,0.0,0.9954058192955589,1.6845329249617151,1.9142419601837672,0.8422664624808576,0.9954058192955589,DF,10.38,686
2156.0,31,23.96,0,0,0,,,,Pablo Núñez 6,Málaga,GK,22,FRA,Segunda,2425,0,0,3,2,0,27,15,demo,0.0,0.0,0.0,0.0,0.0,0.0,0.12520868113522537,0.08347245409015025,1.1268781302170283,0.6260434056761268,GK,9.0,687
2529.0,36,28.1,3,7,10,,,,Iván Alonso 7,Oviedo,MF,28,URU,Segunda,2223,37,16,38,39,60,34,24,demo,0.10676156583629892,0.24911032028469748,0.3558718861209964,1.3167259786476868,0.5693950177935942,2.1352313167259784,1.3523131672597863,1.387900355871886,1.2099644128113878,0.8540925266903914,MF,8.14,688
1257.0,18,13.97,6,2,8,,,,Ante Romero 12,Zaragoza,FW,28,BRA,Segunda,2425,34,14,7,6,15,14,15,demo,0.4294917680744452,0.14316392269148173,0.5726556907659269,2.4337866857551895,1.0021474588403723,1.073729420186113,0.5010737294201861,0.4294917680744452,1.0021474588403723,1.073729420186113,FW,9.44,689
3235.0,38,35.94,10,3,13,,,,Gavi Jiménez 16,Sporting,FW,21,ARG,Segunda,2223,93,35,12,12,58,54,42,demo,0.2782415136338342,0.08347245409015025,0.36171396772398445,2.587646076794658,0.9738452977184197,1.6138007790762383,0.333889816360601,0.333889816360601,1.5025041736227045,1.1686143572621035,FW,12.94,690
2650.0,38,29.44,2,13,15,,,,Gavi Castro 21,Tenerife,MF,27,NGA,Segunda,2425,32,9,31,32,45,31,31,demo,0.06793478260869565,0.44157608695652173,0.5095108695652174,1.0869565217391304,0.30570652173913043,1.528532608695652,1.0529891304347825,1.0869565217391304,1.0529891304347825,1.0529891304347825,MF,9.81,691
2256.0,32,25.07,2,3,5,,,,Oihan Sánchez 22,Granada,DF,19,POR,Segunda,2223,10,3,40,33,22,36,30,demo,0.07977662544874352,0.11966493817311527,0.1994415636218588,0.3988831272437176,0.11966493817311527,0.8775428799361787,1.5955325089748704,1.316314319904268,1.4359792580773834,1.1966493817311528,DF,12.59,692
1310.0,19,14.56,5,3,8,,,,Unai Ortega 27,Elche,FW,35,MAR,Segunda,2425,35,9,5,11,22,18,11,demo,0.3434065934065934,0.20604395604395603,0.5494505494505494,2.4038461538461537,0.6181318681318682,1.510989010989011,0.3434065934065934,0.7554945054945055,1.2362637362637363,0.7554945054945055,FW,3.87,693
2506.0,36,27.84,13,6,19,,,,Nico Torres 31,Burgos,FW,29,URU,Segunda,2223,62,23,12,12,25,27,28,demo,0.46695402298850575,0.21551724137931036,0.6824712643678161,2.2270114942528734,0.8261494252873564,0.8979885057471264,0.4310344827586207,0.4310344827586207,0.9698275862068966,1.0057471264367817,FW,9.25,694
1570.0,22,17.44,2,5,7,,,,Bryan Ruiz 37,Castellón,MF,24,NGA,Segunda,2223,19,7,27,16,26,13,19,demo,0.1146788990825688,0.286697247706422,0.4013761467889908,1.0894495412844036,0.4013761467889908,1.4908256880733943,1.5481651376146788,0.9174311926605504,0.7454128440366972,1.0894495412844036,MF,11.21,695
2849.0,38,31.66,6,8,14,,,,Hugo Núñez 42,Racing,MF,25,URU,Segunda,2425,36,9,34,53,57,39,22,demo,0.18951358180669614,0.2526847757422615,0.4421983575489577,1.137081490840177,0.28427037271004424,1.8003790271636133,1.0739102969046115,1.6740366392924826,1.231838281743525,0.6948831332912192,MF,10.82,696
2876.0,38,31.96,0,0,0,,,,Bryan Iglesias 46,Burgos,GK,26,URU,Segunda,2223,0,0,4,0,1,36,31,demo,0.0,0.0,0.0,0.0,0.0,0.03128911138923655,0.1251564455569462,0.0,1.1264080100125156,0.9699624530663329,GK,7.0,697
1924.0,27,21.38,2,4,6,,,,Oihan Castro 51,Córdoba,MF,19,ARG,Segunda,2425,15,4,29,30,39,22,20,demo,0.09354536950420955,0.1870907390084191,0.28063610851262866,0.7015902712815716,0.1870907390084191,1.8241347053320862,1.3564078578110383,1.4031805425631432,1.028999064546305,0.9354536950420954,MF,13.45,698
1614.0,23,17.93,1,5,6,,,,Gavi Romero 52,Levante,MF,30,MAR,Segunda,2223,12,8,22,30,43,16,20,demo,0.055772448410485224,0.2788622420524261,0.33463469046291133,0.6692693809258227,0.4461795872838818,2.3982152816508644,1.2269938650306749,1.6731734523145567,0.8923591745677636,1.1154489682097044,MF,6.67,699
1693.0,24,18.81,6,5,11,,,,Oihan Díaz 57,Zaragoza B,FW,26,URU,Segunda,2425,34,12,7,5,24,20,17,demo,0.3189792663476874,0.2658160552897395,0.584795321637427,1.8075491759702287,0.6379585326953748,1.2759170653907497,0.37214247740563533,0.2658160552897395,1.063264221158958,0.9037745879851143,FW,11.09,700
3319.0,38,36.88,5,10,15,,,,Marc Iglesias 61,Levante,MF,28,MAR,Segunda,2223,44,9,42,53,57,48,40,demo,0.1355748373101952,0.2711496746203904,0.4067245119305857,1.193058568329718,0.2440347071583514,1.5455531453362255,1.13882863340564,1.4370932754880694,1.3015184381778742,1.0845986984815617,MF,8.44,701
1626.0,23,18.07,1,4,5,,,,Rodri Sánchez 66,Burgos,MF,20,URU,Segunda,2425,24,5,23,28,37,25,19,demo,0.05534034311012728,0.22136137244050913,0.2767017155506364,1.3281682346430548,0.2767017155506364,2.0475926950747096,1.2728278915329274,1.5495296070835638,1.3835085777531821,1.0514665190924184,MF,12.77,702
1088.0,16,12.09,1,1,2,,,,Gavi López 67,Eldense,DF,31,NGA,Segunda,2223,4,2,22,25,13,9,12,demo,0.0827129859387924,0.0827129859387924,0.1654259718775848,0.3308519437551696,0.1654259718775848,1.075268817204301,1.8196856906534327,2.0678246484698097,0.7444168734491315,0.9925558312655087,DF,5.24,703
949.0,14,10.54,1,1,2,,,,Oihan Sánchez 72,Granada,DF,25,URU,Segunda,2425,4,0,18,17,10,4,13,demo,0.09487666034155598,0.09487666034155598,0.18975332068311196,0.3795066413662239,0.0,0.9487666034155599,1.7077798861480078,1.6129032258064517,0.3795066413662239,1.2333965844402277,DF,8.92,704
3091.0,38,34.34,0,0,0,,,,Marc Vargas 76,Racing Ferrol,GK,33,MAR,Segunda,2223,0,0,8,1,0,28,35,demo,0.0,0.0,0.0,0.0,0.0,0.0,0.23296447291788,0.029120559114735,0.81537565521258,1.019219569015725,GK,3.5,705
2030.0,29,22.56,1,5,6,,,,Hugo González 81,Oviedo,MF,28,ESP,Segunda,2425,24,7,26,22,42,23,24,demo,0.044326241134751775,0.22163120567375888,0.26595744680851063,1.0638297872340425,0.31028368794326244,1.8617021276595747,1.1524822695035462,0.975177304964539,1.019503546099291,1.0638297872340425,MF,7.6,706
1967.0,28,21.86,8,7,15,,,,Javier Sánchez 82,Sporting,FW,32,NGA,Segunda,2223,49,17,6,13,32,28,19,demo,0.36596523330283626,0.3202195791399817,0.6861848124428179,2.241537053979872,0.777676120768527,1.463860933211345,0.2744739249771272,0.5946935041171089,1.280878316559927,0.869167429094236,FW,6.74,707
3372.0,38,37.47,4,4,8,,,,Marc Moreno 87,Oviedo,MF,20,MAR,Segunda,2425,32,16,46,53,69,46,30,demo,0.10675206832132372,0.10675206832132372,0.21350413664264745,0.8540165465705898,0.4270082732852949,1.8414731785428344,1.227648785695223,1.4144649052575393,1.227648785695223,0.800640512409928,MF,12.14,708
2510.0,36,27.89,3,5,8,,,,Takefusa Díaz 91,Castellón,MF,31,URU,Segunda,2223,29,8,38,45,50,33,26,demo,0.10756543564001433,0.17927572606669057,0.28684116170670493,1.0397992111868053,0.28684116170670493,1.7927572606669058,1.3624955181068483,1.6134815346002152,1.1832197920401577,0.932233775546791,MF,5.79,709
2489.0,36,27.66,5,4,9,,,,Ante Romero 96,Granada,"FW,MF",34,ARG,Segunda,2425,61,26,9,15,34,35,24,demo,0.18076644974692696,0.14461315979754158,0.32537960954446854,2.2053506869125092,0.9399855386840202,1.2292118582791034,0.32537960954446854,0.5422993492407809,1.265365148228489,0.8676789587852495,FW,3.98,710
2002.0,29,22.24,1,0,1,,,,Lamine Jiménez 0,Eldense,DF,17,MAR,Segunda,2223,8,1,36,32,19,15,23,demo,0.04496402877697842,0.0,0.04496402877697842,0.3597122302158274,0.04496402877697842,0.85431654676259,1.6187050359712232,1.4388489208633095,0.6744604316546763,1.0341726618705036,DF,12.02,711
3077.0,38,34.19,10,6,16,,,,Marc Ortega 5,Córdoba,FW,35,NGA,Segunda,2425,63,26,14,17,46,37,26,demo,0.2924831822170225,0.17548990933021352,0.46797309154723604,1.842644047967242,0.7604562737642586,1.3454226381983037,0.40947645510383157,0.4972214097689383,1.0821877742029835,0.7604562737642586,FW,3.67,712
2972.0,38,33.02,11,5,16,,,,Sergio Jiménez 9,Eibar,"FW,MF",32,URU,Segunda,2223,66,27,6,16,40,38,30,demo,0.33313143549364016,0.15142337976983644,0.48455481526347666,1.998788612961841,0.8176862507571169,1.2113870381586915,0.18170805572380375,0.48455481526347666,1.150817686250757,0.9085402786190186,FW,5.94,713
3002.0,38,33.36,11,5,16,,,,Ante Pérez 14,Dépor,"FW,MF",27,ARG,Segunda,2425,83,32,11,15,37,36,25,demo,0.32973621103117506,0.1498800959232614,0.47961630695443647,2.488009592326139,0.9592326139088729,1.1091127098321343,0.32973621103117506,0.44964028776978415,1.079136690647482,0.749400479616307,FW,9.62,714
3387.0,38,37.63,22,6,28,,,,Nico Navarro 15,Huesca,FW,33,NGA,Segunda,2223,85,22,16,15,51,35,34,demo,0.5846399149614668,0.15944724953494552,0.7440871644964124,2.258836035078395,0.5846399149614668,1.3553016210470368,0.42519266542652134,0.3986181238373638,0.9301089556205154,0.9035344140313579,FW,6.1,715
1448.0,21,16.09,0,0,0,,,,Samu Alonso 20,Racing,GK,20,BRA,Segunda,2425,0,0,3,1,1,15,19,demo,0.0,0.0,0.0,0.0,0.0,0.062150403977625855,0.18645121193287756,0.062150403977625855,0.9322560596643878,1.1808576755748912,GK,10.0,716
2190.0,31,24.33,0,4,4,,,,Oihan Alonso 24,Málaga,DF,25,POR,Segunda,2223,8,2,46,27,24,18,21,demo,0.0,0.16440608302507195,0.16440608302507195,0.3288121660501439,0.08220304151253598,0.9864364981504317,1.8906699547883272,1.1097410604192355,0.7398273736128237,0.8631319358816277,DF,8.73,717
562.0,8,6.24,0,4,4,,,,Unai Vargas 29,Albacete,MF,30,MAR,Segunda,2425,7,2,13,10,8,5,7,demo,0.0,0.641025641025641,0.641025641025641,1.1217948717948718,0.3205128205128205,1.282051282051282,2.0833333333333335,1.6025641025641024,0.8012820512820512,1.1217948717948718,MF,8.21,718
1456.0,21,16.18,4,6,10,,,,Gavi Ramírez 35,Córdoba,FW,34,FRA,Segunda,2425,35,11,3,6,13,17,21,demo,0.24721878862793573,0.3708281829419036,0.6180469715698393,2.1631644004944377,0.6798516687268232,0.8034610630407911,0.1854140914709518,0.3708281829419036,1.0506798516687268,1.2978986402966626,FW,4.85,719
2219.0,32,24.66,1,5,6,,,,Ayoze Martínez 39,Racing Ferrol,DF,30,MAR,Segunda,2223,5,2,32,40,26,32,30,demo,0.040551500405515,0.20275750202757503,0.24330900243309003,0.20275750202757503,0.08110300081103,1.05433901054339,1.29764801297648,1.6220600162206003,1.29764801297648,1.2165450121654502,DF,6.22,720
774.0,11,8.6,1,1,2,,,,Sergio Moreno 44,Elche,DF,25,URU,Segunda,2425,2,1,16,13,13,12,7,demo,0.11627906976744186,0.11627906976744186,0.23255813953488372,0.23255813953488372,0.11627906976744186,1.5116279069767442,1.8604651162790697,1.5116279069767442,1.3953488372093024,0.813953488372093,DF,9.24,721
717.0,10,7.97,0,2,2,,,,Ante Jiménez 45,Oviedo,MF,24,ARG,Segunda,2223,7,4,12,12,22,9,9,demo,0.0,0.25094102885821834,0.25094102885821834,0.8782936010037642,0.5018820577164367,2.7603513174404015,1.50564617314931,1.50564617314931,1.1292346298619824,1.1292346298619824,MF,10.01,722
2533.0,36,28.14,4,12,16,,,,Takefusa Iglesias 50,Tenerife,MF,23,ARG,Segunda,2425,22,7,53,31,45,36,23,demo,0.1421464108031272,0.42643923240938164,0.5685856432125088,0.7818052594171997,0.24875621890547264,1.5991471215351811,1.8834399431414357,1.101634683724236,1.279317697228145,0.8173418621179815,MF,13.33,723
1096.0,16,12.18,0,2,2,,,,Takefusa Ortega 54,Oviedo,MF,24,BRA,Segunda,2223,13,6,17,15,18,17,12,demo,0.0,0.16420361247947454,0.16420361247947454,1.0673234811165846,0.49261083743842365,1.477832512315271,1.3957307060755337,1.2315270935960592,1.3957307060755337,0.9852216748768473,MF,9.31,724
1185.0,17,13.17,6,0,6,,,,Ante Vargas 59,Eibar,FW,31,URU,Segunda,2425,35,13,14,3,23,7,11,demo,0.45558086560364464,0.0,0.45558086560364464,2.6575550493545936,0.9870918754745635,1.7463933181473046,1.0630220197418374,0.22779043280182232,0.5315110098709187,0.8352315869400152,FW,6.55,725
626.0,9,6.96,5,3,8,,,,Samu González 60,Eibar,FW,34,ESP,Segunda,2223,20,9,0,2,10,6,6,demo,0.7183908045977011,0.4310344827586207,1.1494252873563218,2.8735632183908044,1.293103448275862,1.4367816091954022,0.0,0.28735632183908044,0.8620689655172414,0.8620689655172414,FW,6.45,726
1299.0,19,14.43,6,2,8,,,,Ayoze Alonso 65,Zaragoza B,FW,21,FRA,Segunda,2425,22,9,8,5,18,11,19,demo,0.4158004158004158,0.1386001386001386,0.5544005544005544,1.5246015246015245,0.6237006237006237,1.2474012474012475,0.5544005544005544,0.3465003465003465,0.7623007623007623,1.3167013167013166,FW,14.77,727
2540.0,36,28.22,15,9,24,,,,Iván Iglesias 69,Racing Ferrol,"FW,MF",33,URU,Segunda,2223,64,29,11,15,38,36,33,demo,0.5315379163713678,0.3189227498228207,0.8504606661941886,2.2678951098511693,1.0276399716513112,1.3465627214741318,0.38979447200566975,0.5315379163713678,1.2756909992912828,1.1693834160170093,FW,6.48,728
494.0,7,5.49,1,0,1,,,,Fermín Vargas 75,Sporting,DF,35,FRA,Segunda,2223,4,0,10,5,9,4,2,demo,0.18214936247723132,0.0,0.18214936247723132,0.7285974499089253,0.0,1.639344262295082,1.8214936247723132,0.9107468123861566,0.7285974499089253,0.36429872495446264,DF,2.96,729
2954.0,38,32.82,6,11,17,,,,Fermín Sánchez 80,Zaragoza B,MF,24,URU,Segunda,2425,32,13,49,48,55,36,47,demo,0.18281535648994515,0.3351614868982328,0.517976843388178,0.9750152346130408,0.39609993906154783,1.675807434491164,1.4929920780012187,1.4625228519195612,1.0968921389396709,1.4320536258379037,MF,12.14,730
2926.0,38,32.51,14,5,19,,,,Fermín Ramírez 84,Elche,FW,26,NGA,Segunda,2223,74,21,10,20,38,37,25,demo,0.4306367271608736,0.15379883112888343,0.584435558289757,2.276222700707475,0.6459550907413104,1.168871116579514,0.30759766225776686,0.6151953245155337,1.1381113503537374,0.7689941556444172,FW,11.09,731
2795.0,38,31.06,0,0,0,,,,Carlos Ruiz 89,Burgos,GK,26,NGA,Segunda,2425,0,0,4,5,0,25,28,demo,0.0,0.0,0.0,0.0,0.0,0.0,0.128783000643915,0.16097875080489377,0.8048937540244688,0.9014810045074051,GK,7.0,732
2533.0,36,28.14,1,2,3,,,,Gavi López 90,Levante,DF,31,MAR,Segunda,2223,15,3,44,57,20,35,34,demo,0.0355366027007818,0.0710732054015636,0.10660980810234541,0.5330490405117271,0.10660980810234541,0.7107320540156361,1.5636105188343994,2.0255863539445627,1.243781094527363,1.2082444918265813,DF,4.98,733
1532.0,22,17.02,0,0,0,,,,Ayoze Moreno 95,Málaga,GK,27,NGA,Segunda,2425,0,0,5,1,0,15,23,demo,0.0,0.0,0.0,0.0,0.0,0.0,0.2937720329024677,0.05875440658049354,0.8813160987074031,1.3513513513513513,GK,6.5,734
2130.0,30,23.67,0,0,0,,,,Oihan Ortega 2,Zaragoza B,GK,25,POR,Segunda,2223,0,0,5,0,0,28,21,demo,0.0,0.0,0.0,0.0,0.0,0.0,0.21123785382340515,0.0,1.1829319814110688,0.8871989860583016,GK,7.5,735
1942.0,28,21.58,0,10,10,,,,Sergio Pérez 7,Mirandés,MF,24,ESP,Segunda,2425,20,6,32,28,33,19,22,demo,0.0,0.4633920296570899,0.4633920296570899,0.9267840593141798,0.27803521779425394,1.5291936978683969,1.4828544949026878,1.297497683039852,0.8804448563484709,1.019462465245598,MF,11.71,736
2709.0,38,30.1,6,9,15,,,,Sergio Sánchez 8,Zaragoza,MF,34,MAR,Segunda,2223,37,10,49,45,52,37,26,demo,0.19933554817275748,0.2990033222591362,0.4983388704318937,1.229235880398671,0.33222591362126247,1.7275747508305648,1.627906976744186,1.495016611295681,1.229235880398671,0.8637873754152824,MF,4.5,737
1534.0,22,17.04,1,1,2,,,,Iker Pérez 13,Huesca,DF,36,ESP,Segunda,2425,4,1,39,29,8,21,22,demo,0.05868544600938967,0.05868544600938967,0.11737089201877934,0.2347417840375587,0.05868544600938967,0.4694835680751174,2.2887323943661975,1.7018779342723005,1.2323943661971832,1.2910798122065728,DF,2.79,738
1397.0,20,15.52,1,0,1,,,,Pablo Navarro 17,Oviedo,DF,25,POR,Segunda,2223,5,1,35,28,12,15,16,demo,0.06443298969072166,0.0,0.06443298969072166,0.32216494845360827,0.06443298969072166,0.7731958762886598,2.2551546391752577,1.8041237113402062,0.9664948453608248,1.0309278350515465,DF,7.98,739
2346.0,34,26.07,11,6,17,,,,Ayoze Pérez 22,Huesca,FW,17,MAR,Segunda,2425,53,15,11,12,30,29,18,demo,0.4219409282700422,0.23014959723820483,0.652090525508247,2.032988108937476,0.5753739930955121,1.1507479861910241,0.4219409282700422,0.46029919447640966,1.1123897199846566,0.6904487917146145,FW,19.0,740
1588.0,23,17.64,3,3,6,,,,Pablo Moreno 23,Málaga,MF,35,URU,Segunda,2223,22,5,29,21,39,33,13,demo,0.17006802721088435,0.17006802721088435,0.3401360544217687,1.2471655328798186,0.2834467120181406,2.2108843537414966,1.6439909297052153,1.1904761904761905,1.8707482993197277,0.7369614512471655,MF,3.35,741
3178.0,38,35.31,5,5,10,,,,Carlos Ortega 28,Cartagena,MF,26,BRA,Segunda,2425,42,14,43,66,60,47,44,demo,0.14160294534126308,0.14160294534126308,0.28320589068252616,1.18946474086661,0.39648824695553664,1.699235344095157,1.2177853299348627,1.8691588785046729,1.331067686207873,1.2461059190031152,MF,8.98,742
2954.0,38,32.82,13,8,21,,,,Yeremy García 37,Huesca,"FW,MF",19,URU,Segunda,2425,71,32,11,12,51,35,20,demo,0.39609993906154783,0.2437538086532602,0.6398537477148081,2.1633150517976842,0.9750152346130408,1.5539305301645339,0.3351614868982328,0.3656307129798903,1.0664229128580134,0.6093845216331505,FW,17.22,743
2862.0,38,31.8,13,3,16,,,,Pablo Martínez 38,Almería,FW,30,MAR,Segunda,2223,72,25,9,13,41,40,31,demo,0.40880503144654085,0.09433962264150943,0.5031446540880503,2.2641509433962264,0.7861635220125786,1.2893081761006289,0.2830188679245283,0.40880503144654085,1.2578616352201257,0.9748427672955975,FW,7.52,744
2240.0,32,24.89,12,5,17,,,,Pablo Castro 43,Cartagena,FW,23,NGA,Segunda,2425,64,28,12,8,27,29,18,demo,0.48212133386902367,0.2008838891120932,0.6830052229811169,2.571313780634793,1.1249497790277219,1.0847730012053034,0.48212133386902367,0.32141422257934915,1.1651265568501405,0.7231820008035356,FW,14.31,745
2816.0,38,31.29,3,9,12,,,,Bryan Ortega 47,Tenerife,MF,33,NGA,Segunda,2223,39,11,51,43,48,38,29,demo,0.09587727708533078,0.28763183125599234,0.3835091083413231,1.2464046021093,0.3515500159795462,1.5340364333652925,1.6299137104506232,1.374240971556408,1.2144455097475233,0.9268136784915308,MF,4.84,746
1406.0,20,15.62,6,5,11,,,,Yeremy Ortega 52,Burgos,MF,17,ARG,Segunda,2425,13,4,17,31,22,17,13,demo,0.38412291933418696,0.32010243277848915,0.7042253521126761,0.8322663252240717,0.2560819462227913,1.4084507042253522,1.088348271446863,1.9846350832266326,1.088348271446863,0.8322663252240717,MF,19.6,747
2550.0,36,28.33,6,2,8,,,,Rodri Núñez 58,Racing,MF,35,ARG,Segunda,2425,31,6,46,39,43,38,24,demo,0.2117896223085069,0.0705965407695023,0.2823861630780092,1.0942463819272856,0.2117896223085069,1.5178256265442993,1.6237204376985528,1.3766325450052947,1.3413342746205437,0.8471584892340276,MF,3.21,748
1388.0,20,15.42,1,1,2,,,,Gavi Sánchez 62,Zaragoza B,DF,31,MAR,Segunda,2223,3,1,31,20,15,19,17,demo,0.0648508430609598,0.0648508430609598,0.1297016861219196,0.19455252918287938,0.0648508430609598,0.9727626459143969,2.0103761348897535,1.297016861219196,1.2321660181582361,1.1024643320363166,DF,5.08,749
3380.0,38,37.56,9,5,14,,,,Sergio Navarro 67,Levante,FW,18,FRA,Segunda,2425,83,28,16,25,52,39,24,demo,0.23961661341853033,0.13312034078807242,0.37273695420660274,2.209797657082002,0.7454739084132055,1.384451544195953,0.4259850905218317,0.665601703940362,1.0383386581469647,0.6389776357827476,FW,15.1,750
1159.0,17,12.88,0,0,0,,,,Pedri García 68,Racing Ferrol,DF,28,FRA,Segunda,2223,6,2,12,14,8,21,11,demo,0.0,0.0,0.0,0.4658385093167702,0.15527950310559005,0.6211180124223602,0.9316770186335404,1.0869565217391304,1.6304347826086956,0.8540372670807453,DF,6.0,751
3072.0,38,34.13,2,7,9,,,,Oihan Moreno 73,Zaragoza,MF,28,POR,Segunda,2425,42,13,44,40,57,35,39,demo,0.05859947260474655,0.20509815411661295,0.2636976267213595,1.2305889246996775,0.3808965719308526,1.6700849692352768,1.2891883973044242,1.171989452094931,1.0254907705830647,1.1426897157925577,MF,7.58,752
1936.0,28,21.51,2,0,2,,,,Samu Castro 82,Levante,DF,28,URU,Segunda,2425,10,1,32,40,20,23,20,demo,0.09298000929800092,0.0,0.09298000929800092,0.4649000464900046,0.04649000464900046,0.9298000929800092,1.4876801487680147,1.8596001859600184,1.0692701069270105,0.9298000929800092,DF,6.56,753
2259.0,32,25.1,0,0,0,,,,Samu Jiménez 83,Mirandés,GK,18,BRA,Segunda,2223,0,0,4,0,0,30,29,demo,0.0,0.0,0.0,0.0,0.0,0.0,0.1593625498007968,0.0,1.195219123505976,1.1553784860557768,GK,11.0,754
1661.0,24,18.46,8,2,10,,,,Rodri Díaz 88,Levante,FW,18,BRA,Segunda,2425,33,16,4,5,19,25,13,demo,0.4333694474539545,0.10834236186348863,0.5417118093174431,1.7876489707475622,0.866738894907909,1.0292524377031418,0.21668472372697725,0.27085590465872156,1.3542795232936078,0.704225352112676,FW,16.96,755
907.0,13,10.08,1,0,1,,,,Oihan Jiménez 92,Mirandés,DF,25,ARG,Segunda,2223,6,2,25,16,7,13,14,demo,0.0992063492063492,0.0,0.0992063492063492,0.5952380952380952,0.1984126984126984,0.6944444444444444,2.4801587301587302,1.5873015873015872,1.2896825396825398,1.3888888888888888,DF,8.24,756
975.0,14,10.83,0,0,0,,,,Samu Pérez 0,Eibar,DF,20,FRA,Segunda,2425,4,0,13,17,4,9,12,demo,0.0,0.0,0.0,0.3693444136657433,0.0,0.3693444136657433,1.2003693444136658,1.569713758079409,0.8310249307479224,1.10803324099723,DF,10.0,757
2855.0,38,31.72,2,2,4,,,,Pedri Ruiz 1,Eibar,DF,19,URU,Segunda,2223,18,4,48,58,26,36,22,demo,0.06305170239596469,0.06305170239596469,0.12610340479192939,0.5674653215636822,0.12610340479192939,0.819672131147541,1.5132408575031526,1.828499369482976,1.1349306431273645,0.6935687263556116,DF,11.82,758
872.0,12,9.69,1,0,1,,,,Ayoze Pérez 6,Sporting,DF,25,ESP,Segunda,2425,6,0,16,10,7,13,10,demo,0.10319917440660475,0.0,0.10319917440660475,0.6191950464396285,0.0,0.7223942208462333,1.651186790505676,1.0319917440660475,1.3415892672858618,1.0319917440660475,DF,8.27,759
900.0,13,10.0,0,2,2,,,,Gavi Castro 10,Tenerife,DF,32,FRA,Segunda,2223,3,1,17,15,6,18,8,demo,0.0,0.2,0.2,0.3,0.1,0.6,1.7,1.5,1.8,0.8,DF,4.8,760
2996.0,38,33.29,2,9,11,,,,Unai Castro 15,Granada,"DF,MF",29,BRA,Segunda,2425,39,13,50,45,61,33,26,demo,0.06007810153199159,0.27035145689396217,0.33042955842595373,1.171522979873836,0.39050765995794534,1.8323820967257436,1.5019525382997898,1.3517572844698107,0.9912886752778612,0.7810153199158907,DF,7.32,761
2143.0,31,23.81,6,6,12,,,,Hugo Sánchez 16,Cartagena,FW,35,POR,Segunda,2223,44,14,10,9,28,25,18,demo,0.25199496010079797,0.25199496010079797,0.5039899202015959,1.8479630407391854,0.5879882402351954,1.1759764804703907,0.41999160016799664,0.377992440151197,1.0499790004199916,0.755984880302394,FW,3.76,762
2656.0,38,29.51,2,1,3,,,,Fermín Ortega 25,Almería,DF,26,BRA,Segunda,2223,15,6,52,48,17,29,27,demo,0.06777363605557438,0.03388681802778719,0.10166045408336156,0.5083022704168079,0.20332090816672313,0.5760759064723822,1.7621145374449338,1.626567265333785,0.9827177228058285,0.9149440867502541,DF,7.71,763
2506.0,36,27.84,6,3,9,,,,Pedri Martínez 30,Racing,FW,24,URU,Segunda,2425,74,32,19,13,34,24,31,demo,0.21551724137931036,0.10775862068965518,0.3232758620689655,2.6580459770114944,1.1494252873563218,1.221264367816092,0.6824712643678161,0.46695402298850575,0.8620689655172414,1.1135057471264367,FW,10.59,764
3071.0,38,34.12,1,6,7,,,,Nico Núñez 31,Mirandés,MF,32,FRA,Segunda,2223,40,8,33,41,60,38,36,demo,0.02930832356389215,0.1758499413833529,0.20515826494724504,1.1723329425556859,0.2344665885111372,1.7584994138335288,0.9671746776084409,1.201641266119578,1.1137162954279016,1.0550996483001174,MF,4.82,765
3120.0,38,34.67,5,12,17,,,,Unai Castro 36,Racing Ferrol,MF,33,URU,Segunda,2425,34,10,47,53,70,40,36,demo,0.14421690222094027,0.3461205653302567,0.490337467551197,0.980674935102394,0.28843380444188055,2.0190366310931642,1.3556388808768387,1.528699163541967,1.1537352177675222,1.03836169599077,MF,5.22,766
1518.0,22,16.87,2,4,6,,,,Samu García 40,Granada,MF,26,POR,Segunda,2223,25,7,28,26,28,14,14,demo,0.11855364552459988,0.23710729104919975,0.3556609365737996,1.4819205690574984,0.41493775933609955,1.6597510373443982,1.6597510373443982,1.5411973918197983,0.8298755186721991,0.8298755186721991,MF,9.49,767
1252.0,18,13.91,0,0,0,,,,Gavi Ramírez 45,Eldense,DF,30,ARG,Segunda,2425,8,1,23,23,12,7,15,demo,0.0,0.0,0.0,0.5751258087706685,0.07189072609633357,0.8626887131560028,1.6534867002156721,1.6534867002156721,0.503235082674335,1.0783608914450036,DF,5.0,768
921.0,13,10.23,0,0,0,,,,Iván Ortega 46,Castellón,GK,28,POR,Segunda,2223,0,0,1,1,0,11,15,demo,0.0,0.0,0.0,0.0,0.0,0.0,0.09775171065493646,0.09775171065493646,1.075268817204301,1.466275659824047,GK,6.0,769
2306.0,33,25.62,8,6,14,,,,Hugo Sánchez 51,Cartagena,FW,33,ARG,Segunda,2425,61,18,10,11,28,24,23,demo,0.312256049960968,0.23419203747072598,0.5464480874316939,2.380952380952381,0.702576112412178,1.0928961748633879,0.39032006245121,0.42935206869633097,0.9367681498829039,0.897736143637783,FW,5.41,770
3102.0,38,34.47,2,11,13,,,,Javier Castro 55,Levante,MF,32,URU,Segunda,2223,39,13,38,51,73,36,42,demo,0.05802146794313896,0.3191180736872643,0.37713954163040325,1.1314186248912097,0.37713954163040325,2.117783579924572,1.1024078909196402,1.4795474325500435,1.0443864229765014,1.2184508268059182,MF,5.51,771
836.0,12,9.29,2,2,4,,,,Iván Núñez 60,Levante,FW,19,POR,Segunda,2425,23,6,2,4,12,13,8,demo,0.21528525296017226,0.21528525296017226,0.4305705059203445,2.475780409041981,0.6458557588805167,1.2917115177610334,0.21528525296017226,0.4305705059203445,1.3993541442411197,0.861141011840689,FW,15.02,772
2108.0,30,23.42,1,3,4,,,,Iker Pérez 61,Sporting,MF,35,MAR,Segunda,2223,20,9,29,25,34,28,26,demo,0.04269854824935952,0.12809564474807855,0.1707941929974381,0.8539709649871904,0.38428693424423566,1.4517506404782237,1.2382578992314262,1.067463706233988,1.1955593509820666,1.1101622544833474,MF,2.93,773
3022.0,38,33.58,5,7,12,,,,Javier López 66,Racing Ferrol,MF,34,BRA,Segunda,2425,47,17,36,48,48,43,33,demo,0.14889815366289458,0.2084574151280524,0.357355568790947,1.3996426444312091,0.5062537224538416,1.429422275163788,1.072066706372841,1.429422275163788,1.2805241215008936,0.9827278141751042,MF,4.07,774
2339.0,33,25.99,8,7,15,,,,Yeremy Pérez 70,Zaragoza B,FW,19,BRA,Segunda,2223,50,19,10,15,34,29,23,demo,0.30781069642170067,0.2693343593689881,0.5771450557906888,1.9238168526356292,0.7310504040015391,1.3081954597922278,0.38476337052712584,0.5771450557906888,1.115813774528665,0.8849557522123894,FW,16.56,775
1770.0,25,19.67,1,1,2,,,,Carlos González 75,Tenerife,DF,19,URU,Segunda,2425,7,0,40,34,13,20,23,demo,0.05083884087442806,0.05083884087442806,0.10167768174885612,0.3558718861209964,0.0,0.6609049313675648,2.0335536349771224,1.728520589730554,1.0167768174885612,1.1692933401118453,DF,11.57,776
2085.0,30,23.17,2,1,3,,,,Javier Díaz 81,Zaragoza B,DF,19,URU,Segunda,2425,6,1,44,34,27,34,27,demo,0.08631851532153646,0.04315925766076823,0.1294777729823047,0.2589555459646094,0.04315925766076823,1.1652999568407423,1.899007337073802,1.4674147604661198,1.4674147604661198,1.1652999568407423,DF,11.86,777
2789.0,38,30.99,1,1,2,,,,Ante López 85,Eldense,DF,17,URU,Segunda,2223,11,4,62,56,20,27,35,demo,0.032268473701193935,0.032268473701193935,0.06453694740238787,0.3549532107131333,0.12907389480477574,0.6453694740238787,2.000645369474024,1.8070345272668604,0.8712487899322362,1.1293965795417877,DF,12.24,778
922.0,13,10.24,2,3,5,,,,Samu Castro 90,Mirandés,MF,27,ESP,Segunda,2425,9,3,16,15,15,10,15,demo,0.1953125,0.29296875,0.48828125,0.87890625,0.29296875,1.46484375,1.5625,1.46484375,0.9765625,1.46484375,MF,9.67,779
479.0,7,5.32,1,0,1,,,,Carlos Ortega 91,Albacete,"FW,MF",29,URU,Segunda,2223,18,7,2,3,4,6,4,demo,0.18796992481203006,0.0,0.18796992481203006,3.3834586466165413,1.3157894736842104,0.7518796992481203,0.37593984962406013,0.5639097744360902,1.1278195488721805,0.7518796992481203,FW,6.53,780
1971.0,28,21.9,6,2,8,,,,Carlos Iglesias 96,Eibar,FW,18,MAR,Segunda,2425,59,19,4,10,24,23,17,demo,0.27397260273972607,0.09132420091324202,0.36529680365296807,2.6940639269406392,0.8675799086757991,1.0958904109589043,0.18264840182648404,0.4566210045662101,1.0502283105022832,0.7762557077625571,FW,15.02,781
2004.0,29,22.27,5,6,11,,,,Sergio Ramírez 3,Eldense,MF,31,BRA,Segunda,2223,22,8,30,40,37,29,29,demo,0.224517287831163,0.2694207453973956,0.4939380332285586,0.9878760664571172,0.3592276605298608,1.6614279299506063,1.3471037269869781,1.796138302649304,1.3022002694207455,1.3022002694207455,MF,6.72,782
1498.0,21,16.64,4,6,10,,,,Nico López 8,Dépor,MF,30,POR,Segunda,2425,16,11,19,19,37,17,24,demo,0.24038461538461536,0.3605769230769231,0.6009615384615384,0.9615384615384615,0.6610576923076923,2.223557692307692,1.1418269230769231,1.1418269230769231,1.0216346153846154,1.4423076923076923,MF,8.0,783
2590.0,37,28.78,9,6,15,,,,Lamine Iglesias 9,Oviedo,FW,17,BRA,Segunda,2223,58,21,11,18,30,36,29,demo,0.3127171646977067,0.20847810979847115,0.5211952744961779,2.0152883947185543,0.729673384294649,1.0423905489923557,0.3822098679638638,0.6254343293954134,1.2508686587908269,1.0076441973592771,FW,17.49,784
1370.0,20,15.22,4,4,8,,,,Pablo Sánchez 14,Córdoba,MF,22,FRA,Segunda,2425,10,4,20,23,25,20,15,demo,0.2628120893561104,0.2628120893561104,0.5256241787122208,0.657030223390276,0.2628120893561104,1.6425755584756898,1.314060446780552,1.5111695137976346,1.314060446780552,0.9855453350854139,MF,13.73,785
2603.0,37,28.92,1,2,3,,,,Samu Núñez 18,Zaragoza B,DF,25,BRA,Segunda,2223,16,8,51,38,25,29,28,demo,0.03457814661134163,0.06915629322268325,0.10373443983402489,0.553250345781466,0.276625172890733,0.8644536652835407,1.7634854771784232,1.313969571230982,1.0027662517289073,0.9681881051175656,DF,8.28,786
2716.0,38,30.18,3,1,4,,,,Takefusa González 23,Eldense,DF,27,URU,Segunda,2425,10,2,55,50,16,37,34,demo,0.09940357852882704,0.03313452617627568,0.13253810470510272,0.3313452617627568,0.06626905235255136,0.5301524188204109,1.8223989396951623,1.656726308813784,1.2259774685222002,1.126573889993373,DF,7.36,787
1220.0,17,13.56,0,0,0,,,,Pedri Alonso 24,Granada,DF,30,MAR,Segunda,2223,7,3,22,20,12,16,12,demo,0.0,0.0,0.0,0.5162241887905604,0.22123893805309733,0.8849557522123893,1.6224188790560472,1.4749262536873156,1.1799410029498525,0.8849557522123893,DF,5.0,788
1932.0,28,21.47,2,10,12,,,,Pablo Castro 29,Huesca,FW,27,ESP,Segunda,2425,47,11,4,13,26,24,23,demo,0.09315323707498836,0.4657661853749418,0.5589194224499302,2.1891010712622263,0.512342803912436,1.2109920819748488,0.18630647414997673,0.6054960409874244,1.1178388448998604,1.0712622263623661,FW,10.13,789
1750.0,25,19.44,7,4,11,,,,Hugo Ortega 33,Burgos,"FW,MF",36,NGA,Segunda,2223,50,10,8,6,24,20,16,demo,0.36008230452674894,0.20576131687242796,0.5658436213991769,2.5720164609053495,0.51440329218107,1.2345679012345678,0.4115226337448559,0.30864197530864196,1.02880658436214,0.8230452674897119,FW,3.91,790
840.0,12,9.33,0,2,2,,,,Iván Navarro 38,Racing,MF,25,BRA,Segunda,2425,6,1,14,16,17,14,4,demo,0.0,0.21436227224008575,0.21436227224008575,0.6430868167202572,0.10718113612004287,1.8220793140407288,1.5005359056806002,1.714898177920686,1.5005359056806002,0.4287245444801715,MF,9.11,791
1865.0,27,20.72,0,1,1,,,,Unai Moreno 39,Oviedo,DF,31,MAR,Segunda,2223,8,2,40,21,17,15,30,demo,0.0,0.04826254826254826,0.04826254826254826,0.3861003861003861,0.09652509652509653,0.8204633204633205,1.9305019305019306,1.0135135135135136,0.7239382239382239,1.4478764478764479,DF,4.72,792
3168.0,38,35.2,3,7,10,,,,Pablo Romero 44,Burgos,MF,30,ARG,Segunda,2425,35,18,32,63,57,33,25,demo,0.08522727272727272,0.19886363636363635,0.28409090909090906,0.9943181818181818,0.5113636363636364,1.6193181818181817,0.9090909090909091,1.789772727272727,0.9374999999999999,0.7102272727272727,MF,6.42,793
498.0,7,5.53,0,0,0,,,,Gavi Iglesias 48,Cartagena,MF,29,ARG,Segunda,2223,3,2,12,8,10,10,7,demo,0.0,0.0,0.0,0.5424954792043399,0.3616636528028933,1.8083182640144664,2.1699819168173597,1.4466546112115732,1.8083182640144664,1.2658227848101264,MF,5.5,794
2486.0,36,27.62,0,0,0,,,,Mikel Ramírez 54,Córdoba,DF,20,ESP,Segunda,2223,13,5,35,46,23,30,30,demo,0.0,0.0,0.0,0.4706734250543085,0.18102824040550325,0.8327299058653149,1.2671976828385227,1.6654598117306298,1.0861694424330195,1.0861694424330195,DF,10.0,795
3361.0,38,37.34,0,3,3,,,,Nico Castro 59,Zaragoza B,DF,31,POR,Segunda,2425,16,4,60,64,37,34,43,demo,0.0,0.08034279592929833,0.08034279592929833,0.4284949116229244,0.1071237279057311,0.9908944831280128,1.6068559185859665,1.7139796464916977,0.9105516871987144,1.1515800749866094,DF,4.86,796
2156.0,31,23.96,4,1,5,,,,Yeremy Navarro 63,Albacete,DF,24,BRA,Segunda,2223,9,2,43,32,17,26,23,demo,0.1669449081803005,0.041736227045075125,0.20868113522537562,0.3756260434056761,0.08347245409015025,0.7095158597662771,1.7946577629382303,1.335559265442404,1.0851419031719531,0.9599332220367278,DF,9.67,797
502.0,7,5.58,1,2,3,,,,Iván Castro 68,Mirandés,MF,35,POR,Segunda,2425,7,4,9,8,11,8,8,demo,0.17921146953405018,0.35842293906810035,0.5376344086021505,1.2544802867383513,0.7168458781362007,1.971326164874552,1.6129032258064515,1.4336917562724014,1.4336917562724014,1.4336917562724014,MF,3.84,798
3271.0,38,36.34,3,1,4,,,,Marc Ruiz 69,Almería,DF,29,ESP,Segunda,2223,18,7,61,70,25,43,37,demo,0.08255365987892128,0.0275178866263071,0.1100715465052284,0.49532195927352773,0.19262520638414968,0.6879471656576774,1.678591084204733,1.9262520638414968,1.183269124931205,1.0181618051733625,DF,6.11,799
3296.0,38,36.62,0,0,0,,,,Marc Navarro 74,Sporting,GK,30,URU,Segunda,2425,0,0,5,1,0,43,27,demo,0.0,0.0,0.0,0.0,0.0,0.0,0.1365374112506827,0.02730748225013654,1.1742217367558712,0.7373020207536866,GK,5.0,800
607.0,9,6.74,0,0,0,,,,Iker García 78,Castellón,GK,18,FRA,Segunda,2223,0,0,0,0,1,12,6,demo,0.0,0.0,0.0,0.0,0.0,0.14836795252225518,0.0,0.0,1.7804154302670623,0.8902077151335311,GK,11.0,801
455.0,6,5.06,1,3,4,,,,Takefusa Ruiz 84,Burgos,MF,25,POR,Segunda,2223,7,3,13,9,4,2,3,demo,0.19762845849802374,0.5928853754940712,0.790513833992095,1.383399209486166,0.5928853754940712,0.790513833992095,2.5691699604743086,1.7786561264822136,0.3952569169960475,0.5928853754940712,MF,13.43,802
1560.0,22,17.33,0,0,0,,,,Fermín García 89,Albacete,DF,20,FRA,Segunda,2425,10,1,29,29,12,19,22,demo,0.0,0.0,0.0,0.5770340450086555,0.05770340450086556,0.6924408540103867,1.6733987305251012,1.6733987305251012,1.0963646855164455,1.2694748990190423,DF,10.0,803
1558.0,22,17.31,0,1,1,,,,Mikel Jiménez 93,Burgos,DF,17,BRA,Segunda,2223,4,1,25,27,22,20,17,demo,0.0,0.057770075101097634,0.057770075101097634,0.23108030040439054,0.057770075101097634,1.270941652224148,1.4442518775274409,1.5597920277296362,1.1554015020219528,0.9820912767186598,DF,12.16,804
2743.0,38,30.48,14,7,21,,,,Ante Ramírez 1,Málaga,"FW,MF",22,NGA,Segunda,2425,64,25,13,13,34,27,29,demo,0.45931758530183725,0.22965879265091863,0.6889763779527559,2.099737532808399,0.8202099737532809,1.1154855643044619,0.42650918635170604,0.42650918635170604,0.8858267716535433,0.9514435695538057,FW,15.2,805
2157.0,31,23.97,6,1,7,,,,Mikel Torres 2,Granada,MF,33,MAR,Segunda,2223,28,8,32,43,33,21,26,demo,0.2503128911138924,0.04171881518564873,0.2920317062995411,1.1681268251981645,0.33375052148518985,1.376720901126408,1.3350020859407594,1.7939090529828954,0.8760951188986233,1.0846891948268669,MF,4.52,806
1268.0,18,14.09,1,4,5,,,,Ante Pérez 7,Racing Ferrol,MF,34,FRA,Segunda,2425,25,6,21,27,33,18,14,demo,0.07097232079488999,0.28388928317955997,0.35486160397445,1.7743080198722498,0.42583392476933996,2.34208658623137,1.4904187366926898,1.9162526614620299,1.27750177430802,0.99361249112846,MF,4.06,807
2213.0,32,24.59,0,0,0,,,,Carlos Ramírez 11,Córdoba,GK,22,BRA,Segunda,2223,0,0,7,1,0,30,24,demo,0.0,0.0,0.0,0.0,0.0,0.0,0.2846685644570964,0.040666937779585195,1.2200081333875559,0.9760065067100447,GK,9.0,808
2894.0,38,32.16,0,7,7,,,,Fermín Vargas 16,Racing,MF,30,POR,Segunda,2425,36,8,41,38,48,39,40,demo,0.0,0.2176616915422886,0.2176616915422886,1.119402985074627,0.24875621890547267,1.492537313432836,1.2748756218905475,1.1815920398009951,1.2126865671641793,1.2437810945273633,MF,6.09,809
1599.0,23,17.77,1,0,1,,,,Samu Castro 17,Granada,DF,19,FRA,Segunda,2223,6,1,30,32,12,24,15,demo,0.056274620146314014,0.0,0.056274620146314014,0.3376477208778841,0.056274620146314014,0.6752954417557682,1.6882386043894204,1.8007878446820484,1.3505908835115363,0.8441193021947102,DF,11.09,810
3319.0,38,36.88,8,15,23,,,,Yeremy López 22,Elche,MF,29,FRA,Segunda,2425,48,17,48,57,81,49,29,demo,0.21691973969631234,0.4067245119305857,0.623644251626898,1.3015184381778742,0.46095444685466375,2.1963123644251628,1.3015184381778742,1.5455531453362255,1.3286334056399132,0.7863340563991322,MF,8.93,811
1765.0,25,19.61,1,0,1,,,,Iker Alonso 26,Córdoba,DF,20,BRA,Segunda,2223,9,2,33,29,15,22,14,demo,0.05099439061703213,0.0,0.05099439061703213,0.45894951555328917,0.10198878123406425,0.7649158592554819,1.6828148903620601,1.4788373278939317,1.1218765935747068,0.7139214686384497,DF,10.51,812
1042.0,15,11.58,4,0,4,,,,Hugo Núñez 31,Huesca,FW,27,ESP,Segunda,2425,22,11,1,1,12,16,7,demo,0.3454231433506045,0.0,0.3454231433506045,1.8998272884283247,0.9499136442141624,1.0362694300518134,0.08635578583765112,0.08635578583765112,1.381692573402418,0.6044905008635578,FW,8.75,813
3351.0,38,37.23,12,9,21,,,,Fermín Díaz 32,Oviedo,FW,20,ESP,Segunda,2223,101,42,14,28,43,34,35,demo,0.32232070910556004,0.24174053182917005,0.5640612409347301,2.7128659683051306,1.1281224818694602,1.1549825409615901,0.3760408272898201,0.7520816545796402,0.9132420091324202,0.9401020682245502,FW,15.64,814
947.0,14,10.52,0,3,3,,,,Nico Navarro 41,Oviedo,MF,29,MAR,Segunda,2223,8,3,13,16,16,9,14,demo,0.0,0.28517110266159695,0.28517110266159695,0.7604562737642586,0.28517110266159695,1.5209125475285172,1.2357414448669202,1.5209125475285172,0.8555133079847909,1.3307984790874525,MF,7.07,815
1166.0,17,12.96,0,0,0,,,,Mikel Vargas 46,Albacete,DF,28,POR,Segunda,2425,4,1,22,21,13,20,11,demo,0.0,0.0,0.0,0.30864197530864196,0.07716049382716049,1.0030864197530864,1.6975308641975309,1.6203703703703702,1.5432098765432098,0.8487654320987654,DF,6.0,816
1885.0,27,20.94,0,1,1,,,,Ante Ramírez 47,Racing,DF,33,BRA,Segunda,2223,15,4,37,37,13,19,28,demo,0.0,0.04775549188156638,0.04775549188156638,0.7163323782234956,0.19102196752626552,0.6208213944603629,1.766953199617956,1.766953199617956,0.9073543457497611,1.3371537726838585,DF,3.67,817
2644.0,38,29.38,16,9,25,,,,Hugo Núñez 52,Eldense,FW,21,MAR,Segunda,2425,53,17,8,18,34,25,27,demo,0.5445881552076243,0.3063308373042886,0.8509189925119129,1.8039482641252553,0.5786249149081008,1.1572498298162015,0.27229407760381213,0.6126616746085772,0.8509189925119129,0.9189925119128659,FW,17.58,818
458.0,7,5.09,0,1,1,,,,Mikel Ruiz 56,Racing Ferrol,DF,33,ESP,Segunda,2223,2,1,10,8,4,6,1,demo,0.0,0.19646365422396858,0.19646365422396858,0.39292730844793716,0.19646365422396858,0.7858546168958743,1.9646365422396856,1.5717092337917486,1.1787819253438114,0.19646365422396858,DF,4.19,819
655.0,9,7.28,1,1,2,,,,Ante Ortega 61,Levante,"FW,MF",34,POR,Segunda,2425,24,6,2,7,12,12,6,demo,0.13736263736263735,0.13736263736263735,0.2747252747252747,3.2967032967032965,0.8241758241758241,1.6483516483516483,0.2747252747252747,0.9615384615384615,1.6483516483516483,0.8241758241758241,FW,3.82,820
3287.0,38,36.52,0,0,0,,,,Pedri López 62,Oviedo,GK,32,ESP,Segunda,2223,0,0,5,6,0,48,37,demo,0.0,0.0,0.0,0.0,0.0,0.0,0.13691128148959472,0.16429353778751368,1.3143483023001095,1.013143483023001,GK,4.0,821
1243.0,18,13.81,0,0,0,,,,Yeremy García 67,Córdoba,GK,34,BRA,Segunda,2425,1,0,1,0,0,11,10,demo,0.0,0.0,0.0,0.0724112961622013,0.0,0.0,0.0724112961622013,0.0,0.7965242577842143,0.724112961622013,GK,3.0,822
3021.0,38,33.57,1,1,2,,,,Carlos Ortega 71,Burgos,DF,28,NGA,Segunda,2223,8,2,68,52,34,42,37,demo,0.02978850163836759,0.02978850163836759,0.05957700327673518,0.23830801310694072,0.05957700327673518,1.012809055704498,2.025618111408996,1.5490020851951147,1.2511170688114388,1.1021745606196007,DF,6.36,823
595.0,8,6.61,1,2,3,,,,Ayoze Jiménez 76,Eldense,MF,22,NGA,Segunda,2425,5,1,11,11,13,10,13,demo,0.151285930408472,0.302571860816944,0.45385779122541603,0.75642965204236,0.151285930408472,1.966717095310136,1.664145234493192,1.664145234493192,1.51285930408472,1.966717095310136,MF,13.08,824
878.0,13,9.76,1,1,2,,,,Pablo Romero 77,Huesca,DF,24,ARG,Segunda,2223,1,1,15,10,13,7,17,demo,0.10245901639344263,0.10245901639344263,0.20491803278688525,0.10245901639344263,0.10245901639344263,1.3319672131147542,1.5368852459016393,1.0245901639344261,0.7172131147540983,1.7418032786885247,DF,9.64,825
2252.0,32,25.02,1,0,1,,,,Hugo Alonso 82,Burgos,DF,28,FRA,Segunda,2425,9,3,39,57,27,19,29,demo,0.039968025579536375,0.0,0.039968025579536375,0.3597122302158273,0.11990407673860912,1.079136690647482,1.5587529976019185,2.278177458033573,0.759392486011191,1.1590727418065547,DF,6.24,826
3351.0,38,37.23,1,1,2,,,,Ante López 86,Dépor,DF,18,NGA,Segunda,2223,13,1,69,74,21,46,35,demo,0.026860059092130004,0.026860059092130004,0.05372011818426001,0.34918076819769006,0.026860059092130004,0.5640612409347301,1.8533440773569703,1.9876443728176203,1.2355627182379803,0.9401020682245502,DF,11.59,827
1264.0,18,14.04,2,1,3,,,,Pablo Jiménez 92,Oviedo,FW,24,POR,Segunda,2223,40,13,6,6,13,17,7,demo,0.14245014245014245,0.07122507122507123,0.2136752136752137,2.8490028490028494,0.9259259259259259,0.9259259259259259,0.4273504273504274,0.4273504273504274,1.210826210826211,0.4985754985754986,FW,9.71,828
2213.0,32,24.59,3,4,7,,,,Unai Pérez 0,Oviedo,MF,18,MAR,Segunda,2425,31,8,30,28,39,14,26,demo,0.12200081333875559,0.16266775111834078,0.2846685644570964,1.260675071167141,0.32533550223668156,1.5860105734038228,1.2200081333875559,1.1386742578283855,0.5693371289141927,1.0573403822692151,MF,14.13,829
2082.0,30,23.13,1,1,2,,,,Iker Alonso 4,Racing,MF,22,NGA,Segunda,2223,27,5,33,40,43,30,31,demo,0.043233895373973194,0.043233895373973194,0.08646779074794639,1.1673151750972763,0.21616947686986598,1.8590575010808474,1.4267185473411155,1.7293558149589279,1.297016861219196,1.3402507565931692,MF,9.78,830
2414.0,34,26.82,0,4,4,,,,Fermín Torres 9,Dépor,DF,35,POR,Segunda,2425,11,4,39,42,15,22,19,demo,0.0,0.14914243102162564,0.14914243102162564,0.41014168530947054,0.14914243102162564,0.5592841163310962,1.45413870246085,1.5659955257270692,0.8202833706189411,0.7084265473527218,DF,2.87,831
1870.0,27,20.78,2,4,6,,,,Bryan Iglesias 10,Zaragoza,MF,30,MAR,Segunda,2223,22,5,30,32,32,15,21,demo,0.09624639076034648,0.19249278152069296,0.28873917228103946,1.0587102983638113,0.2406159769008662,1.5399422521655437,1.4436958614051971,1.5399422521655437,0.7218479307025986,1.010587102983638,MF,6.44,832
1283.0,18,14.26,9,2,11,,,,Javier Pérez 15,Burgos,FW,35,FRA,Segunda,2425,21,11,3,5,22,17,10,demo,0.6311360448807855,0.1402524544179523,0.7713884992987378,1.4726507713884993,0.7713884992987378,1.5427769985974755,0.21037868162692847,0.3506311360448808,1.1921458625525947,0.7012622720897616,FW,4.43,833
977.0,14,10.86,1,0,1,,,,Hugo Moreno 19,Levante,MF,36,BRA,Segunda,2223,18,9,16,14,18,8,7,demo,0.09208103130755065,0.0,0.09208103130755065,1.6574585635359116,0.8287292817679558,1.6574585635359116,1.4732965009208103,1.289134438305709,0.7366482504604052,0.6445672191528545,MF,2.73,834
1759.0,25,19.54,4,1,5,,,,Ante Ruiz 24,Córdoba,FW,23,NGA,Segunda,2425,44,13,7,11,29,23,22,demo,0.2047082906857728,0.0511770726714432,0.25588536335721596,2.2517911975435005,0.6653019447287616,1.4841351074718527,0.35823950870010235,0.5629477993858751,1.1770726714431936,1.1258955987717503,FW,10.68,835
985.0,14,10.94,1,2,3,,,,Takefusa Pérez 25,Oviedo,FW,32,URU,Segunda,2223,21,5,1,9,17,8,13,demo,0.09140767824497258,0.18281535648994515,0.27422303473491777,1.9195612431444242,0.4570383912248629,1.5539305301645339,0.09140767824497258,0.8226691042047533,0.7312614259597806,1.1882998171846435,FW,5.1,836
803.0,11,8.92,0,0,0,,,,Unai Núñez 30,Elche,GK,23,MAR,Segunda,2425,0,0,0,0,0,8,2,demo,0.0,0.0,0.0,0.0,0.0,0.0,0.0,0.0,0.8968609865470852,0.2242152466367713,GK,8.5,837
1400.0,20,15.56,0,2,2,,,,Javier Castro 34,Zaragoza,DF,36,MAR,Segunda,2223,8,2,30,23,11,15,21,demo,0.0,0.12853470437017994,0.12853470437017994,0.5141388174807198,0.12853470437017994,0.7069408740359897,1.9280205655526992,1.4781491002570695,0.9640102827763496,1.3496143958868894,DF,2.82,838
1938.0,28,21.53,2,1,3,,,,Pablo Castro 39,Zaragoza,MF,20,ARG,Segunda,2425,25,10,20,20,47,27,18,demo,0.09289363678588017,0.046446818392940084,0.13934045517882024,1.161170459823502,0.4644681839294008,2.1830004644681837,0.9289363678588016,0.9289363678588016,1.2540640966093821,0.8360427310729215,MF,11.39,839
3172.0,38,35.24,3,11,14,,,,Ayoze Vargas 40,Eibar,MF,36,URU,Segunda,2223,46,11,40,42,70,36,40,demo,0.0851305334846765,0.3121452894438138,0.39727582292849034,1.3053348467650396,0.3121452894438138,1.9863791146424516,1.1350737797956867,1.191827468785471,1.021566401816118,1.1350737797956867,MF,3.49,840
1405.0,20,15.61,1,4,5,,,,Unai Martínez 45,Málaga,MF,32,FRA,Segunda,2425,14,4,13,30,28,18,14,demo,0.06406149903907751,0.25624599615631005,0.3203074951953876,0.8968609865470852,0.25624599615631005,1.7937219730941705,0.8327994875080077,1.9218449711723256,1.1531069827033953,0.8968609865470852,MF,5.28,841
1762.0,25,19.58,4,3,7,,,,Gavi Moreno 49,Racing Ferrol,"FW,MF",32,ESP,Segunda,2223,53,19,5,3,29,24,18,demo,0.20429009193054137,0.15321756894790603,0.35750766087844743,2.706843718079673,0.9703779366700716,1.4811031664964251,0.25536261491317674,0.15321756894790603,1.2257405515832482,0.9193054136874362,FW,5.43,842
2577.0,37,28.63,2,0,2,,,,Lamine Ruiz 54,Córdoba,DF,28,FRA,Segunda,2425,10,3,56,38,21,41,27,demo,0.069856793573175,0.0,0.069856793573175,0.34928396786587496,0.10478519035976248,0.7334963325183375,1.9559902200488999,1.327279077890325,1.4320642682500875,0.9430667132378624,DF,6.42,843
2001.0,29,22.23,4,4,8,,,,Sergio Alonso 55,Zaragoza B,FW,35,URU,Segunda,2223,53,22,10,15,26,25,14,demo,0.1799370220422852,0.1799370220422852,0.3598740440845704,2.3841655420602788,0.9896536212325686,1.1695906432748537,0.44984255510571297,0.6747638326585695,1.1246063877642825,0.6297795771479981,FW,3.4,844
3318.0,38,36.87,11,13,24,,,,Carlos Pérez 60,Levante,"FW,MF",27,FRA,Segunda,2425,89,33,13,14,46,38,41,demo,0.2983455383780852,0.3525901817195552,0.6509357200976404,2.4138866286954164,0.8950366151342556,1.2476267968538108,0.3525901817195552,0.3797125033902902,1.0306482234879306,1.1120151885001357,FW,10.73,845
2425.0,35,26.94,1,5,6,,,,Carlos Jiménez 70,Eibar,MF,22,BRA,Segunda,2223,35,10,37,40,58,17,23,demo,0.03711952487008166,0.1855976243504083,0.22271714922048996,1.2991833704528581,0.3711952487008166,2.1529324424647363,1.3734224201930214,1.4847809948032664,0.6310319227913882,0.8537490720118782,MF,11.0,846
3243.0,38,36.03,3,1,4,,,,Gavi Alonso 75,Zaragoza,DF,24,MAR,Segunda,2425,18,3,81,52,24,34,41,demo,0.08326394671107411,0.027754648903691368,0.11101859561476547,0.4995836802664446,0.08326394671107411,0.6661115736885929,2.2481265611990007,1.443241742991951,0.9436580627255065,1.137940605051346,DF,8.89,847
3212.0,38,35.69,15,5,20,,,,Oihan González 79,Huesca,FW,25,ARG,Segunda,2223,87,31,21,31,52,40,31,demo,0.42028579434015134,0.14009526478005044,0.5603810591202018,2.4376576071728775,0.8685906416363127,1.4569907537125246,0.5884001120762119,0.8685906416363127,1.1207621182404035,0.8685906416363127,FW,11.7,848
2605.0,37,28.94,1,8,9,,,,Samu Núñez 84,Elche,MF,18,POR,Segunda,2425,34,9,46,43,58,32,33,demo,0.03455425017277125,0.27643400138217,0.31098825155494125,1.1748445058742225,0.31098825155494125,2.0041465100207323,1.5894955079474775,1.4858327574291637,1.10573600552868,1.1402902557014511,MF,14.42,849
2883.0,38,32.03,5,11,16,,,,Fermín Sánchez 85,Eibar,MF,30,URU,Segunda,2223,39,12,48,54,57,36,35,demo,0.1561036528254761,0.34342803621604745,0.49953168904152356,1.2176084920387136,0.3746487667811427,1.7795816422104276,1.4985950671245707,1.685919450515142,1.123946300343428,1.0927255697783327,MF,7.5,850
1611.0,23,17.9,5,4,9,,,,Mikel García 90,Elche,FW,21,POR,Segunda,2425,41,15,7,6,21,28,15,demo,0.2793296089385475,0.223463687150838,0.5027932960893855,2.2905027932960897,0.8379888268156426,1.1731843575418994,0.3910614525139665,0.335195530726257,1.564245810055866,0.8379888268156426,FW,14.28,851
2910.0,38,32.33,4,5,9,,,,Pablo Ramírez 94,Córdoba,MF,24,ESP,Segunda,2223,37,15,44,38,54,43,29,demo,0.12372409526755336,0.1546551190844417,0.2783792143519951,1.1444478812248686,0.4639653572533251,1.6702752861119703,1.360965047943087,1.175378905041757,1.3300340241261988,0.8969996906897619,MF,10.23,852
896.0,13,9.96,1,6,7,,,,Takefusa González 2,Tenerife,MF,26,BRA,Segunda,2425,13,3,10,9,20,18,11,demo,0.1004016064257028,0.6024096385542168,0.7028112449799196,1.3052208835341363,0.3012048192771084,2.008032128514056,1.004016064257028,0.9036144578313252,1.8072289156626504,1.104417670682731,MF,11.92,853
764.0,11,8.49,3,1,4,,,,Bryan Moreno 3,Mirandés,FW,24,POR,Segunda,2223,27,12,6,5,7,5,8,demo,0.35335689045936397,0.11778563015312131,0.47114252061248524,3.1802120141342756,1.4134275618374559,0.8244994110718492,0.7067137809187279,0.5889281507656066,0.5889281507656066,0.9422850412249705,FW,11.77,854
3293.0,38,36.59,0,0,0,,,,Pedri Pérez 8,Málaga,GK,20,BRA,Segunda,2425,0,0,7,3,0,47,29,demo,0.0,0.0,0.0,0.0,0.0,0.0,0.191309100847226,0.08198961464881115,1.2845039628313746,0.7925662749385077,GK,10.0,855
1409.0,20,15.66,1,1,2,,,,Ante Díaz 12,Racing,DF,27,URU,Segunda,2223,10,6,32,23,11,12,17,demo,0.06385696040868455,0.06385696040868455,0.1277139208173691,0.6385696040868455,0.3831417624521073,0.70242656449553,2.0434227330779056,1.4687100893997445,0.7662835249042146,1.0855683269476373,DF,7.33,856
2470.0,35,27.44,3,10,13,,,,Iván Ortega 18,Tenerife,MF,21,NGA,Segunda,2223,28,10,45,33,54,25,39,demo,0.10932944606413994,0.36443148688046645,0.4737609329446064,1.0204081632653061,0.36443148688046645,1.9679300291545188,1.639941690962099,1.2026239067055393,0.9110787172011662,1.4212827988338192,MF,14.0,857
3127.0,38,34.74,1,9,10,,,,Rodri Iglesias 23,Almería,MF,29,BRA,Segunda,2425,35,12,51,36,66,40,42,demo,0.028785261945883704,0.25906735751295334,0.28785261945883706,1.0074841681059297,0.3454231433506045,1.8998272884283245,1.468048359240069,1.0362694300518134,1.1514104778353482,1.2089810017271156,MF,7.08,858
1267.0,18,14.08,2,0,2,,,,Iván Castro 27,Racing,MF,31,MAR,Segunda,2223,19,6,14,18,27,16,14,demo,0.14204545454545456,0.0,0.14204545454545456,1.3494318181818181,0.42613636363636365,1.9176136363636365,0.9943181818181818,1.2784090909090908,1.1363636363636365,0.9943181818181818,MF,5.14,859
3170.0,38,35.22,0,0,0,,,,Pablo Moreno 32,Málaga,GK,18,NGA,Segunda,2425,0,0,5,0,0,36,31,demo,0.0,0.0,0.0,0.0,0.0,0.0,0.1419647927314026,0.0,1.022146507666099,0.8801817149346962,GK,11.0,860
2060.0,29,22.89,1,0,1,,,,Unai Núñez 33,Zaragoza,DF,33,ESP,Segunda,2223,16,3,33,43,22,20,20,demo,0.043687199650502405,0.0,0.043687199650502405,0.6989951944080385,0.1310615989515072,0.9611183923110528,1.4416775884665793,1.8785495849716032,0.873743993010048,0.873743993010048,DF,3.65,861
745.0,11,8.28,0,0,0,,,,Carlos García 38,Racing Ferrol,MF,30,MAR,Segunda,2425,14,6,11,9,15,9,11,demo,0.0,0.0,0.0,1.6908212560386475,0.7246376811594204,1.8115942028985508,1.3285024154589373,1.0869565217391306,1.0869565217391306,1.3285024154589373,MF,5.0,862
1853.0,26,20.59,2,1,3,,,,Fermín Navarro 42,Almería,DF,29,ARG,Segunda,2223,11,4,41,29,17,19,18,demo,0.09713453132588636,0.04856726566294318,0.14570179698882954,0.5342399222923749,0.1942690626517727,0.825643516270034,1.9912578921806703,1.408450704225352,0.9227780475959203,0.8742107819329772,DF,6.3,863
868.0,12,9.64,5,2,7,,,,Rodri Castro 47,Tenerife,"FW,MF",20,MAR,Segunda,2425,20,7,2,9,14,8,12,demo,0.5186721991701244,0.20746887966804978,0.7261410788381742,2.0746887966804977,0.7261410788381742,1.4522821576763485,0.20746887966804978,0.933609958506224,0.8298755186721991,1.2448132780082988,FW,17.26,864
1342.0,19,14.91,0,0,0,,,,Oihan Torres 48,Levante,GK,34,MAR,Segunda,2223,0,0,6,0,0,11,12,demo,0.0,0.0,0.0,0.0,0.0,0.0,0.40241448692152915,0.0,0.7377598926894702,0.8048289738430583,GK,3.0,865
2925.0,38,32.5,6,5,11,,,,Sergio Moreno 53,Oviedo,MF,35,URU,Segunda,2425,47,12,40,36,65,47,34,demo,0.18461538461538463,0.15384615384615385,0.3384615384615385,1.4461538461538461,0.36923076923076925,2.0,1.2307692307692308,1.1076923076923078,1.4461538461538461,1.0461538461538462,MF,3.35,866
748.0,11,8.31,0,0,0,,,,Carlos Jiménez 2,Leganés,DF,18,URU,La Liga,2425,3,1,18,13,10,9,3,demo,0.0,0.0,0.0,0.3610108303249097,0.12033694344163658,1.2033694344163657,2.166064981949458,1.5643802647412755,1.083032490974729,0.3610108303249097,DF,19.8,867
3170.0,38,35.22,1,4,5,,,,Takefusa Ortega 5,Getafe,DF,36,URU,La Liga,2425,13,4,69,54,37,38,32,demo,0.028392958546280524,0.1135718341851221,0.1419647927314026,0.3691084611016468,0.1135718341851221,1.0505394662123793,1.959114139693356,1.5332197614991483,1.0789324247586598,0.9085746734809768,DF,5.14,868
1054.0,15,11.71,0,2,2,,,,Iker Díaz 11,Alavés,MF,19,NGA,La Liga,2425,9,2,13,17,15,14,11,demo,0.0,0.1707941929974381,0.1707941929974381,0.7685738684884713,0.1707941929974381,1.2809564474807855,1.1101622544833474,1.4517506404782237,1.1955593509820666,0.9393680614859095,MF,22.13,869
3010.0,38,33.44,1,2,3,,,,Bryan Alonso 12,Girona,DF,36,ARG,La Liga,2223,16,4,55,46,17,46,31,demo,0.029904306220095697,0.059808612440191394,0.08971291866028709,0.47846889952153115,0.11961722488038279,0.5083732057416268,1.6447368421052633,1.375598086124402,1.375598086124402,0.9270334928229665,DF,4.9,870
1282.0,18,14.24,1,1,2,,,,Unai Torres 17,Real Madrid,DF,36,FRA,La Liga,2425,8,4,21,19,15,11,13,demo,0.0702247191011236,0.0702247191011236,0.1404494382022472,0.5617977528089888,0.2808988764044944,1.053370786516854,1.4747191011235954,1.3342696629213482,0.7724719101123595,0.9129213483146067,DF,5.13,871
2643.0,38,29.37,4,7,11,,,,Carlos López 20,Real Sociedad,FW,22,URU,La Liga,2425,74,28,18,10,38,29,31,demo,0.1361933946203609,0.23833844058563158,0.3745318352059925,2.519577800476677,0.9533537623425263,1.2938372488934287,0.6128702757916241,0.34048348655090227,0.9874021109976165,1.055498808307797,FW,22.27,872
742.0,11,8.24,1,2,3,,,,Javier Torres 21,Osasuna,FW,18,MAR,La Liga,2223,14,9,1,2,8,11,7,demo,0.12135922330097088,0.24271844660194175,0.3640776699029126,1.6990291262135921,1.0922330097087378,0.970873786407767,0.12135922330097088,0.24271844660194175,1.3349514563106797,0.8495145631067961,FW,27.01,873
664.0,9,7.38,0,0,0,,,,Lamine Sánchez 26,Rayo,DF,28,POR,La Liga,2425,5,1,11,9,8,11,5,demo,0.0,0.0,0.0,0.6775067750677507,0.13550135501355015,1.0840108401084012,1.4905149051490516,1.2195121951219512,1.4905149051490516,0.6775067750677507,DF,10.8,874
3201.0,38,35.57,4,0,4,,,,Rodri Ramírez 27,Girona,DF,21,BRA,La Liga,2223,14,1,78,60,29,38,33,demo,0.11245431543435479,0.0,0.11245431543435479,0.39359010402024175,0.028113578858588697,0.8152937868990723,2.1928591509699182,1.686814731515322,1.0683159966263704,0.9277481023334271,DF,19.02,875
3126.0,38,34.73,16,2,18,,,,Oihan López 30,Alavés,FW,24,FRA,La Liga,2223,77,23,12,25,45,40,28,demo,0.4606968039159229,0.05758710048949036,0.5182839044054133,2.217103368845379,0.6622516556291391,1.295709761013533,0.34552260293694215,0.7198387561186295,1.1517420097898072,0.8062194068528651,FW,21.86,876
2864.0,38,31.82,2,1,3,,,,Hugo Alonso 32,Espanyol,DF,32,ESP,La Liga,2425,12,4,45,40,21,34,22,demo,0.06285355122564425,0.03142677561282212,0.09428032683846638,0.3771213073538655,0.1257071024512885,0.6599622878692646,1.4142049025769956,1.2570710245128849,1.0685103708359522,0.6913890634820867,DF,7.88,877
1090.0,16,12.11,2,2,4,,,,Ayoze Moreno 36,Valladolid,FW,27,ARG,La Liga,2223,31,11,4,5,15,15,15,demo,0.16515276630883569,0.16515276630883569,0.33030553261767137,2.559867877786953,0.9083402146985963,1.2386457473162675,0.33030553261767137,0.4128819157720892,1.2386457473162675,1.2386457473162675,FW,15.56,878
1976.0,28,21.96,6,4,10,,,,Sergio Vargas 41,Real Madrid,MF,27,NGA,La Liga,2425,25,5,28,47,39,28,19,demo,0.27322404371584696,0.18214936247723132,0.4553734061930783,1.1384335154826957,0.22768670309653916,1.7759562841530054,1.2750455373406193,2.140255009107468,1.2750455373406193,0.8652094717668488,MF,17.03,879
3002.0,38,33.36,10,5,15,,,,Takefusa Iglesias 42,Girona,FW,34,NGA,La Liga,2223,79,32,12,17,33,39,33,demo,0.2997601918465228,0.1498800959232614,0.44964028776978415,2.36810551558753,0.9592326139088729,0.9892086330935252,0.3597122302158273,0.5095923261390888,1.169064748201439,0.9892086330935252,FW,7.83,880
3014.0,38,33.49,3,0,3,,,,Iván Ortega 45,Celta,DF,34,MAR,La Liga,2223,13,0,61,61,29,35,25,demo,0.08957897879964168,0.0,0.08957897879964168,0.3881755747984473,0.0,0.8659301283965363,1.821439235592714,1.821439235592714,1.0450880859958196,0.746491489997014,DF,5.88,881
990.0,14,11.0,1,2,3,,,,Sergio Martínez 47,Getafe,MF,18,ARG,La Liga,2425,7,2,12,22,21,17,16,demo,0.09090909090909091,0.18181818181818182,0.2727272727272727,0.6363636363636364,0.18181818181818182,1.9090909090909092,1.0909090909090908,2.0,1.5454545454545454,1.4545454545454546,MF,25.2,882
1759.0,25,19.54,6,3,9,,,,Pedri Sánchez 50,Alavés,FW,18,POR,La Liga,2425,36,12,6,11,22,15,20,demo,0.3070624360286592,0.1535312180143296,0.46059365404298874,1.842374616171955,0.6141248720573184,1.1258955987717503,0.3070624360286592,0.5629477993858751,0.7676560900716479,1.0235414534288638,FW,28.92,883
1239.0,18,13.77,7,0,7,,,,Nico Sánchez 51,Las Palmas,FW,17,BRA,La Liga,2223,36,9,9,5,19,18,13,demo,0.5083514887436457,0.0,0.5083514887436457,2.6143790849673203,0.6535947712418301,1.3798111837327525,0.6535947712418301,0.36310820624546114,1.3071895424836601,0.944081336238199,FW,31.22,884
3310.0,38,36.78,9,7,16,,,,Samu Vargas 57,Las Palmas,FW,32,URU,La Liga,2223,78,30,20,18,34,35,36,demo,0.24469820554649266,0.19032082653616095,0.4350190320826536,2.120717781402936,0.8156606851549755,0.924415443175639,0.5437737901033171,0.4893964110929853,0.9516041326808048,0.9787928221859706,FW,10.33,885
2876.0,38,31.96,2,1,3,,,,Lamine Torres 60,Atlético,DF,23,ESP,La Liga,2223,17,4,72,45,26,36,36,demo,0.0625782227784731,0.03128911138923655,0.09386733416770963,0.5319148936170213,0.1251564455569462,0.8135168961201502,2.252816020025031,1.4080100125156445,1.1264080100125156,1.1264080100125156,DF,16.74,886
1151.0,16,12.79,2,0,2,,,,Ante Alonso 62,Real Sociedad,DF,34,MAR,La Liga,2425,9,3,24,27,16,22,17,demo,0.15637216575449572,0.0,0.15637216575449572,0.7036747458952307,0.23455824863174357,1.2509773260359658,1.8764659890539486,2.111024237685692,1.7200938232994527,1.3291634089132136,DF,6.24,887
2748.0,38,30.53,17,4,21,,,,Sergio Romero 65,Barcelona,FW,19,ARG,La Liga,2425,57,22,10,11,37,25,35,demo,0.5568293481821159,0.13101867016049787,0.6878480183426138,1.8670160497870947,0.7206026858827382,1.2119226989846053,0.32754667540124466,0.3603013429413691,0.8188666885031116,1.1464133639043563,FW,31.9,888
1980.0,28,22.0,1,2,3,,,,Oihan López 66,Valladolid,MF,33,POR,La Liga,2223,20,6,26,23,43,18,28,demo,0.045454545454545456,0.09090909090909091,0.13636363636363635,0.9090909090909091,0.2727272727272727,1.9545454545454546,1.1818181818181819,1.0454545454545454,0.8181818181818182,1.2727272727272727,MF,7.16,889
2305.0,33,25.61,2,9,11,,,,Álex Martínez 71,Osasuna,MF,30,NGA,La Liga,2425,18,7,17,41,46,25,24,demo,0.07809449433814916,0.35142522452167124,0.4295197188598204,0.7028504490433425,0.27333073018352205,1.7961733697774307,0.6638032018742679,1.6009371339320577,0.9761811792268645,0.9371339320577899,MF,12.87,890
2907.0,38,32.3,12,4,16,,,,Mikel Núñez 72,Mallorca,FW,27,ARG,La Liga,2223,62,19,18,12,38,34,39,demo,0.3715170278637771,0.12383900928792571,0.49535603715170284,1.9195046439628485,0.5882352941176471,1.1764705882352942,0.5572755417956656,0.3715170278637771,1.0526315789473686,1.2074303405572757,FW,17.5,891
3322.0,38,36.91,13,9,22,,,,Javier García 75,Osasuna,FW,31,FRA,La Liga,2223,85,30,27,19,41,35,45,demo,0.35220807369276624,0.24383635871037662,0.5960444324031429,2.302898943375779,0.812787862367922,1.1108100785694934,0.7315090761311298,0.5147656461663507,0.948252506095909,1.2191817935518832,FW,12.93,892
2589.0,37,28.77,1,3,4,,,,Pedri González 77,Valencia,DF,20,ESP,La Liga,2425,12,6,42,31,33,37,25,demo,0.03475842891901286,0.10427528675703858,0.13903371567605144,0.4171011470281543,0.20855057351407716,1.1470281543274243,1.4598540145985401,1.0775112964893987,1.2860618700034758,0.8689607229753216,DF,20.5,893
777.0,11,8.63,1,3,4,,,,Oihan Vargas 80,Real Sociedad,MF,26,URU,La Liga,2425,6,1,9,16,19,8,11,demo,0.11587485515643105,0.34762456546929316,0.4634994206257242,0.6952491309385863,0.11587485515643105,2.20162224797219,1.0428736964078793,1.8539976825028968,0.9269988412514484,1.2746234067207416,MF,18.44,894
3245.0,38,36.06,14,5,19,,,,Samu Díaz 81,Espanyol,FW,32,MAR,La Liga,2223,68,28,20,23,38,38,40,demo,0.3882418191902385,0.1386577925679423,0.5268996117581808,1.8857459789240154,0.776483638380477,1.0537992235163616,0.5546311702717692,0.6378258458125347,1.0537992235163616,1.1092623405435384,FW,10.99,895
2126.0,30,23.62,10,7,17,,,,Takefusa Iglesias 87,Rayo,FW,33,ESP,La Liga,2223,56,19,8,12,23,14,21,demo,0.42337002540220153,0.29635901778154106,0.7197290431837425,2.3708721422523285,0.8044030482641829,0.9737510584250635,0.3386960203217612,0.5080440304826418,0.5927180355630821,0.8890770533446232,FW,10.83,896
1359.0,19,15.1,7,3,10,,,,Ayoze Vargas 90,Osasuna,FW,22,ARG,La Liga,2223,32,9,6,7,14,16,13,demo,0.4635761589403974,0.19867549668874174,0.6622516556291391,2.119205298013245,0.5960264900662252,0.9271523178807948,0.3973509933774835,0.4635761589403974,1.0596026490066226,0.8609271523178809,FW,26.93,897
2904.0,38,32.27,4,9,13,,,,Rodri Torres 92,Rayo,MF,28,BRA,La Liga,2425,41,15,48,43,44,33,29,demo,0.12395413696932134,0.278896808180973,0.40285094515029435,1.2705299039355438,0.464828013634955,1.3634955066625347,1.487449643631856,1.3325069724202043,1.022621629996901,0.8986674930275798,MF,15.15,898
1337.0,19,14.86,0,1,1,,,,Samu Ortega 96,Real Madrid,DF,17,ESP,La Liga,2223,4,1,25,31,11,18,14,demo,0.0,0.06729475100942127,0.06729475100942127,0.2691790040376851,0.06729475100942127,0.7402422611036339,1.6823687752355316,2.0861372812920593,1.2113055181695829,0.9421265141318977,DF,22.09,899
846.0,12,9.4,0,0,0,,,,Iker Vargas 5,Leganés,DF,32,URU,La Liga,2223,2,0,21,14,12,10,10,demo,0.0,0.0,0.0,0.2127659574468085,0.0,1.276595744680851,2.234042553191489,1.4893617021276595,1.0638297872340425,1.0638297872340425,DF,7.2,900
2479.0,35,27.54,0,0,0,,,,Gavi Pérez 8,Celta,GK,36,ARG,La Liga,2223,0,0,5,1,0,30,30,demo,0.0,0.0,0.0,0.0,0.0,0.0,0.18155410312273057,0.03631082062454612,1.0893246187363834,1.0893246187363834,GK,4.5,901
2308.0,33,25.64,2,2,4,,,,Javier Vargas 13,Sevilla,DF,29,ESP,La Liga,2425,9,3,39,36,17,33,30,demo,0.078003120124805,0.078003120124805,0.15600624024961,0.35101404056162244,0.11700468018720749,0.6630265210608424,1.5210608424336973,1.4040561622464898,1.2870514820592824,1.1700468018720749,DF,11.44,902
698.0,10,7.76,3,2,5,,,,Oihan Romero 14,Valladolid,FW,29,POR,La Liga,2223,21,10,5,4,9,6,13,demo,0.3865979381443299,0.2577319587628866,0.6443298969072165,2.7061855670103094,1.288659793814433,1.1597938144329898,0.6443298969072165,0.5154639175257733,0.7731958762886598,1.675257731958763,FW,16.28,903
2215.0,32,24.61,4,3,7,,,,Nico García 19,Real Madrid,DF,34,MAR,La Liga,2425,15,4,46,38,26,24,29,demo,0.16253555465258027,0.12190166598943519,0.28443722064201543,0.609508329947176,0.16253555465258027,1.0564811052417717,1.8691588785046729,1.5440877691995125,0.9752133279154815,1.178382771231207,DF,6.94,904
1874.0,27,20.82,4,6,10,,,,Rodri Romero 20,Real Sociedad,MF,27,NGA,La Liga,2223,24,8,27,22,32,21,18,demo,0.19212295869356388,0.2881844380403458,0.4803073967339097,1.1527377521613833,0.38424591738712777,1.536983669548511,1.296829971181556,1.0566762728146013,1.0086455331412103,0.8645533141210374,MF,17.32,905
897.0,13,9.97,0,2,2,,,,Takefusa Sánchez 23,Girona,DF,29,ARG,La Liga,2223,5,1,14,13,7,10,9,demo,0.0,0.20060180541624872,0.20060180541624872,0.5015045135406219,0.10030090270812436,0.7021063189568706,1.4042126379137412,1.3039117352056169,1.0030090270812437,0.9027081243731193,DF,11.89,906
2422.0,35,26.91,8,2,10,,,,Marc López 25,Girona,"FW,MF",25,BRA,La Liga,2425,49,17,10,19,34,20,28,demo,0.29728725380899296,0.07432181345224824,0.37160906726124115,1.8208844295800817,0.63173541434411,1.26347082868822,0.37160906726124115,0.7060572277963583,0.7432181345224823,1.0405053883314752,FW,18.52,907
1231.0,18,13.68,0,2,2,,,,Hugo González 28,Rayo,DF,34,ARG,La Liga,2425,2,0,22,20,15,20,19,demo,0.0,0.14619883040935672,0.14619883040935672,0.14619883040935672,0.0,1.0964912280701755,1.608187134502924,1.4619883040935673,1.4619883040935673,1.3888888888888888,DF,6.19,908
2479.0,35,27.54,5,6,11,,,,Bryan Ramírez 29,Girona,FW,29,ARG,La Liga,2223,61,24,6,11,30,34,26,demo,0.18155410312273057,0.2178649237472767,0.3994190268700073,2.2149600580973132,0.8714596949891068,1.0893246187363834,0.2178649237472767,0.3994190268700073,1.2345679012345678,0.944081336238199,FW,13.85,909
2943.0,38,32.7,2,12,14,,,,Iker Ramírez 34,Getafe,MF,22,ESP,La Liga,2425,35,9,55,51,68,41,23,demo,0.061162079510703356,0.36697247706422015,0.4281345565749235,1.0703363914373087,0.2752293577981651,2.079510703363914,1.6819571865443423,1.5596330275229355,1.2538226299694188,0.7033639143730887,MF,23.14,910
1360.0,19,15.11,3,2,5,,,,Nico García 35,Real Sociedad,MF,29,BRA,La Liga,2223,23,8,19,21,23,20,18,demo,0.19854401058901391,0.13236267372600927,0.3309066843150232,1.5221707478491067,0.5294506949040371,1.5221707478491067,1.257445400397088,1.3898080741230974,1.3236267372600927,1.1912640635340834,MF,13.18,911
1865.0,27,20.72,2,3,5,,,,Iker Pérez 38,Rayo,MF,35,FRA,La Liga,2223,26,9,24,29,31,21,28,demo,0.09652509652509653,0.1447876447876448,0.24131274131274133,1.254826254826255,0.4343629343629344,1.4961389961389961,1.1583011583011584,1.3996138996138996,1.0135135135135136,1.3513513513513513,MF,5.59,912
935.0,13,10.39,2,2,4,,,,Pablo Ruiz 40,Valencia,FW,18,NGA,La Liga,2425,20,7,3,3,13,18,11,demo,0.19249278152069296,0.19249278152069296,0.3849855630413859,1.9249278152069296,0.6737247353224254,1.2512030798845042,0.28873917228103946,0.28873917228103946,1.7324350336862366,1.0587102983638113,FW,27.42,913
1906.0,27,21.18,1,1,2,,,,Pedri Navarro 43,Real Sociedad,DF,35,ARG,La Liga,2425,6,2,35,40,23,22,18,demo,0.047214353163361665,0.047214353163361665,0.09442870632672333,0.28328611898017,0.09442870632672333,1.0859301227573182,1.652502360717658,1.8885741265344664,1.0387157695939566,0.8498583569405099,DF,4.92,914
2405.0,34,26.72,0,0,0,,,,Nico Navarro 44,Atlético,GK,19,ARG,La Liga,2223,1,0,2,2,0,22,31,demo,0.0,0.0,0.0,0.037425149700598806,0.0,0.0,0.07485029940119761,0.07485029940119761,0.8233532934131736,1.160179640718563,GK,18.9,915
2535.0,36,28.17,3,7,10,,,,Iker García 49,Sevilla,MF,34,POR,La Liga,2425,30,13,36,42,63,22,22,demo,0.10649627263045792,0.24849130280440182,0.35498757543485976,1.0649627263045793,0.46148384806531767,2.2364217252396164,1.2779552715654952,1.490947816826411,0.7809726659566915,0.7809726659566915,MF,7.32,916
1243.0,18,13.81,1,4,5,,,,Oihan García 50,Osasuna,MF,22,POR,La Liga,2223,14,8,18,14,25,17,11,demo,0.0724112961622013,0.2896451846488052,0.3620564808110065,1.0137581462708183,0.5792903692976104,1.8102824040550325,1.3034033309196233,1.0137581462708183,1.2309920347574221,0.7965242577842143,MF,22.07,917
3034.0,38,33.71,2,1,3,,,,Ayoze Vargas 53,Sevilla,DF,31,BRA,La Liga,2223,14,2,65,52,28,34,27,demo,0.059329575793533075,0.029664787896766538,0.08899436369029962,0.4153070305547315,0.059329575793533075,0.830614061109463,1.928211213289825,1.54256897063186,1.0086027884900624,0.8009492732126965,DF,8.82,918
526.0,8,5.84,0,0,0,,,,Unai Pérez 55,Espanyol,DF,23,MAR,La Liga,2425,3,0,15,13,9,7,3,demo,0.0,0.0,0.0,0.5136986301369864,0.0,1.5410958904109588,2.568493150684932,2.226027397260274,1.1986301369863015,0.5136986301369864,DF,15.3,919
627.0,9,6.97,0,0,0,,,,Yeremy Sánchez 58,Mallorca,DF,25,NGA,La Liga,2425,5,0,11,9,3,11,6,demo,0.0,0.0,0.0,0.7173601147776184,0.0,0.430416068866571,1.5781922525107606,1.291248206599713,1.5781922525107606,0.860832137733142,DF,13.5,920
885.0,13,9.83,4,1,5,,,,Lamine Díaz 59,Las Palmas,MF,24,FRA,La Liga,2223,8,1,8,13,17,10,11,demo,0.4069175991861648,0.1017293997965412,0.508646998982706,0.8138351983723296,0.1017293997965412,1.7293997965412005,0.8138351983723296,1.3224821973550356,1.017293997965412,1.1190233977619533,MF,21.72,921
923.0,13,10.26,3,1,4,,,,Oihan González 64,Real Sociedad,FW,35,URU,La Liga,2425,14,7,7,1,15,8,8,demo,0.29239766081871343,0.09746588693957116,0.38986354775828463,1.364522417153996,0.682261208576998,1.4619883040935673,0.682261208576998,0.09746588693957116,0.7797270955165693,0.7797270955165693,FW,6.25,922
1757.0,25,19.52,5,6,11,,,,Álex Navarro 65,Mallorca,MF,29,FRA,La Liga,2223,24,8,24,12,42,18,13,demo,0.25614754098360654,0.3073770491803279,0.5635245901639344,1.2295081967213115,0.4098360655737705,2.151639344262295,1.2295081967213115,0.6147540983606558,0.9221311475409836,0.6659836065573771,MF,15.48,923
2542.0,36,28.24,4,8,12,,,,Bryan Núñez 68,Las Palmas,MF,29,URU,La Liga,2223,18,5,34,41,64,27,28,demo,0.141643059490085,0.28328611898017,0.42492917847025496,0.6373937677053825,0.17705382436260625,2.26628895184136,1.2039660056657224,1.4518413597733713,0.9560906515580737,0.991501416430595,MF,14.11,924
1040.0,15,11.56,0,1,1,,,,Marc Torres 70,Barcelona,DF,34,MAR,La Liga,2425,8,1,23,23,16,8,13,demo,0.0,0.08650519031141868,0.08650519031141868,0.6920415224913494,0.08650519031141868,1.3840830449826989,1.9896193771626296,1.9896193771626296,0.6920415224913494,1.1245674740484428,DF,5.87,925
1039.0,15,11.54,3,4,7,,,,Sergio Navarro 73,Getafe,FW,21,POR,La Liga,2425,24,9,0,4,10,9,15,demo,0.25996533795493937,0.3466204506065858,0.6065857885615252,2.079722703639515,0.7798960138648181,0.8665511265164645,0.0,0.3466204506065858,0.7798960138648181,1.2998266897746968,FW,27.47,926
2901.0,38,32.23,12,3,15,,,,Iván Castro 74,Barcelona,"FW,MF",33,BRA,La Liga,2223,75,24,10,15,38,38,36,demo,0.37232392181197643,0.09308098045299411,0.46540490226497055,2.327024511324853,0.7446478436239529,1.1790257524045922,0.3102699348433137,0.46540490226497055,1.1790257524045922,1.1169717654359295,FW,9.23,927
664.0,9,7.38,1,0,1,,,,Mikel Ruiz 79,Alavés,FW,26,BRA,La Liga,2425,16,4,1,2,7,6,3,demo,0.13550135501355015,0.0,0.13550135501355015,2.1680216802168024,0.5420054200542006,0.948509485094851,0.13550135501355015,0.2710027100271003,0.8130081300813008,0.4065040650406504,FW,14.31,928
1673.0,24,18.59,3,5,8,,,,Samu Ruiz 80,Athletic,MF,24,MAR,La Liga,2223,24,6,20,32,27,17,26,demo,0.16137708445400753,0.2689618074233459,0.4303388918773534,1.2910166756320602,0.32275416890801506,1.4523937600860677,1.0758472296933836,1.7213555675094137,0.914470145239376,1.3986013986013985,MF,20.6,929
3088.0,38,34.31,5,13,18,,,,Takefusa Moreno 83,Mallorca,MF,36,URU,La Liga,2223,35,6,59,55,55,40,31,demo,0.1457301078402798,0.37889828038472745,0.5246283882250072,1.0201107548819586,0.17487612940833575,1.6030311862430777,1.7196152725153016,1.6030311862430777,1.1658408627222383,0.9035266686097347,MF,6.86,930
3353.0,38,37.26,6,6,12,,,,Marc Núñez 85,Villarreal,MF,20,ARG,La Liga,2425,46,15,49,60,71,34,32,demo,0.16103059581320453,0.16103059581320453,0.32206119162640906,1.234567901234568,0.4025764895330113,1.90552871712292,1.3150831991411702,1.6103059581320451,0.9125067096081589,0.8588298443370908,MF,23.8,931
1478.0,21,16.42,4,7,11,,,,Carlos Torres 88,Las Palmas,MF,29,MAR,La Liga,2425,18,4,18,22,23,21,10,demo,0.24360535931790497,0.4263093788063337,0.6699147381242386,1.0962241169305724,0.24360535931790497,1.4007308160779535,1.0962241169305724,1.3398294762484773,1.278928136419001,0.6090133982947624,MF,16.53,932
723.0,10,8.03,1,0,1,,,,Samu Moreno 89,Valladolid,FW,30,BRA,La Liga,2223,17,6,2,1,5,11,8,demo,0.12453300124533002,0.0,0.12453300124533002,2.1170610211706102,0.7471980074719802,0.6226650062266501,0.24906600249066005,0.12453300124533002,1.3698630136986303,0.9962640099626402,FW,10.12,933
2629.0,38,29.21,3,4,7,,,,Hugo Moreno 94,Celta,MF,32,BRA,La Liga,2425,32,8,38,43,50,40,27,demo,0.10270455323519342,0.13693940431359122,0.23964395754878465,1.0955152345087298,0.27387880862718245,1.7117425539198905,1.3009243409791167,1.4720985963711057,1.3693940431359124,0.9243409791167408,MF,8.93,934
2683.0,38,29.81,5,10,15,,,,Oihan Sánchez 95,Villarreal,MF,21,NGA,La Liga,2223,32,10,43,35,51,33,20,demo,0.1677289500167729,0.3354579000335458,0.5031868500503187,1.0734652801073465,0.3354579000335458,1.7108352901710837,1.442468970144247,1.1741026501174103,1.1070110701107012,0.6709158000670916,MF,25.7,935
3087.0,38,34.3,2,7,9,,,,Pedri Iglesias 1,Valencia,"DF,MF",29,ESP,La Liga,2223,33,11,32,49,61,40,36,demo,0.05830903790087464,0.20408163265306123,0.2623906705539359,0.9620991253644315,0.3206997084548105,1.7784256559766765,0.9329446064139942,1.4285714285714286,1.1661807580174928,1.0495626822157436,DF,12.5,936
785.0,11,8.72,3,0,3,,,,Pedri Romero 6,Alavés,MF,18,BRA,La Liga,2425,18,3,8,19,17,9,9,demo,0.3440366972477064,0.0,0.3440366972477064,2.0642201834862384,0.3440366972477064,1.9495412844036695,0.9174311926605504,2.1788990825688073,1.0321100917431192,1.0321100917431192,MF,26.61,937
1783.0,25,19.81,3,6,9,,,,Oihan Jiménez 7,Getafe,MF,33,MAR,La Liga,2223,28,9,26,28,51,14,21,demo,0.1514386673397274,0.3028773346794548,0.45431600201918226,1.4134275618374559,0.45431600201918226,2.5744573447753663,1.3124684502776376,1.4134275618374559,0.7067137809187279,1.0600706713780919,MF,9.16,938
1990.0,28,22.11,0,1,1,,,,Mikel Moreno 12,Athletic,GK,17,BRA,La Liga,2425,0,0,4,1,0,23,24,demo,0.0,0.045228403437358664,0.045228403437358664,0.0,0.0,0.0,0.18091361374943465,0.045228403437358664,1.0402532790592491,1.0854816824966078,GK,21.64,939
911.0,13,10.12,2,4,6,,,,Álex García 13,Atlético,"MF,DF",18,ARG,La Liga,2223,10,3,9,12,11,17,12,demo,0.19762845849802374,0.3952569169960475,0.5928853754940712,0.9881422924901186,0.2964426877470356,1.0869565217391306,0.8893280632411068,1.1857707509881423,1.6798418972332017,1.1857707509881423,MF,31.54,940
553.0,8,6.14,1,1,2,,,,Hugo Iglesias 16,Leganés,FW,28,ARG,La Liga,2223,13,3,1,3,6,9,9,demo,0.16286644951140067,0.16286644951140067,0.32573289902280134,2.1172638436482085,0.488599348534202,0.977198697068404,0.16286644951140067,0.488599348534202,1.4657980456026058,1.4657980456026058,FW,14.32,941
3373.0,38,37.48,12,9,21,,,,Takefusa Castro 18,Athletic,FW,19,ARG,La Liga,2425,84,31,11,22,60,39,38,demo,0.32017075773746,0.240128068303095,0.560298826040555,2.24119530416222,0.8271077908217717,1.6008537886873,0.29348986125933835,0.5869797225186767,1.040554962646745,1.0138740661686234,FW,29.49,942
786.0,11,8.73,2,3,5,,,,Rodri Sánchez 22,Espanyol,"MF,DF",31,BRA,La Liga,2223,15,9,5,13,14,10,6,demo,0.2290950744558992,0.3436426116838488,0.572737686139748,1.7182130584192439,1.0309278350515463,1.6036655211912942,0.572737686139748,1.4891179839633446,1.145475372279496,0.6872852233676976,MF,12.74,943
908.0,13,10.09,0,2,2,,,,Bryan Díaz 27,Atlético,MF,36,ARG,La Liga,2425,14,3,17,14,17,9,8,demo,0.0,0.19821605550049554,0.19821605550049554,1.3875123885034688,0.29732408325074333,1.6848364717542121,1.6848364717542121,1.3875123885034688,0.89197224975223,0.7928642220019821,MF,5.39,944
1290.0,18,14.33,0,0,0,,,,Yeremy Pérez 28,Betis,DF,36,POR,La Liga,2223,4,3,21,21,14,20,21,demo,0.0,0.0,0.0,0.2791346824842987,0.209351011863224,0.9769713886950454,1.465457083042568,1.465457083042568,1.3956734124214933,1.465457083042568,DF,4.5,945
1978.0,28,21.98,4,1,5,,,,Fermín García 31,Atlético,DF,21,URU,La Liga,2223,9,2,43,34,12,21,23,demo,0.18198362147406733,0.04549590536851683,0.22747952684258416,0.4094631483166515,0.09099181073703366,0.545950864422202,1.9563239308462237,1.5468607825295724,0.9554140127388535,1.046405823475887,DF,20.99,946
2524.0,36,28.04,1,2,3,,,,Hugo Ramírez 33,Real Sociedad,DF,34,URU,La Liga,2425,8,3,44,36,24,29,28,demo,0.03566333808844508,0.07132667617689016,0.10699001426533523,0.28530670470756064,0.10699001426533523,0.8559201141226819,1.5691868758915835,1.2838801711840229,1.0342368045649073,0.9985734664764623,DF,5.98,947
1117.0,16,12.41,1,3,4,,,,Samu Ramírez 36,Mallorca,DF,17,FRA,La Liga,2425,2,0,20,20,5,14,12,demo,0.08058017727639001,0.24174053182917002,0.32232070910556004,0.16116035455278002,0.0,0.40290088638195004,1.6116035455278002,1.6116035455278002,1.1281224818694602,0.9669621273166801,DF,27.37,948
2399.0,34,26.66,2,6,8,,,,Sergio Sánchez 37,Real Madrid,MF,33,ARG,La Liga,2223,23,6,34,30,46,25,38,demo,0.07501875468867217,0.2250562640660165,0.30007501875468867,0.8627156789197299,0.2250562640660165,1.7254313578394598,1.275318829707427,1.1252813203300824,0.9377344336084021,1.4253563390847712,MF,8.19,949
660.0,9,7.33,2,1,3,,,,Carlos Ruiz 42,Celta,MF,26,URU,La Liga,2425,4,1,7,9,9,11,11,demo,0.2728512960436562,0.1364256480218281,0.4092769440654843,0.5457025920873124,0.1364256480218281,1.2278308321964528,0.9549795361527967,1.2278308321964528,1.500682128240109,1.500682128240109,MF,17.76,950
1557.0,22,17.3,3,3,6,,,,Hugo Núñez 43,Real Madrid,FW,24,ESP,La Liga,2223,47,14,9,10,18,23,16,demo,0.17341040462427745,0.17341040462427745,0.3468208092485549,2.7167630057803467,0.8092485549132947,1.0404624277456647,0.5202312138728323,0.5780346820809248,1.329479768786127,0.9248554913294798,FW,19.39,951
3024.0,38,33.6,3,1,4,,,,Lamine Alonso 46,Leganés,DF,33,NGA,La Liga,2223,16,7,62,46,20,39,39,demo,0.08928571428571429,0.02976190476190476,0.11904761904761904,0.47619047619047616,0.20833333333333331,0.5952380952380952,1.8452380952380951,1.369047619047619,1.1607142857142856,1.1607142857142856,DF,7.05,952
2398.0,34,26.64,0,3,3,,,,Takefusa López 48,Las Palmas,DF,34,POR,La Liga,2425,9,1,34,32,19,30,32,demo,0.0,0.11261261261261261,0.11261261261261261,0.33783783783783783,0.03753753753753754,0.7132132132132132,1.2762762762762763,1.2012012012012012,1.1261261261261262,1.2012012012012012,DF,6.01,953
1273.0,18,14.14,5,5,10,,,,Pedri Alonso 51,Athletic,FW,23,BRA,La Liga,2425,31,12,5,12,16,20,12,demo,0.3536067892503536,0.3536067892503536,0.7072135785007072,2.1923620933521923,0.8486562942008486,1.1315417256011315,0.3536067892503536,0.8486562942008486,1.4144271570014144,0.8486562942008486,FW,26.12,954
2717.0,38,30.19,13,6,19,,,,Rodri Navarro 52,Real Sociedad,"FW,MF",26,ARG,La Liga,2223,68,23,7,15,42,35,29,demo,0.43060616098045706,0.19874130506790327,0.6293474660483603,2.252401457436237,0.7618416694269625,1.391189135475323,0.23186485591255382,0.49685326266975816,1.1593242795627692,0.9605829744948658,FW,20.53,955
3302.0,38,36.69,15,5,20,,,,Hugo Díaz 58,Barcelona,FW,36,MAR,La Liga,2223,71,27,17,17,33,36,42,demo,0.40883074407195424,0.13627691469065142,0.5451076587626057,1.9351321886072501,0.7358953393295177,0.8994276369582993,0.4633415099482148,0.4633415099482148,0.9811937857726901,1.1447260834014719,FW,6.95,956
1426.0,20,15.84,0,0,0,,,,Ayoze Díaz 61,Girona,DF,31,BRA,La Liga,2223,6,2,22,23,18,21,9,demo,0.0,0.0,0.0,0.3787878787878788,0.12626262626262627,1.1363636363636365,1.3888888888888888,1.452020202020202,1.3257575757575757,0.5681818181818182,DF,8.1,957
1470.0,21,16.33,2,1,3,,,,Pedri López 63,Las Palmas,DF,32,MAR,La Liga,2425,8,2,28,27,13,21,18,demo,0.12247397428046541,0.06123698714023271,0.18371096142069812,0.48989589712186166,0.12247397428046541,0.7960808328230252,1.7146356399265157,1.6533986527862832,1.2859767299448868,1.1022657685241888,DF,8.52,958
740.0,11,8.22,0,1,1,,,,Oihan Sánchez 66,Espanyol,FW,19,NGA,La Liga,2425,19,6,2,7,13,16,10,demo,0.0,0.121654501216545,0.121654501216545,2.311435523114355,0.7299270072992701,1.581508515815085,0.24330900243309,0.851581508515815,1.94647201946472,1.21654501216545,FW,21.2,959
3035.0,38,33.72,16,6,22,,,,Yeremy López 67,Getafe,FW,19,URU,La Liga,2223,59,23,12,11,35,41,46,demo,0.4744958481613286,0.17793594306049823,0.6524317912218268,1.7497034400948992,0.6820877817319099,1.0379596678529064,0.35587188612099646,0.3262158956109134,1.2158956109134045,1.3641755634638197,FW,31.23,960
3389.0,38,37.66,6,11,17,,,,Nico Moreno 72,Valencia,FW,19,POR,La Liga,2425,96,39,16,16,54,45,38,demo,0.15932023366967607,0.2920870950610728,0.45140732873074885,2.549123738714817,1.0355815188528945,1.4338821030270845,0.4248539564524695,0.4248539564524695,1.1949017525225705,1.0090281465746151,FW,27.43,961
3181.0,38,35.34,4,5,9,,,,Ante Torres 73,Celta,MF,19,FRA,La Liga,2223,40,15,56,55,61,37,43,demo,0.11318619128466326,0.14148273910582906,0.2546689303904923,1.1318619128466325,0.4244482173174872,1.7260894170911147,1.5846066779852856,1.5563101301641198,1.0469722693831351,1.21675155631013,MF,23.71,962
1048.0,15,11.64,0,0,0,,,,Gavi González 76,Osasuna,GK,18,URU,La Liga,2223,0,0,0,0,0,14,13,demo,0.0,0.0,0.0,0.0,0.0,0.0,0.0,0.0,1.2027491408934707,1.1168384879725086,GK,19.8,963
1459.0,21,16.21,1,5,6,,,,Lamine Castro 78,Real Madrid,"MF,DF",35,BRA,La Liga,2425,12,6,30,25,36,18,15,demo,0.061690314620604564,0.3084515731030228,0.3701418877236274,0.7402837754472548,0.3701418877236274,2.2208513263417644,1.8507094386181369,1.542257865515114,1.1104256631708822,0.9253547193090684,MF,6.17,964
2647.0,38,29.41,3,8,11,,,,Pedri Vargas 81,Athletic,MF,20,ESP,La Liga,2425,34,10,35,26,52,27,26,demo,0.10200612036722204,0.27201632097925876,0.37402244134648077,1.1560693641618498,0.34002040122407345,1.7681060863651819,1.190071404284257,0.8840530431825909,0.9180550833049983,0.8840530431825909,MF,24.73,965
2780.0,38,30.89,2,1,3,,,,Sergio Ortega 82,Betis,DF,32,BRA,La Liga,2223,17,5,53,49,26,30,18,demo,0.06474587245063126,0.03237293622531563,0.09711880867594691,0.5503399158303658,0.16186468112657817,0.8416963418582065,1.7157656199417286,1.5862738750404661,0.9711880867594691,0.5827128520556815,DF,7.9,966
2486.0,36,27.62,13,6,19,,,,Javier Alonso 87,Osasuna,FW,33,FRA,La Liga,2425,62,22,16,11,26,24,39,demo,0.4706734250543085,0.2172338884866039,0.6879073135409124,2.24475018102824,0.7965242577842143,0.941346850108617,0.5792903692976104,0.39826212889210716,0.8689355539464156,1.4120202751629254,FW,10.63,967
1281.0,18,14.23,3,6,9,,,,Lamine Martínez 88,Betis,MF,29,URU,La Liga,2223,15,8,16,30,30,18,13,demo,0.21082220660576248,0.42164441321152496,0.6324666198172874,1.0541110330288124,0.5621925509486999,2.1082220660576247,1.1243851018973998,2.1082220660576247,1.2649332396345747,0.9135628952916374,MF,16.16,968
2614.0,37,29.04,3,4,7,,,,Pablo Díaz 91,Alavés,MF,26,ARG,La Liga,2223,30,7,33,33,65,33,20,demo,0.10330578512396695,0.13774104683195593,0.24104683195592289,1.0330578512396695,0.24104683195592289,2.2382920110192837,1.1363636363636365,1.1363636363636365,1.1363636363636365,0.6887052341597797,MF,15.64,969
3319.0,38,36.88,3,5,8,,,,Álex Romero 93,Atlético,MF,36,FRA,La Liga,2425,35,10,51,44,64,37,38,demo,0.08134490238611713,0.1355748373101952,0.21691973969631234,0.9490238611713665,0.2711496746203904,1.7353579175704987,1.3828633405639912,1.193058568329718,1.0032537960954446,1.0303687635574836,MF,5.48,970
3330.0,38,37.0,3,1,4,,,,Pedri Ruiz 96,Atlético,DF,31,ESP,La Liga,2425,16,4,74,64,32,44,38,demo,0.08108108108108109,0.02702702702702703,0.10810810810810811,0.43243243243243246,0.10810810810810811,0.8648648648648649,2.0,1.7297297297297298,1.1891891891891893,1.027027027027027,DF,8.98,971
2573.0,37,28.59,3,1,4,,,,Hugo González 0,Rayo,MF,35,MAR,La Liga,2223,33,14,27,36,56,28,18,demo,0.1049317943336831,0.03497726477789437,0.13990905911157747,1.154249737670514,0.48968170689052115,1.9587268275620846,0.944386149003148,1.2591815320041972,0.9793634137810423,0.6295907660020986,MF,5.13,972
2489.0,36,27.66,3,3,6,,,,Carlos González 5,Real Madrid,"DF,MF",17,MAR,La Liga,2425,29,10,37,33,68,37,30,demo,0.10845986984815618,0.10845986984815618,0.21691973969631237,1.0484454085321764,0.3615328994938539,2.458423716558207,1.3376717281272597,1.193058568329718,1.3376717281272597,1.0845986984815619,DF,25.19,973
672.0,10,7.47,0,1,1,,,,Pablo Moreno 6,Osasuna,DF,35,BRA,La Liga,2223,3,2,11,14,3,5,2,demo,0.0,0.13386880856760375,0.13386880856760375,0.40160642570281124,0.2677376171352075,0.40160642570281124,1.4725568942436413,1.8741633199464525,0.6693440428380187,0.2677376171352075,DF,5.1,974
1512.0,22,16.8,5,4,9,,,,Mikel Núñez 9,Alavés,FW,28,NGA,La Liga,2223,43,19,2,8,17,14,16,demo,0.2976190476190476,0.23809523809523808,0.5357142857142857,2.5595238095238093,1.130952380952381,1.0119047619047619,0.11904761904761904,0.47619047619047616,0.8333333333333333,0.9523809523809523,FW,16.59,975
1749.0,25,19.43,3,4,7,,,,Pablo López 11,Real Madrid,MF,19,URU,La Liga,2425,21,7,26,25,41,22,12,demo,0.15440041173443128,0.2058672156459084,0.3602676273803397,1.0808028821410192,0.3602676273803397,2.110138960370561,1.3381369016984046,1.2866700977869274,1.1322696860524961,0.6176016469377251,MF,25.71,976
1830.0,26,20.33,3,6,9,,,,Bryan Ruiz 15,Real Sociedad,MF,29,NGA,La Liga,2223,23,5,24,28,35,23,23,demo,0.14756517461878998,0.29513034923757997,0.44269552385636995,1.1313330054107231,0.2459419576979833,1.721593703885883,1.1805213969503199,1.3772749631087065,1.1313330054107231,1.1313330054107231,MF,14.28,977
773.0,11,8.59,0,0,0,,,,Marc Sánchez 20,Girona,DF,27,BRA,La Liga,2425,3,1,13,11,5,9,6,demo,0.0,0.0,0.0,0.3492433061699651,0.11641443538998836,0.5820721769499418,1.5133876600698486,1.280558789289872,1.0477299185098952,0.6984866123399301,DF,11.7,978
705.0,10,7.83,1,2,3,,,,Fermín Romero 21,Espanyol,MF,33,MAR,La Liga,2223,10,4,14,18,19,11,3,demo,0.1277139208173691,0.2554278416347382,0.3831417624521073,1.277139208173691,0.5108556832694764,2.426564495530013,1.7879948914431674,2.2988505747126435,1.40485312899106,0.3831417624521073,MF,8.71,979
922.0,13,10.24,2,1,3,,,,Nico Pérez 24,Alavés,FW,28,ESP,La Liga,2223,23,9,1,0,15,12,14,demo,0.1953125,0.09765625,0.29296875,2.24609375,0.87890625,1.46484375,0.09765625,0.0,1.171875,1.3671875,FW,13.96,980
2919.0,38,32.43,8,7,15,,,,Bryan Ortega 29,Valladolid,FW,35,FRA,La Liga,2425,72,26,17,12,28,33,35,demo,0.24668516805427074,0.2158495220474869,0.46253469010175763,2.2201665124884364,0.8017267961763799,0.8633980881899476,0.5242059821153253,0.3700277520814061,1.0175763182238668,1.0792476102374344,FW,6.58,981
3310.0,38,36.78,4,3,7,,,,Yeremy Pérez 30,Espanyol,DF,34,POR,La Liga,2223,23,8,68,57,20,42,43,demo,0.1087547580206634,0.08156606851549755,0.19032082653616095,0.6253398586188146,0.2175095160413268,0.5437737901033171,1.848830886351278,1.5497553017944534,1.1419249592169658,1.1691136487221316,DF,6.43,982
1771.0,25,19.68,10,4,14,,,,Bryan Ortega 35,Real Sociedad,FW,26,URU,La Liga,2425,43,18,6,10,34,21,12,demo,0.508130081300813,0.2032520325203252,0.7113821138211383,2.184959349593496,0.9146341463414634,1.7276422764227644,0.3048780487804878,0.508130081300813,1.0670731707317074,0.6097560975609756,FW,21.56,983
2225.0,32,24.72,3,8,11,,,,Pedri Ramírez 36,Athletic,MF,20,MAR,La Liga,2223,25,8,22,32,39,24,27,demo,0.12135922330097088,0.3236245954692557,0.4449838187702266,1.011326860841424,0.3236245954692557,1.5776699029126213,0.8899676375404532,1.2944983818770228,0.970873786407767,1.0922330097087378,MF,26.01,984
3386.0,38,37.62,11,5,16,,,,Gavi Moreno 41,Getafe,FW,29,ESP,La Liga,2425,94,32,14,19,31,44,36,demo,0.2923976608187135,0.13290802764486975,0.42530568846358324,2.4986709197235513,0.8506113769271665,0.8240297713981926,0.37214247740563533,0.5050505050505051,1.169590643274854,0.9569377990430623,FW,14.11,985
1259.0,18,13.99,4,2,6,,,,Hugo González 44,Athletic,"FW,MF",29,POR,La Liga,2425,30,11,9,6,14,12,20,demo,0.28591851322373124,0.14295925661186562,0.42887776983559683,2.144388849177984,0.7862759113652609,1.0007147962830594,0.6433166547533953,0.42887776983559683,0.8577555396711937,1.4295925661186561,FW,14.15,986
2603.0,37,28.92,4,3,7,,,,Pablo García 45,Valladolid,MF,34,ARG,La Liga,2223,45,15,37,33,53,30,41,demo,0.1383125864453665,0.10373443983402489,0.2420470262793914,1.5560165975103732,0.5186721991701244,1.8326417704011064,1.2793914246196403,1.1410788381742738,1.0373443983402488,1.4177040110650068,MF,6.71,987
1326.0,19,14.73,1,0,1,,,,Mikel Ruiz 50,Celta,DF,34,ESP,La Liga,2425,4,1,37,25,8,15,11,demo,0.06788866259334692,0.0,0.06788866259334692,0.27155465037338766,0.06788866259334692,0.5431093007467753,2.5118805159538358,1.6972165648336728,1.0183299389002036,0.746775288526816,DF,5.77,988
2417.0,35,26.86,4,1,5,,,,Marc Torres 51,Rayo,DF,31,NGA,La Liga,2223,11,1,54,57,26,20,23,demo,0.14892032762472077,0.03723008190618019,0.18615040953090098,0.4095309009679821,0.03723008190618019,0.9679821295606851,2.0104244229337307,2.122114668652271,0.7446016381236039,0.8562918838421445,DF,9.61,989
1992.0,28,22.13,9,2,11,,,,Oihan Jiménez 54,Valladolid,FW,33,ESP,La Liga,2223,42,15,8,14,25,19,22,demo,0.4066877541798464,0.09037505648441031,0.49706281066425667,1.8978761861726166,0.6778129236330773,1.1296882060551288,0.36150022593764125,0.6326253953908721,0.8585630366018979,0.9941256213285133,FW,9.43,990
835.0,12,9.28,3,0,3,,,,Oihan Jiménez 56,Barcelona,FW,30,BRA,La Liga,2425,25,5,7,4,8,6,14,demo,0.3232758620689655,0.0,0.3232758620689655,2.6939655172413794,0.5387931034482759,0.8620689655172414,0.7543103448275863,0.4310344827586207,0.646551724137931,1.5086206896551726,FW,11.91,991
1241.0,18,13.79,1,2,3,,,,Ante Iglesias 59,Real Sociedad,MF,20,BRA,La Liga,2425,16,1,21,22,24,16,20,demo,0.07251631617113852,0.14503263234227703,0.21754894851341552,1.1602610587382163,0.07251631617113852,1.7403915881073242,1.5228426395939088,1.5953589557650472,1.1602610587382163,1.4503263234227701,MF,21.92,992
3007.0,38,33.41,18,4,22,,,,Marc Núñez 60,Valencia,FW,34,BRA,La Liga,2223,66,17,12,14,33,41,31,demo,0.5387608500448968,0.1197246333433104,0.6584854833882072,1.9754564501646217,0.5088296917090692,0.9877282250823108,0.3591739000299312,0.4190362167015864,1.2271774917689315,0.9278659084106556,FW,8.96,993
550.0,8,6.11,1,2,3,,,,Rodri García 65,Mallorca,MF,33,MAR,La Liga,2425,10,1,9,8,15,9,1,demo,0.1636661211129296,0.3273322422258592,0.4909983633387888,1.6366612111292962,0.1636661211129296,2.454991816693944,1.4729950900163666,1.3093289689034369,1.4729950900163666,0.1636661211129296,MF,9.39,994
2844.0,38,31.6,14,2,16,,,,Bryan García 66,Betis,FW,25,MAR,La Liga,2223,81,40,9,21,43,27,27,demo,0.4430379746835443,0.06329113924050632,0.5063291139240506,2.5632911392405062,1.2658227848101264,1.360759493670886,0.28481012658227844,0.6645569620253164,0.8544303797468354,0.8544303797468354,FW,20.34,995
1282.0,18,14.24,0,0,0,,,,Ante Torres 69,Rayo,DF,36,ARG,La Liga,2223,5,2,18,31,10,13,13,demo,0.0,0.0,0.0,0.35112359550561795,0.1404494382022472,0.7022471910112359,1.2640449438202248,2.1769662921348316,0.9129213483146067,0.9129213483146067,DF,4.5,996
699.0,10,7.77,2,0,2,,,,Carlos Ramírez 71,Girona,"FW,MF",27,ARG,La Liga,2425,17,6,3,9,9,8,4,demo,0.2574002574002574,0.0,0.2574002574002574,2.187902187902188,0.7722007722007722,1.1583011583011584,0.3861003861003861,1.1583011583011584,1.0296010296010296,0.5148005148005148,FW,14.71,997
507.0,7,5.63,1,0,1,,,,Unai Alonso 74,Rayo,GK,20,NGA,La Liga,2425,2,0,0,0,0,6,5,demo,0.17761989342806395,0.0,0.17761989342806395,0.3552397868561279,0.0,0.0,0.0,0.0,1.0657193605683837,0.8880994671403197,GK,21.2,998
1810.0,26,20.11,0,4,4,,,,Carlos Torres 75,Leganés,DF,23,URU,La Liga,2223,4,1,35,35,16,21,19,demo,0.0,0.19890601690701143,0.19890601690701143,0.19890601690701143,0.04972650422675286,0.7956240676280457,1.74042764793635,1.74042764793635,1.04425658876181,0.9448035803083044,DF,18.34,999
2319.0,33,25.77,1,2,3,,,,Oihan López 80,Getafe,DF,20,POR,La Liga,2425,10,1,42,47,24,21,33,demo,0.038804811796662786,0.07760962359332557,0.11641443538998836,0.38804811796662786,0.038804811796662786,0.9313154831199069,1.6298020954598371,1.8238261544431509,0.8149010477299186,1.280558789289872,DF,20.1,1000
2232.0,32,24.8,4,8,12,,,,Javier Sánchez 86,Betis,MF,19,NGA,La Liga,2425,23,10,24,34,55,22,24,demo,0.16129032258064516,0.3225806451612903,0.48387096774193544,0.9274193548387096,0.4032258064516129,2.217741935483871,0.9677419354838709,1.3709677419354838,0.8870967741935484,0.9677419354838709,MF,28.05,1001
3170.0,38,35.22,3,4,7,,,,Oihan Alonso 89,Valencia,DF,35,ESP,La Liga,2425,15,4,62,64,35,49,42,demo,0.08517887563884156,0.1135718341851221,0.19875070982396367,0.42589437819420783,0.1135718341851221,0.9937535491198183,1.7603634298693924,1.8171493469619535,1.3912549687677456,1.192504258943782,DF,5.39,1002
591.0,8,6.57,1,2,3,,,,Mikel Ramírez 95,Barcelona,MF,29,URU,La Liga,2425,6,1,9,8,11,5,6,demo,0.15220700152207,0.30441400304414,0.45662100456621,0.91324200913242,0.15220700152207,1.67427701674277,1.36986301369863,1.21765601217656,0.76103500761035,0.91324200913242,MF,14.42,1003
679.0,10,7.54,2,1,3,,,,Fermín Díaz 96,Betis,FW,28,FRA,La Liga,2223,18,5,4,5,10,13,8,demo,0.26525198938992045,0.13262599469496023,0.3978779840848806,2.387267904509284,0.6631299734748011,1.3262599469496021,0.5305039787798409,0.6631299734748011,1.7241379310344827,1.0610079575596818,FW,15.1,1004
3313.0,38,36.81,2,6,8,,,,Álex Núñez 2,Sevilla,MF,23,BRA,La Liga,2223,42,13,48,54,67,38,39,demo,0.05433306166802499,0.16299918500407498,0.21733224667209997,1.1409942950285248,0.35316490084216245,1.8201575658788371,1.3039934800325998,1.4669926650366747,1.0323281716924748,1.0594947025264874,MF,18.63,1005
584.0,8,6.49,2,1,3,,,,Lamine Díaz 4,Real Sociedad,MF,35,FRA,La Liga,2425,7,2,13,11,16,3,8,demo,0.3081664098613251,0.15408320493066255,0.4622496147919877,1.078582434514638,0.3081664098613251,2.4653312788906008,2.0030816640986133,1.694915254237288,0.4622496147919877,1.2326656394453004,MF,6.58,1006
3135.0,38,34.83,9,6,15,,,,Ayoze Díaz 7,Real Madrid,FW,34,ESP,La Liga,2425,83,20,13,21,37,36,34,demo,0.2583979328165375,0.17226528854435832,0.4306632213608958,2.383003158196957,0.5742176284811944,1.0623026126902095,0.37324145851277635,0.6029285099052542,1.03359173126615,0.9761699684180305,FW,7.73,1007
3137.0,38,34.86,8,9,17,,,,Pablo Castro 8,Real Sociedad,"MF,DF",35,BRA,La Liga,2223,55,20,55,56,53,38,28,demo,0.22948938611589215,0.25817555938037867,0.4876649454962708,1.5777395295467584,0.5737234652897304,1.5203671830177854,1.5777395295467584,1.606425702811245,1.0900745840504877,0.8032128514056225,MF,6.69,1008
555.0,8,6.17,0,0,0,,,,Pedri Díaz 13,Leganés,GK,18,POR,La Liga,2425,0,0,1,0,1,8,7,demo,0.0,0.0,0.0,0.0,0.0,0.1620745542949757,0.1620745542949757,0.0,1.2965964343598055,1.1345218800648298,GK,19.8,1009
3251.0,38,36.12,0,0,0,,,,Gavi Ortega 14,Sevilla,GK,25,FRA,La Liga,2223,0,0,4,3,0,45,38,demo,0.0,0.0,0.0,0.0,0.0,0.0,0.1107419712070875,0.08305647840531562,1.2458471760797343,1.0520487264673313,GK,13.5,1010
1927.0,28,21.41,3,2,5,,,,Hugo González 17,Osasuna,MF,17,MAR,La Liga,2223,24,3,25,24,33,19,17,demo,0.14012143858010276,0.09341429238673517,0.2335357309668379,1.120971508640822,0.14012143858010276,1.5413358243811304,1.1676786548341895,1.120971508640822,0.8874357776739841,0.7940214852872489,MF,25.53,1011
2716.0,38,30.18,4,9,13,,,,Hugo Pérez 19,Barcelona,MF,34,URU,La Liga,2425,32,11,38,51,49,25,34,demo,0.13253810470510272,0.2982107355864811,0.43074884029158383,1.0603048376408217,0.36447978793903246,1.6235917826375084,1.259111994698476,1.6898608349900597,0.828363154406892,1.126573889993373,MF,7.73,1012
2880.0,38,32.0,4,9,13,,,,Ante Torres 22,Alavés,MF,17,MAR,La Liga,2425,43,10,41,44,60,34,28,demo,0.125,0.28125,0.40625,1.34375,0.3125,1.875,1.28125,1.375,1.0625,0.875,MF,29.11,1013
1506.0,22,16.73,0,4,4,,,,Unai Iglesias 23,Alavés,MF,32,NGA,La Liga,2223,14,5,24,13,44,17,9,demo,0.0,0.2390914524805738,0.2390914524805738,0.8368200836820083,0.29886431560071725,2.630005977286312,1.4345487148834428,0.7770472205618649,1.0161386730424387,0.5379557680812911,MF,8.92,1014
1023.0,15,11.37,3,0,3,,,,Marc Iglesias 28,Girona,MF,23,NGA,La Liga,2425,14,2,24,12,31,17,7,demo,0.2638522427440633,0.0,0.2638522427440633,1.2313104661389622,0.1759014951627089,2.726473175021988,2.1108179419525066,1.0554089709762533,1.4951627088830257,0.6156552330694811,MF,19.34,1015
739.0,11,8.21,1,0,1,,,,Marc González 32,Athletic,MF,30,URU,La Liga,2223,9,1,10,12,21,3,10,demo,0.12180267965895249,0.0,0.12180267965895249,1.0962241169305724,0.12180267965895249,2.557856272838002,1.2180267965895248,1.46163215590743,0.3654080389768575,1.2180267965895248,MF,10.1,1016
474.0,7,5.27,2,2,4,,,,Ante Iglesias 34,Sevilla,MF,20,FRA,La Liga,2425,6,3,4,7,13,10,6,demo,0.3795066413662239,0.3795066413662239,0.7590132827324478,1.1385199240986719,0.5692599620493359,2.4667931688804554,0.7590132827324478,1.3282732447817838,1.8975332068311197,1.1385199240986719,MF,31.66,1017
1488.0,21,16.53,3,5,8,,,,Lamine Martínez 37,Getafe,MF,24,NGA,La Liga,2425,20,5,21,16,40,21,21,demo,0.18148820326678763,0.3024803387779794,0.4839685420447671,1.2099213551119177,0.3024803387779794,2.4198427102238353,1.2704174228675136,0.9679370840895342,1.2704174228675136,1.2704174228675136,MF,21.37,1018
968.0,14,10.76,5,1,6,,,,Javier Navarro 38,Atlético,MF,23,ESP,La Liga,2223,11,6,7,16,27,11,9,demo,0.4646840148698885,0.0929368029739777,0.5576208178438662,1.0223048327137547,0.5576208178438662,2.509293680297398,0.6505576208178439,1.4869888475836432,1.0223048327137547,0.8364312267657993,MF,23.83,1019
1569.0,22,17.43,7,3,10,,,,Sergio Navarro 43,Betis,"FW,MF",31,ARG,La Liga,2425,43,19,8,10,19,19,21,demo,0.40160642570281124,0.1721170395869191,0.5737234652897304,2.4670109007458407,1.0900745840504877,1.0900745840504877,0.4589787722317843,0.5737234652897304,1.0900745840504877,1.2048192771084338,FW,12.75,1020
1247.0,18,13.86,2,4,6,,,,Pablo Torres 44,Betis,MF,17,POR,La Liga,2223,17,7,22,22,28,17,16,demo,0.14430014430014432,0.28860028860028863,0.4329004329004329,1.2265512265512266,0.5050505050505051,2.0202020202020203,1.5873015873015874,1.5873015873015874,1.2265512265512266,1.1544011544011545,MF,29.66,1021
869.0,12,9.66,1,3,4,,,,Iván Castro 47,Real Madrid,FW,17,POR,La Liga,2223,24,9,2,5,14,8,9,demo,0.10351966873706003,0.3105590062111801,0.41407867494824013,2.484472049689441,0.9316770186335404,1.4492753623188406,0.20703933747412007,0.5175983436853002,0.8281573498964803,0.9316770186335404,FW,29.27,1022
2744.0,38,30.49,5,8,13,,,,Unai Torres 49,Sevilla,MF,28,ARG,La Liga,2425,37,10,34,39,61,51,28,demo,0.1639881928501148,0.2623811085601837,0.4263693014102985,1.2135126270908496,0.3279763857002296,2.0006559527714005,1.1151197113807807,1.2791079042308955,1.672679567071171,0.9183338799606429,MF,15.4,1023
1982.0,28,22.02,4,2,6,,,,Sergio Martínez 52,Osasuna,MF,36,ESP,La Liga,2425,24,8,23,30,45,19,19,demo,0.18165304268846502,0.09082652134423251,0.2724795640326976,1.0899182561307903,0.36330608537693004,2.043596730245232,1.044504995458674,1.3623978201634879,0.8628519527702089,0.8628519527702089,MF,5.73,1024
3015.0,38,33.5,11,10,21,,,,Gavi Romero 53,Girona,FW,34,NGA,La Liga,2223,73,21,13,19,34,32,29,demo,0.3283582089552239,0.29850746268656714,0.6268656716417911,2.1791044776119404,0.6268656716417911,1.0149253731343284,0.3880597014925373,0.5671641791044776,0.9552238805970149,0.8656716417910447,FW,8.79,1025
1294.0,18,14.38,1,0,1,,,,Ayoze Alonso 58,Espanyol,DF,17,ARG,La Liga,2425,5,1,33,22,15,13,14,demo,0.06954102920723226,0.0,0.06954102920723226,0.3477051460361613,0.06954102920723226,1.043115438108484,2.2948539638386647,1.5299026425591098,0.9040333796940194,0.9735744089012517,DF,22.14,1026
2560.0,37,28.44,0,4,4,,,,Bryan Alonso 59,Barcelona,DF,27,FRA,La Liga,2223,16,4,47,44,20,42,36,demo,0.0,0.14064697609001406,0.14064697609001406,0.5625879043600562,0.14064697609001406,0.7032348804500703,1.6526019690576652,1.5471167369901546,1.4767932489451476,1.2658227848101264,DF,13.35,1027
3029.0,38,33.66,1,1,2,,,,Hugo Ramírez 62,Alavés,DF,32,ESP,La Liga,2223,20,7,70,64,32,35,30,demo,0.029708853238265005,0.029708853238265005,0.05941770647653001,0.5941770647653001,0.20796197266785504,0.9506833036244802,2.0796197266785503,1.9013666072489603,1.0398098633392752,0.8912655971479502,DF,7.63,1028
801.0,11,8.9,0,1,1,,,,Álex Pérez 64,Espanyol,MF,18,ARG,La Liga,2425,16,5,7,17,23,5,8,demo,0.0,0.11235955056179775,0.11235955056179775,1.797752808988764,0.5617977528089887,2.5842696629213484,0.7865168539325842,1.9101123595505618,0.5617977528089887,0.898876404494382,MF,22.02,1029
2026.0,29,22.51,1,6,7,,,,Álex Díaz 67,Betis,MF,36,ARG,La Liga,2425,25,7,26,44,43,33,17,demo,0.0444247001332741,0.2665482007996446,0.3109729009329187,1.1106175033318524,0.3109729009329187,1.9102621057307863,1.1550422034651264,1.9546868058640603,1.4660151043980452,0.7552199022656596,MF,5.9,1030
2991.0,38,33.23,10,6,16,,,,Unai Vargas 68,Espanyol,FW,19,URU,La Liga,2223,63,19,9,26,51,27,36,demo,0.3009328919650918,0.18055973517905508,0.4814926271441469,1.8958772193800784,0.5717724947336744,1.5347577490219682,0.27083960276858265,0.7824255191092387,0.8125188083057479,1.0833584110743306,FW,28.0,1031
2923.0,38,32.48,2,5,7,,,,Bryan Núñez 73,Real Sociedad,MF,28,POR,La Liga,2425,40,11,41,37,46,48,37,demo,0.061576354679802964,0.1539408866995074,0.21551724137931036,1.2315270935960592,0.3386699507389163,1.4162561576354682,1.2623152709359606,1.1391625615763548,1.4778325123152711,1.1391625615763548,MF,13.13,1032
2756.0,38,30.62,2,6,8,,,,Iker Alonso 79,Rayo,MF,23,MAR,La Liga,2425,32,11,46,50,53,33,32,demo,0.06531678641410843,0.19595035924232526,0.2612671456564337,1.0450685826257349,0.3592423252775963,1.7308948399738733,1.5022860875244937,1.6329196603527105,1.077726975832789,1.0450685826257349,MF,19.3,1033
2257.0,32,25.08,8,4,12,,,,Lamine González 82,Celta,FW,36,URU,La Liga,2425,57,10,6,8,28,19,28,demo,0.3189792663476874,0.1594896331738437,0.47846889952153115,2.272727272727273,0.39872408293460926,1.1164274322169059,0.23923444976076558,0.3189792663476874,0.7575757575757577,1.1164274322169059,FW,6.65,1034
2598.0,37,28.87,0,0,0,,,,Gavi Jiménez 83,Mallorca,GK,18,ESP,La Liga,2223,0,0,4,4,1,37,22,demo,0.0,0.0,0.0,0.0,0.0,0.034638032559750606,0.13855213023900242,0.13855213023900242,1.2816072047107723,0.7620367163145133,GK,19.8,1035
835.0,12,9.28,0,0,0,,,,Samu Moreno 88,Celta,DF,20,BRA,La Liga,2425,3,1,9,20,12,10,14,demo,0.0,0.0,0.0,0.3232758620689655,0.10775862068965518,1.293103448275862,0.9698275862068966,2.1551724137931036,1.0775862068965518,1.5086206896551726,DF,18.0,1036
1128.0,16,12.53,1,2,3,,,,Rodri Alonso 92,Espanyol,"MF,DF",22,URU,La Liga,2223,9,3,12,27,25,23,17,demo,0.07980845969672785,0.1596169193934557,0.23942537909018358,0.7182761372705507,0.23942537909018358,1.9952114924181965,0.9577015163607343,2.154828411811652,1.8355945730247407,1.3567438148443736,MF,20.08,1037
2056.0,29,22.84,5,4,9,,,,Álex Romero 94,Las Palmas,FW,28,ESP,La Liga,2425,49,11,7,16,22,24,28,demo,0.21891418563922943,0.17513134851138354,0.39404553415061294,2.1453590192644483,0.4816112084063047,0.9632224168126094,0.3064798598949212,0.7005253940455342,1.0507880910683012,1.2259194395796849,FW,15.06,1038
3120.0,38,34.67,2,6,8,,,,Gavi Ramírez 0,Getafe,MF,19,NGA,La Liga,2425,35,10,40,46,50,51,43,demo,0.05768676088837611,0.17306028266512835,0.23074704355350445,1.0095183155465821,0.28843380444188055,1.4421690222094028,1.1537352177675222,1.3267955004326506,1.471012402653591,1.2402653591000865,MF,23.26,1039
2715.0,38,30.17,4,6,10,,,,Lamine Martínez 1,Villarreal,MF,32,ESP,La Liga,2223,34,12,42,48,49,32,30,demo,0.1325820351342393,0.19887305270135897,0.33145508783559824,1.126947298641034,0.39774610540271793,1.6241299303944314,1.3921113689095126,1.5909844216108717,1.0606562810739144,0.9943652635067948,MF,9.59,1040
650.0,9,7.22,3,2,5,,,,Carlos Vargas 6,Celta,"FW,MF",28,POR,La Liga,2425,10,4,3,7,7,7,7,demo,0.41551246537396125,0.2770083102493075,0.6925207756232687,1.3850415512465375,0.554016620498615,0.9695290858725762,0.41551246537396125,0.9695290858725762,0.9695290858725762,0.9695290858725762,FW,18.28,1041
2378.0,34,26.42,2,2,4,,,,Javier Vargas 7,Sevilla,DF,18,URU,La Liga,2223,12,3,52,47,24,30,26,demo,0.07570022710068129,0.07570022710068129,0.15140045420136258,0.4542013626040878,0.11355034065102194,0.9084027252081756,1.9682059046177138,1.7789553368660105,1.1355034065102194,0.9841029523088569,DF,22.8,1042
1419.0,20,15.77,2,2,4,,,,Pablo Vargas 12,Valencia,FW,36,POR,La Liga,2425,35,18,3,11,20,18,8,demo,0.12682308180088778,0.12682308180088778,0.25364616360177555,2.219403931515536,1.14140773620799,1.2682308180088777,0.19023462270133165,0.6975269499048827,1.14140773620799,0.5072923272035511,FW,5.64,1043
2112.0,30,23.47,6,4,10,,,,Pedri Moreno 15,Betis,"MF,DF",30,BRA,La Liga,2425,20,6,32,31,39,20,19,demo,0.2556455048998722,0.1704303365999148,0.426075841499787,0.852151682999574,0.2556455048998722,1.6616957818491693,1.3634426927993184,1.3208351086493397,0.852151682999574,0.8095440988495952,MF,12.83,1044
622.0,9,6.91,2,0,2,,,,Bryan Díaz 16,Girona,DF,29,POR,La Liga,2223,1,0,9,5,3,5,8,demo,0.2894356005788712,0.0,0.2894356005788712,0.1447178002894356,0.0,0.4341534008683068,1.3024602026049203,0.723589001447178,0.723589001447178,1.1577424023154848,DF,12.77,1045
1535.0,22,17.06,3,4,7,,,,Fermín Torres 21,Valladolid,MF,17,ESP,La Liga,2425,17,5,36,22,26,25,18,demo,0.1758499413833529,0.2344665885111372,0.4103165298944901,0.996483001172333,0.29308323563892147,1.5240328253223916,2.1101992966002348,1.2895662368112546,1.4654161781946073,1.0550996483001174,MF,29.19,1046
987.0,14,10.97,2,3,5,,,,Unai Navarro 22,Real Madrid,MF,20,ESP,La Liga,2223,12,3,18,10,16,12,6,demo,0.18231540565177756,0.27347310847766637,0.45578851412944393,1.0938924339106655,0.27347310847766637,1.4585232452142205,1.640838650865998,0.9115770282588879,1.0938924339106655,0.5469462169553327,MF,26.2,1047
1980.0,28,22.0,8,5,13,,,,Unai Ruiz 25,Barcelona,FW,22,POR,La Liga,2223,58,14,7,12,28,24,24,demo,0.36363636363636365,0.22727272727272727,0.5909090909090909,2.6363636363636362,0.6363636363636364,1.2727272727272727,0.3181818181818182,0.5454545454545454,1.0909090909090908,1.0909090909090908,FW,25.77,1048
559.0,8,6.21,1,1,2,,,,Pedri González 27,Sevilla,DF,17,MAR,La Liga,2425,2,1,14,17,5,8,2,demo,0.1610305958132045,0.1610305958132045,0.322061191626409,0.322061191626409,0.1610305958132045,0.8051529790660226,2.254428341384863,2.737520128824477,1.288244766505636,0.322061191626409,DF,27.37,1049
1794.0,26,19.93,2,1,3,,,,Fermín Núñez 30,Valencia,MF,34,FRA,La Liga,2425,23,9,30,24,37,19,28,demo,0.10035122930255896,0.05017561465127948,0.15052684395383845,1.154039136979428,0.4515805318615153,1.8564977420973408,1.5052684395383844,1.2042147516307076,0.9533366783743101,1.4049172102358254,MF,6.21,1050
2275.0,32,25.28,6,1,7,,,,Takefusa González 31,Real Madrid,MF,19,URU,La Liga,2223,19,3,36,39,39,24,22,demo,0.23734177215189872,0.03955696202531645,0.27689873417721517,0.7515822784810127,0.11867088607594936,1.5427215189873418,1.4240506329113924,1.5427215189873418,0.9493670886075949,0.870253164556962,MF,24.13,1051
1815.0,26,20.17,6,1,7,,,,Takefusa Moreno 36,Espanyol,FW,21,ARG,La Liga,2425,52,17,10,10,24,19,19,demo,0.2974714923153198,0.04957858205255329,0.34705007436787305,2.5780862667327713,0.8428358948934059,1.189885969261279,0.49578582052553294,0.49578582052553294,0.9419930589985126,0.9419930589985126,FW,23.03,1052
1790.0,26,19.89,1,6,7,,,,Yeremy Alonso 37,Villarreal,MF,22,NGA,La Liga,2223,18,7,25,30,33,29,20,demo,0.05027652086475616,0.30165912518853694,0.3519356460532931,0.9049773755656109,0.3519356460532931,1.6591251885369531,1.256913021618904,1.5082956259426847,1.4580191050779285,1.0055304172951232,MF,21.9,1053
1333.0,19,14.81,2,1,3,,,,Nico García 40,Valladolid,DF,36,BRA,La Liga,2223,2,0,27,22,11,17,20,demo,0.13504388926401079,0.06752194463200539,0.2025658338960162,0.13504388926401079,0.0,0.7427413909520594,1.8230925050641458,1.4854827819041188,1.1478730587440917,1.350438892640108,DF,5.41,1054
1024.0,15,11.38,2,4,6,,,,Álex Núñez 45,Celta,MF,26,NGA,La Liga,2425,14,6,17,15,20,13,9,demo,0.17574692442882248,0.35149384885764495,0.5272407732864675,1.2302284710017575,0.5272407732864675,1.757469244288225,1.493848857644991,1.3181019332161685,1.1423550087873462,0.7908611599297012,MF,19.24,1055
1763.0,25,19.59,4,8,12,,,,Samu Ruiz 46,Betis,"MF,DF",19,MAR,La Liga,2223,18,3,23,28,45,27,18,demo,0.20418580908626852,0.40837161817253703,0.6125574272588055,0.9188361408882083,0.15313935681470137,2.2970903522205206,1.174068402246044,1.4293006636038796,1.3782542113323124,0.9188361408882083,MF,30.48,1056
2638.0,38,29.31,2,8,10,,,,Samu López 51,Girona,MF,30,ESP,La Liga,2425,28,9,34,38,45,22,29,demo,0.0682360968952576,0.2729443875810304,0.34118048447628796,0.9553053565336063,0.3070624360286592,1.5353121801432958,1.1600136472193792,1.2964858410098943,0.7505970658478336,0.9894234049812352,MF,12.07,1057
2292.0,33,25.47,3,1,4,,,,Pablo Iglesias 52,Real Madrid,DF,35,ARG,La Liga,2223,9,2,45,32,18,31,24,demo,0.11778563015312132,0.03926187671770711,0.15704750687082844,0.35335689045936397,0.07852375343541422,0.7067137809187279,1.76678445229682,1.2563800549666275,1.2171181782489204,0.9422850412249706,DF,5.21,1058
1800.0,26,20.0,1,2,3,,,,Pedri Ramírez 55,Mallorca,DF,17,URU,La Liga,2223,8,2,34,25,26,29,18,demo,0.05,0.1,0.15,0.4,0.1,1.3,1.7,1.25,1.45,0.9,DF,23.8,1059
3271.0,38,36.34,2,1,3,,,,Unai González 57,Rayo,DF,29,MAR,La Liga,2425,13,2,67,51,30,45,42,demo,0.0550357732526142,0.0275178866263071,0.08255365987892128,0.35773252614199225,0.0550357732526142,0.8255365987892129,1.8436984039625754,1.403412217941662,1.2383048981838194,1.155751238304898,DF,10.72,1060
3299.0,38,36.66,13,5,18,,,,Hugo Sánchez 60,Sevilla,FW,27,NGA,La Liga,2425,83,29,16,20,54,38,39,demo,0.3546099290780142,0.1363884342607747,0.49099836333878893,2.26404800872886,0.7910529187124933,1.4729950900163669,0.43644298963447903,0.5455537370430988,1.0365521003818876,1.0638297872340428,FW,17.44,1061
2377.0,34,26.41,0,0,0,,,,Mikel Díaz 61,Girona,GK,33,URU,La Liga,2223,0,0,3,2,0,30,24,demo,0.0,0.0,0.0,0.0,0.0,0.0,0.11359333585762968,0.07572889057175312,1.135933358576297,0.9087466868610374,GK,6.3,1062
894.0,13,9.93,2,2,4,,,,Gavi Díaz 66,Las Palmas,FW,31,FRA,La Liga,2425,24,11,5,4,11,12,10,demo,0.2014098690835851,0.2014098690835851,0.4028197381671702,2.416918429003021,1.107754279959718,1.107754279959718,0.5035246727089627,0.4028197381671702,1.2084592145015105,1.0070493454179255,FW,11.36,1063
2004.0,29,22.27,0,0,0,,,,Pedri Moreno 67,Leganés,GK,32,ARG,La Liga,2223,0,0,5,0,0,20,16,demo,0.0,0.0,0.0,0.0,0.0,0.0,0.224517287831163,0.0,0.898069151324652,0.7184553210597217,GK,7.2,1064
1770.0,25,19.67,0,7,7,,,,Ante Navarro 70,Athletic,MF,33,URU,La Liga,2223,15,5,28,25,35,28,22,demo,0.0,0.3558718861209964,0.3558718861209964,0.7625826131164208,0.2541942043721403,1.779359430604982,1.4234875444839856,1.2709710218607015,1.4234875444839856,1.1184544992374172,MF,8.54,1065
2753.0,38,30.59,12,6,18,,,,Bryan Alonso 72,Real Sociedad,FW,21,ARG,La Liga,2425,71,25,16,9,39,33,31,demo,0.3922850604772802,0.1961425302386401,0.5884275907159202,2.3210199411572408,0.8172605426610003,1.2749264465511605,0.5230467473030402,0.2942137953579601,1.0787839163125204,1.0134030728996404,FW,27.16,1066
850.0,12,9.44,5,3,8,,,,Gavi Romero 76,Alavés,FW,17,POR,La Liga,2223,15,4,7,1,11,15,7,demo,0.5296610169491526,0.31779661016949157,0.8474576271186441,1.5889830508474576,0.42372881355932207,1.1652542372881356,0.7415254237288136,0.10593220338983052,1.5889830508474576,0.7415254237288136,FW,38.24,1067
2732.0,38,30.36,0,2,2,,,,Iván Jiménez 81,Villarreal,DF,28,NGA,La Liga,2425,10,3,38,40,23,35,23,demo,0.0,0.06587615283267458,0.06587615283267458,0.32938076416337286,0.09881422924901186,0.7575757575757576,1.251646903820817,1.3175230566534915,1.152832674571805,0.7575757575757576,DF,11.51,1068
660.0,9,7.33,2,1,3,,,,Pedri Torres 82,Athletic,DF,30,ESP,La Liga,2223,5,2,14,7,8,10,6,demo,0.2728512960436562,0.1364256480218281,0.4092769440654843,0.6821282401091405,0.2728512960436562,1.0914051841746248,1.9099590723055935,0.9549795361527967,1.364256480218281,0.8185538881309686,DF,12.68,1069
1690.0,24,18.78,8,5,13,,,,Rodri Navarro 85,Betis,FW,34,BRA,La Liga,2223,53,16,9,7,17,36,19,demo,0.4259850905218317,0.26624068157614483,0.6922257720979765,2.822151224707135,0.8519701810436634,0.9052183173588924,0.47923322683706066,0.37273695420660274,1.9169329073482426,1.0117145899893503,FW,9.14,1070
904.0,13,10.04,4,3,7,,,,Takefusa Pérez 87,Villarreal,MF,29,BRA,La Liga,2425,17,5,15,12,17,11,6,demo,0.39840637450199207,0.29880478087649404,0.6972111553784861,1.6932270916334662,0.4980079681274901,1.6932270916334662,1.4940239043824703,1.1952191235059761,1.0956175298804782,0.5976095617529881,MF,16.8,1071
982.0,14,10.91,0,2,2,,,,Pablo Ruiz 90,Villarreal,DF,22,FRA,La Liga,2425,4,0,14,14,11,14,9,demo,0.0,0.18331805682859761,0.18331805682859761,0.36663611365719523,0.0,1.008249312557287,1.2832263978001832,1.2832263978001832,1.2832263978001832,0.8249312557286893,DF,19.17,1072
1407.0,20,15.63,4,3,7,,,,Álex Castro 91,Villarreal,"DF,MF",21,POR,La Liga,2223,22,5,21,34,21,16,15,demo,0.2559181062060141,0.19193857965451055,0.44785668586052463,1.4075495841330774,0.3198976327575176,1.3435700575815739,1.3435700575815739,2.1753039027511196,1.0236724248240563,0.9596928982725528,DF,24.76,1073
481.0,7,5.34,1,2,3,,,,Ayoze Alonso 96,Girona,DF,20,BRA,La Liga,2425,2,0,11,9,3,5,7,demo,0.18726591760299627,0.37453183520599254,0.5617977528089888,0.37453183520599254,0.0,0.5617977528089888,2.059925093632959,1.6853932584269664,0.9363295880149813,1.3108614232209739,DF,28.11,1074
2148.0,31,23.87,9,3,12,,,,Ayoze Martínez 0,Barcelona,FW,22,BRA,La Liga,2223,54,14,10,9,31,16,25,demo,0.3770423125261835,0.12568077084206117,0.5027230833682447,2.262253875157101,0.5865102639296187,1.2987012987012987,0.41893590280687054,0.3770423125261835,0.6702974444909928,1.0473397570171763,FW,24.34,1075
1722.0,25,19.13,6,4,10,,,,Nico Moreno 3,Getafe,FW,18,BRA,La Liga,2223,42,13,5,11,19,16,26,demo,0.31364349189754315,0.20909566126502876,0.5227391531625719,2.195504443282802,0.6795608991113434,0.9932043910088866,0.26136957658128596,0.575013068478829,0.8363826450601151,1.3591217982226869,FW,30.15,1076
2370.0,34,26.33,5,4,9,,,,Lamine Castro 5,Leganés,MF,23,URU,La Liga,2425,38,10,39,31,50,28,24,demo,0.189897455374098,0.1519179642992784,0.3418154196733764,1.4432206608431448,0.379794910748196,1.89897455374098,1.4812001519179645,1.1773642233194075,1.0634257500949489,0.9115077857956704,MF,20.53,1077
542.0,8,6.02,4,0,4,,,,Fermín Martínez 8,Real Sociedad,"FW,MF",24,POR,La Liga,2425,11,2,0,5,10,9,7,demo,0.6644518272425249,0.0,0.6644518272425249,1.8272425249169437,0.33222591362126247,1.6611295681063125,0.0,0.8305647840531563,1.495016611295681,1.1627906976744187,FW,23.97,1078
1979.0,28,21.99,0,7,7,,,,Gavi Alonso 14,Mallorca,"MF,DF",20,ESP,La Liga,2425,23,4,26,36,37,29,19,demo,0.0,0.31832651205093226,0.31832651205093226,1.0459299681673488,0.18190086402910416,1.6825829922692135,1.182355616189177,1.6371077762619373,1.318781264211005,0.8640291041382447,MF,23.73,1079
1981.0,28,22.01,1,0,1,,,,Gavi García 15,Girona,DF,33,POR,La Liga,2223,9,1,29,30,11,29,26,demo,0.045433893684688774,0.0,0.045433893684688774,0.40890504316219894,0.045433893684688774,0.4997728305315765,1.3175829168559745,1.3630168105406633,1.3175829168559745,1.1812812358019082,DF,6.59,1080
3109.0,38,34.54,15,5,20,,,,Iker Navarro 18,Barcelona,FW,20,ESP,La Liga,2223,92,34,9,18,51,41,36,demo,0.4342790966994789,0.1447596988998263,0.5790387955993052,2.663578459756804,0.9843659525188188,1.476548928778228,0.26056745801968734,0.5211349160393747,1.1870295309785757,1.0422698320787493,FW,28.42,1081
1638.0,23,18.2,5,4,9,,,,Nico Ramírez 20,Real Madrid,"FW,MF",25,NGA,La Liga,2425,46,13,8,9,36,25,16,demo,0.27472527472527475,0.21978021978021978,0.4945054945054945,2.5274725274725274,0.7142857142857143,1.978021978021978,0.43956043956043955,0.4945054945054945,1.3736263736263736,0.8791208791208791,FW,20.18,1082
1517.0,22,16.86,1,1,2,,,,Iván González 23,Valencia,FW,22,ARG,La Liga,2425,32,16,4,11,29,15,15,demo,0.05931198102016608,0.05931198102016608,0.11862396204033215,1.8979833926453145,0.9489916963226572,1.7200474495848161,0.2372479240806643,0.6524317912218268,0.8896797153024911,0.8896797153024911,FW,18.12,1083
659.0,9,7.32,3,0,3,,,,Bryan Romero 24,Villarreal,"FW,MF",17,ARG,La Liga,2223,21,9,3,8,12,10,5,demo,0.4098360655737705,0.0,0.4098360655737705,2.8688524590163933,1.2295081967213115,1.639344262295082,0.4098360655737705,1.0928961748633879,1.366120218579235,0.6830601092896175,FW,29.18,1084
2866.0,38,31.84,1,4,5,,,,Sergio Moreno 29,Athletic,DF,26,BRA,La Liga,2425,16,7,68,46,23,29,32,demo,0.031407035175879394,0.12562814070351758,0.157035175879397,0.5025125628140703,0.2198492462311558,0.7223618090452262,2.135678391959799,1.4447236180904524,0.9108040201005025,1.0050251256281406,DF,14.58,1085
716.0,10,7.96,0,3,3,,,,Sergio Torres 30,Betis,MF,18,NGA,La Liga,2223,8,2,11,11,16,16,13,demo,0.0,0.3768844221105528,0.3768844221105528,1.0050251256281406,0.25125628140703515,2.0100502512562812,1.3819095477386936,1.3819095477386936,2.0100502512562812,1.6331658291457287,MF,27.26,1086
1756.0,25,19.51,0,0,0,,,,Gavi Ortega 33,Celta,GK,23,URU,La Liga,2223,0,0,6,0,0,16,22,demo,0.0,0.0,0.0,0.0,0.0,0.0,0.30753459764223473,0.0,0.8200922603792926,1.1276268580215274,GK,15.3,1087
1996.0,29,22.18,1,1,2,,,,Iker López 35,Valladolid,DF,35,POR,La Liga,2425,8,2,39,38,13,24,25,demo,0.04508566275924256,0.04508566275924256,0.09017132551848513,0.3606853020739405,0.09017132551848513,0.5861136158701533,1.7583408476104598,1.7132551848512174,1.0820559062218216,1.127141568981064,DF,4.91,1088
928.0,13,10.31,2,4,6,,,,Samu Iglesias 38,Betis,FW,23,URU,La Liga,2425,25,9,5,6,13,9,11,demo,0.19398642095053345,0.3879728419010669,0.5819592628516004,2.424830261881668,0.8729388942774006,1.2609117361784674,0.4849660523763336,0.5819592628516004,0.8729388942774006,1.066925315227934,FW,24.2,1089
1037.0,15,11.52,2,1,3,,,,Pablo Jiménez 39,Osasuna,FW,24,BRA,La Liga,2223,26,8,5,4,17,11,11,demo,0.1736111111111111,0.08680555555555555,0.2604166666666667,2.2569444444444446,0.6944444444444444,1.4756944444444444,0.4340277777777778,0.3472222222222222,0.9548611111111112,0.9548611111111112,FW,18.15,1090
1247.0,18,13.86,0,3,3,,,,Iván Torres 44,Rayo,MF,31,ARG,La Liga,2425,18,6,20,22,24,17,13,demo,0.0,0.21645021645021645,0.21645021645021645,1.2987012987012987,0.4329004329004329,1.7316017316017316,1.443001443001443,1.5873015873015874,1.2265512265512266,0.937950937950938,MF,9.85,1091
2279.0,33,25.32,7,3,10,,,,Unai Romero 45,Rayo,"FW,MF",20,FRA,La Liga,2223,48,19,11,15,34,40,26,demo,0.2764612954186414,0.11848341232227488,0.3949447077409163,1.8957345971563981,0.7503949447077409,1.3428120063191153,0.4344391785150079,0.5924170616113744,1.5797788309636651,1.0268562401263823,FW,25.11,1092
1512.0,22,16.8,9,4,13,,,,Iker Jiménez 48,Athletic,FW,27,BRA,La Liga,2223,32,12,1,10,21,13,24,demo,0.5357142857142857,0.23809523809523808,0.7738095238095237,1.9047619047619047,0.7142857142857143,1.25,0.05952380952380952,0.5952380952380952,0.7738095238095237,1.4285714285714286,FW,20.75,1093
1199.0,17,13.32,0,5,5,,,,Gavi Iglesias 50,Sevilla,MF,28,MAR,La Liga,2425,17,3,21,15,25,12,12,demo,0.0,0.37537537537537535,0.37537537537537535,1.2762762762762763,0.22522522522522523,1.8768768768768769,1.5765765765765765,1.1261261261261262,0.9009009009009009,0.9009009009009009,MF,14.85,1094
1334.0,19,14.82,5,2,7,,,,Javier Ruiz 53,Real Madrid,"FW,MF",21,BRA,La Liga,2425,29,11,7,6,22,19,13,demo,0.33738191632928477,0.1349527665317139,0.47233468286099867,1.9568151147098516,0.7422402159244265,1.484480431848853,0.47233468286099867,0.4048582995951417,1.282051282051282,0.8771929824561403,FW,25.18,1095
533.0,8,5.92,3,1,4,,,,Javier Sánchez 54,Celta,FW,32,NGA,La Liga,2223,16,8,3,3,7,3,7,demo,0.5067567567567568,0.16891891891891891,0.6756756756756757,2.7027027027027026,1.3513513513513513,1.1824324324324325,0.5067567567567568,0.5067567567567568,0.5067567567567568,1.1824324324324325,FW,12.06,1096
1985.0,28,22.06,5,2,7,,,,Oihan Jiménez 59,Girona,DF,20,ARG,La Liga,2425,8,1,35,33,19,30,26,demo,0.22665457842248415,0.09066183136899365,0.3173164097914778,0.3626473254759746,0.04533091568449683,0.8612873980054397,1.586582048957389,1.4959202175883954,1.359927470534905,1.1786038077969176,DF,23.71,1097
2759.0,38,30.66,0,1,1,,,,Ante Martínez 60,Barcelona,DF,32,NGA,La Liga,2223,12,3,63,59,24,35,23,demo,0.0,0.03261578604044357,0.03261578604044357,0.3913894324853229,0.09784735812133072,0.7827788649706457,2.054794520547945,1.924331376386171,1.1415525114155252,0.7501630789302022,DF,7.43,1098
1226.0,18,13.62,3,3,6,,,,Mikel Torres 63,Athletic,MF,29,ESP,La Liga,2223,18,4,20,24,28,12,20,demo,0.22026431718061676,0.22026431718061676,0.4405286343612335,1.3215859030837005,0.2936857562408223,2.0558002936857562,1.4684287812041117,1.762114537444934,0.881057268722467,1.4684287812041117,MF,14.26,1099
1575.0,22,17.5,3,1,4,,,,Iker Torres 65,Real Sociedad,DF,21,ESP,La Liga,2425,10,3,32,27,19,12,19,demo,0.17142857142857143,0.05714285714285714,0.22857142857142856,0.5714285714285714,0.17142857142857143,1.0857142857142856,1.8285714285714285,1.542857142857143,0.6857142857142857,1.0857142857142856,DF,21.01,1100
2013.0,29,22.37,4,1,5,,,,Pedri Ramírez 68,Celta,MF,33,URU,La Liga,2425,27,7,32,34,31,22,20,demo,0.17881090746535538,0.044702726866338846,0.22351363433169422,1.2069736253911487,0.3129190880643719,1.3857845328565042,1.430487259722843,1.5198927134555207,0.9834599910594546,0.8940545373267769,MF,7.71,1101
2395.0,34,26.61,2,2,4,,,,Fermín Moreno 69,Leganés,DF,36,BRA,La Liga,2223,9,2,48,43,20,19,18,demo,0.0751597143930853,0.0751597143930853,0.1503194287861706,0.3382187147688839,0.0751597143930853,0.7515971439308531,1.8038331454340475,1.6159338594513342,0.7140172867343104,0.6764374295377678,DF,5.18,1102
1550.0,22,17.22,4,1,5,,,,Fermín Jiménez 74,Athletic,MF,35,BRA,La Liga,2425,11,4,21,19,31,16,18,demo,0.23228803716608595,0.05807200929152149,0.29036004645760743,0.6387921022067364,0.23228803716608595,1.8002322880371662,1.2195121951219512,1.1033681765389083,0.9291521486643438,1.0452961672473868,MF,5.81,1103
724.0,10,8.04,0,0,0,,,,Pedri Sánchez 75,Sevilla,GK,32,POR,La Liga,2223,0,0,1,0,0,10,6,demo,0.0,0.0,0.0,0.0,0.0,0.0,0.12437810945273634,0.0,1.2437810945273633,0.746268656716418,GK,7.2,1104
631.0,9,7.01,0,0,0,,,,Pedri Díaz 78,Mallorca,MF,24,MAR,La Liga,2223,14,5,8,12,16,11,16,demo,0.0,0.0,0.0,1.9971469329529246,0.7132667617689016,2.282453637660485,1.1412268188302426,1.7118402282453637,1.5691868758915835,2.282453637660485,MF,14.4,1105
1059.0,15,11.77,1,1,2,,,,Pedri Martínez 80,Mallorca,MF,34,BRA,La Liga,2425,8,4,16,26,23,9,14,demo,0.08496176720475786,0.08496176720475786,0.16992353440951571,0.6796941376380629,0.33984706881903143,1.954120645709431,1.3593882752761257,2.2090059473237043,0.7646559048428208,1.1894647408666101,MF,6.32,1106
659.0,9,7.32,2,2,4,,,,Rodri Alonso 83,Real Sociedad,FW,18,NGA,La Liga,2425,15,5,6,7,12,9,7,demo,0.27322404371584696,0.27322404371584696,0.5464480874316939,2.0491803278688523,0.6830601092896175,1.639344262295082,0.819672131147541,0.9562841530054644,1.2295081967213115,0.9562841530054644,FW,30.62,1107
2392.0,34,26.58,2,5,7,,,,Iván Pérez 84,Atlético,MF,19,FRA,La Liga,2223,26,10,32,43,40,39,32,demo,0.07524454477050414,0.18811136192626035,0.2633559066967645,0.9781790820165539,0.3762227238525207,1.5048908954100828,1.2039127163280663,1.6177577125658391,1.4672686230248309,1.2039127163280663,MF,23.88,1108
480.0,7,5.33,0,0,0,,,,Hugo Navarro 89,Osasuna,DF,22,FRA,La Liga,2425,5,1,14,10,5,2,5,demo,0.0,0.0,0.0,0.9380863039399625,0.18761726078799248,0.9380863039399625,2.626641651031895,1.876172607879925,0.37523452157598497,0.9380863039399625,DF,16.2,1109
1434.0,20,15.93,2,4,6,,,,Ayoze Martínez 90,Rayo,MF,36,FRA,La Liga,2223,16,3,18,31,31,12,22,demo,0.12554927809165098,0.25109855618330196,0.3766478342749529,1.0043942247332078,0.18832391713747645,1.9460138104205902,1.1299435028248588,1.9460138104205902,0.7532956685499058,1.3810420590081607,MF,6.19,1110
2564.0,37,28.49,2,2,4,,,,Carlos Sánchez 1,Real Madrid,DF,28,FRA,La Liga,2425,7,0,49,38,20,33,29,demo,0.0702000702000702,0.0702000702000702,0.1404001404001404,0.2457002457002457,0.0,0.7020007020007021,1.71990171990172,1.333801333801334,1.1583011583011584,1.017901017901018,DF,12.32,1111
525.0,8,5.83,0,0,0,,,,Ayoze Ramírez 2,Real Sociedad,DF,29,MAR,La Liga,2223,2,1,7,12,6,5,8,demo,0.0,0.0,0.0,0.34305317324185247,0.17152658662092624,1.0291595197255574,1.2006861063464838,2.058319039451115,0.8576329331046312,1.3722126929674099,DF,9.9,1112
2854.0,38,31.71,0,1,1,,,,Carlos Díaz 7,Alavés,DF,22,NGA,La Liga,2425,17,4,52,48,21,34,32,demo,0.0,0.031535793125197095,0.031535793125197095,0.5361084831283507,0.12614317250078838,0.662251655629139,1.639861242510249,1.5137180700094608,1.0722169662567014,1.009145380006307,DF,16.71,1113
2956.0,38,32.84,0,0,0,,,,Ayoze Romero 8,Leganés,GK,19,FRA,La Liga,2223,0,0,5,3,0,32,33,demo,0.0,0.0,0.0,0.0,0.0,0.0,0.1522533495736906,0.09135200974421437,0.9744214372716199,1.004872107186358,GK,18.9,1114
2281.0,33,25.34,3,10,13,,,,Iker Iglesias 11,Getafe,MF,26,ARG,La Liga,2223,29,11,28,33,40,27,22,demo,0.11838989739542226,0.39463299131807417,0.5130228887134964,1.1444356748224151,0.4340962904498816,1.5785319652722967,1.1049723756906078,1.3022888713496448,1.0655090765588002,0.8681925808997633,MF,19.06,1115
3202.0,38,35.58,0,0,0,,,,Hugo Díaz 13,Leganés,GK,19,NGA,La Liga,2425,0,0,0,0,0,43,37,demo,0.0,0.0,0.0,0.0,0.0,0.0,0.0,0.0,1.2085441259134346,1.0399100618324901,GK,18.9,1116
1831.0,26,20.34,7,2,9,,,,Hugo Iglesias 16,Villarreal,FW,29,ARG,La Liga,2425,37,13,16,9,32,30,24,demo,0.344149459193707,0.09832841691248771,0.4424778761061947,1.8190757128810227,0.6391347099311702,1.5732546705998034,0.7866273352999017,0.4424778761061947,1.4749262536873156,1.1799410029498525,FW,14.28,1117
2577.0,37,28.63,2,1,3,,,,Carlos Vargas 17,Valencia,DF,35,NGA,La Liga,2223,19,5,42,51,21,23,42,demo,0.069856793573175,0.0349283967865875,0.10478519035976248,0.6636395389451625,0.17464198393293748,0.7334963325183375,1.466992665036675,1.7813482361159623,0.8033531260915124,1.466992665036675,DF,4.97,1118
2677.0,38,29.74,11,3,14,,,,Javier Díaz 22,Real Sociedad,FW,17,POR,La Liga,2425,66,22,8,17,33,28,33,demo,0.3698722259583053,0.10087424344317418,0.4707464694014795,2.219233355749832,0.7397444519166106,1.109616677874916,0.26899798251513113,0.5716207128446537,0.941492938802959,1.109616677874916,FW,30.44,1119
1191.0,17,13.23,1,0,1,,,,Gavi Pérez 23,Getafe,DF,23,POR,La Liga,2223,10,2,19,20,10,18,18,demo,0.07558578987150416,0.0,0.07558578987150416,0.7558578987150415,0.15117157974300832,0.7558578987150415,1.436130007558579,1.511715797430083,1.3605442176870748,1.3605442176870748,DF,16.46,1120
469.0,7,5.21,1,0,1,,,,Pablo López 26,Mallorca,DF,30,NGA,La Liga,2223,3,0,8,8,3,7,1,demo,0.19193857965451055,0.0,0.19193857965451055,0.5758157389635317,0.0,0.5758157389635317,1.5355086372360844,1.5355086372360844,1.3435700575815739,0.19193857965451055,DF,10.73,1121
513.0,7,5.7,0,1,1,,,,Pablo López 28,Mallorca,DF,24,FRA,La Liga,2425,5,0,14,9,7,7,3,demo,0.0,0.17543859649122806,0.17543859649122806,0.8771929824561403,0.0,1.2280701754385965,2.456140350877193,1.5789473684210527,1.2280701754385965,0.5263157894736842,DF,16.93,1122
848.0,12,9.42,1,3,4,,,,Unai Iglesias 31,Getafe,MF,24,URU,La Liga,2425,9,4,13,22,18,16,9,demo,0.10615711252653928,0.3184713375796178,0.42462845010615713,0.9554140127388535,0.42462845010615713,1.910828025477707,1.3800424628450105,2.335456475583864,1.6985138004246285,0.9554140127388535,MF,20.51,1123
933.0,13,10.37,1,4,5,,,,Samu Torres 32,Leganés,MF,30,NGA,La Liga,2223,7,3,14,11,16,11,9,demo,0.09643201542912247,0.3857280617164899,0.4821600771456124,0.6750241080038574,0.28929604628736744,1.5429122468659595,1.3500482160077147,1.0607521697203472,1.0607521697203472,0.8678881388621023,MF,13.34,1124
1989.0,28,22.1,2,8,10,,,,Carlos Sánchez 37,Osasuna,MF,25,NGA,La Liga,2425,27,10,30,41,48,22,26,demo,0.09049773755656108,0.36199095022624433,0.4524886877828054,1.2217194570135745,0.4524886877828054,2.171945701357466,1.3574660633484161,1.855203619909502,0.9954751131221719,1.176470588235294,MF,19.61,1125
1664.0,24,18.49,2,4,6,,,,Álex López 38,Celta,MF,31,POR,La Liga,2223,17,5,30,29,33,21,16,demo,0.1081665765278529,0.2163331530557058,0.3244997295835587,0.9194159004867497,0.2704164413196323,1.7847485127095728,1.6224986479177936,1.568415359653867,1.1357490535424555,0.8653326122228232,MF,10.73,1126
1240.0,18,13.78,5,5,10,,,,Mikel Martínez 41,Sevilla,FW,28,MAR,La Liga,2223,25,10,6,11,15,12,12,demo,0.362844702467344,0.362844702467344,0.725689404934688,1.81422351233672,0.725689404934688,1.088534107402032,0.4354136429608128,0.7982583454281568,0.8708272859216256,0.8708272859216256,FW,18.64,1127
3003.0,38,33.37,4,11,15,,,,Samu González 43,Valladolid,MF,22,MAR,La Liga,2425,32,6,42,37,59,30,49,demo,0.11986814504045551,0.32963739886125265,0.44950554390170816,0.9589451603236441,0.17980221756068326,1.7680551393467188,1.2586155229247828,1.1087803416242135,0.8990110878034163,1.46838477674558,MF,23.48,1128
3324.0,38,36.93,16,9,25,,,,Ayoze Torres 46,Real Madrid,FW,31,POR,La Liga,2425,81,31,13,14,55,51,37,demo,0.4332520985648524,0.2437043054427295,0.676956404007582,2.1933387489845653,0.8394259409694016,1.4893040888166802,0.3520173300839426,0.3790955862442459,1.380991064175467,1.0018954779312212,FW,13.58,1129
507.0,7,5.63,0,2,2,,,,Carlos Núñez 47,Real Sociedad,MF,28,POR,La Liga,2223,8,6,7,12,18,6,3,demo,0.0,0.3552397868561279,0.3552397868561279,1.4209591474245116,1.0657193605683837,3.197158081705151,1.2433392539964476,2.1314387211367674,1.0657193605683837,0.5328596802841918,MF,14.64,1130
718.0,10,7.98,0,3,3,,,,Ayoze Vargas 53,Real Sociedad,DF,20,URU,La Liga,2223,5,4,15,14,6,10,5,demo,0.0,0.37593984962406013,0.37593984962406013,0.6265664160401002,0.5012531328320802,0.7518796992481203,1.8796992481203008,1.7543859649122806,1.2531328320802004,0.6265664160401002,DF,24.77,1131
1853.0,26,20.59,7,4,11,,,,Nico López 56,Real Sociedad,"FW,MF",22,NGA,La Liga,2223,44,11,12,14,26,13,23,demo,0.33997085964060225,0.1942690626517727,0.5342399222923749,2.1369596891694997,0.5342399222923749,1.2627489072365226,0.5828071879553182,0.6799417192812045,0.6313744536182613,1.117047110247693,FW,24.85,1132
805.0,12,8.94,0,0,0,,,,Yeremy García 58,Rayo,GK,18,NGA,La Liga,2425,0,0,1,1,0,3,6,demo,0.0,0.0,0.0,0.0,0.0,0.0,0.11185682326621925,0.11185682326621925,0.33557046979865773,0.6711409395973155,GK,19.8,1133
2762.0,38,30.69,0,1,1,,,,Javier Núñez 61,Rayo,DF,26,FRA,La Liga,2425,11,1,47,39,23,41,29,demo,0.0,0.032583903551645484,0.032583903551645484,0.35842293906810035,0.032583903551645484,0.7494297816878461,1.5314434669273378,1.270772238514174,1.3359400456174648,0.9449332029977191,DF,13.01,1134
2198.0,31,24.42,2,2,4,,,,Iker Díaz 62,Betis,DF,20,MAR,La Liga,2223,9,5,52,48,21,20,25,demo,0.0819000819000819,0.0819000819000819,0.1638001638001638,0.36855036855036855,0.20475020475020472,0.8599508599508598,2.1294021294021293,1.9656019656019654,0.8190008190008189,1.0237510237510237,DF,20.95,1135
1898.0,27,21.09,5,2,7,,,,Carlos Ramírez 67,Girona,DF,21,MAR,La Liga,2425,10,3,31,35,12,25,19,demo,0.2370791844476055,0.0948316737790422,0.3319108582266477,0.474158368895211,0.1422475106685633,0.5689900426742532,1.4698909435751542,1.6595542911332386,1.1853959222380275,0.9009009009009009,DF,22.78,1136
464.0,7,5.16,0,0,0,,,,Yeremy Ruiz 68,Osasuna,DF,36,BRA,La Liga,2223,2,1,13,12,3,6,5,demo,0.0,0.0,0.0,0.38759689922480617,0.19379844961240308,0.5813953488372093,2.5193798449612403,2.3255813953488373,1.1627906976744187,0.9689922480620154,DF,4.5,1137
1541.0,22,17.12,0,1,1,,,,Hugo Núñez 73,Girona,DF,17,NGA,La Liga,2425,8,4,31,29,14,15,13,demo,0.0,0.05841121495327103,0.05841121495327103,0.4672897196261682,0.2336448598130841,0.8177570093457943,1.8107476635514017,1.6939252336448598,0.8761682242990654,0.7593457943925234,DF,21.91,1138
3394.0,38,37.71,1,1,2,,,,Fermín Pérez 76,Athletic,DF,25,NGA,La Liga,2425,10,4,49,59,41,42,53,demo,0.026518164942985943,0.026518164942985943,0.053036329885971886,0.26518164942985945,0.10607265977194377,1.0872447626624238,1.2993900822063114,1.5645717316361707,1.1137629276054097,1.405462741978255,DF,14.22,1139
2393.0,34,26.59,0,1,1,,,,Gavi González 82,Espanyol,DF,25,FRA,La Liga,2425,9,1,48,40,22,23,22,demo,0.0,0.037608123354644606,0.037608123354644606,0.33847311019180143,0.037608123354644606,0.8273787138021813,1.805189921022941,1.504324934185784,0.8649868371568259,0.8273787138021813,DF,14.01,1140
605.0,9,6.72,0,3,3,,,,Pablo Iglesias 83,Alavés,MF,29,ARG,La Liga,2223,8,2,4,12,10,5,8,demo,0.0,0.44642857142857145,0.44642857142857145,1.1904761904761905,0.2976190476190476,1.4880952380952381,0.5952380952380952,1.7857142857142858,0.7440476190476191,1.1904761904761905,MF,14.32,1141
1192.0,17,13.24,0,4,4,,,,Takefusa Ramírez 86,Athletic,DF,19,ESP,La Liga,2223,4,0,25,23,10,12,10,demo,0.0,0.3021148036253776,0.3021148036253776,0.3021148036253776,0.0,0.7552870090634441,1.8882175226586102,1.7371601208459215,0.9063444108761329,0.7552870090634441,DF,24.61,1142
1162.0,17,12.91,0,1,1,,,,Bryan Díaz 88,Atlético,DF,21,POR,La Liga,2425,4,0,17,14,10,15,14,demo,0.0,0.07745933384972889,0.07745933384972889,0.30983733539891556,0.0,0.774593338497289,1.3168086754453912,1.0844306738962044,1.1618900077459333,1.0844306738962044,DF,18.42,1143
1040.0,15,11.56,2,0,2,,,,Samu Jiménez 92,Real Sociedad,DF,35,ARG,La Liga,2223,5,1,18,21,11,13,9,demo,0.17301038062283736,0.0,0.17301038062283736,0.4325259515570934,0.08650519031141868,0.9515570934256055,1.5570934256055362,1.8166089965397922,1.1245674740484428,0.7785467128027681,DF,5.28,1144
1822.0,26,20.24,3,6,9,,,,Pedri Jiménez 0,Valencia,MF,17,FRA,La Liga,2425,26,7,19,18,40,25,20,demo,0.1482213438735178,0.2964426877470356,0.4446640316205534,1.2845849802371543,0.3458498023715415,1.9762845849802373,0.9387351778656127,0.8893280632411068,1.2351778656126484,0.9881422924901186,MF,29.9,1145
2347.0,34,26.08,4,4,8,,,,Yeremy Romero 1,Atlético,MF,19,BRA,La Liga,2223,26,9,38,37,44,30,41,demo,0.15337423312883436,0.15337423312883436,0.3067484662576687,0.9969325153374233,0.3450920245398773,1.687116564417178,1.4570552147239264,1.418711656441718,1.1503067484662577,1.5720858895705523,MF,24.7,1146
894.0,13,9.93,0,4,4,,,,Lamine Pérez 4,Las Palmas,MF,20,NGA,La Liga,2223,8,2,7,14,25,15,5,demo,0.0,0.4028197381671702,0.4028197381671702,0.8056394763343404,0.2014098690835851,2.5176233635448138,0.7049345417925479,1.4098690835850958,1.5105740181268883,0.5035246727089627,MF,25.25,1147
1591.0,23,17.68,2,4,6,,,,Mikel Iglesias 6,Barcelona,MF,25,URU,La Liga,2425,21,10,18,22,30,16,16,demo,0.11312217194570136,0.22624434389140272,0.3393665158371041,1.1877828054298643,0.5656108597285068,1.6968325791855203,1.0180995475113122,1.244343891402715,0.9049773755656109,0.9049773755656109,MF,18.08,1148
819.0,12,9.1,2,2,4,,,,Bryan Sánchez 9,Espanyol,MF,36,NGA,La Liga,2425,16,5,9,15,20,6,4,demo,0.21978021978021978,0.21978021978021978,0.43956043956043955,1.7582417582417582,0.5494505494505495,2.197802197802198,0.989010989010989,1.6483516483516485,0.6593406593406593,0.43956043956043955,MF,6.48,1149
2076.0,30,23.07,0,3,3,,,,Pedri Alonso 10,Alavés,DF,17,FRA,La Liga,2223,10,1,47,39,14,22,24,demo,0.0,0.13003901170351106,0.13003901170351106,0.43346337234503685,0.043346337234503686,0.6068487212830516,2.037277850021673,1.6905071521456436,0.953619419159081,1.0403120936280885,DF,23.39,1150
691.0,10,7.68,0,0,0,,,,Pedri Moreno 15,Sevilla,MF,29,ESP,La Liga,2425,9,6,16,14,12,5,6,demo,0.0,0.0,0.0,1.171875,0.78125,1.5625,2.0833333333333335,1.8229166666666667,0.6510416666666667,0.78125,MF,9.9,1151
2180.0,31,24.22,3,2,5,,,,Bryan Díaz 16,Valencia,DF,18,FRA,La Liga,2223,10,2,39,41,19,33,25,demo,0.12386457473162676,0.08257638315441784,0.2064409578860446,0.4128819157720892,0.08257638315441784,0.7844756399669695,1.6102394715111479,1.6928158546655658,1.3625103220478945,1.032204789430223,DF,23.89,1152
3060.0,38,34.0,0,0,0,,,,Javier Alonso 19,Las Palmas,DF,33,MAR,La Liga,2223,18,3,61,42,30,44,27,demo,0.0,0.0,0.0,0.5294117647058824,0.08823529411764706,0.8823529411764706,1.7941176470588236,1.2352941176470589,1.2941176470588236,0.7941176470588235,DF,6.3,1153
479.0,7,5.32,0,0,0,,,,Hugo Vargas 21,Alavés,GK,22,POR,La Liga,2425,0,0,0,0,0,4,1,demo,0.0,0.0,0.0,0.0,0.0,0.0,0.0,0.0,0.7518796992481203,0.18796992481203006,GK,16.2,1154
2052.0,29,22.8,3,8,11,,,,Ayoze Moreno 25,Barcelona,MF,17,NGA,La Liga,2223,22,9,28,34,34,26,20,demo,0.13157894736842105,0.3508771929824561,0.4824561403508772,0.9649122807017544,0.39473684210526316,1.4912280701754386,1.2280701754385965,1.4912280701754386,1.1403508771929824,0.8771929824561403,MF,30.69,1155
1770.0,25,19.67,1,1,2,,,,Iván Ramírez 30,Mallorca,DF,23,FRA,La Liga,2425,9,2,32,29,12,20,27,demo,0.05083884087442806,0.05083884087442806,0.10167768174885612,0.4575495678698525,0.10167768174885612,0.6100660904931368,1.626842907981698,1.4743263853584136,1.0167768174885612,1.3726487036095576,DF,16.86,1156
2804.0,38,31.16,9,4,13,,,,Takefusa Jiménez 31,Villarreal,FW,23,ARG,La Liga,2223,74,21,13,14,27,42,42,demo,0.2888318356867779,0.12836970474967907,0.417201540436457,2.3748395378690628,0.6739409499358151,0.8664955070603337,0.417201540436457,0.4492939666238768,1.3478818998716302,1.3478818998716302,FW,21.68,1157
1065.0,15,11.83,2,1,3,,,,Sergio Moreno 34,Osasuna,FW,20,URU,La Liga,2223,28,8,5,6,12,12,7,demo,0.16906170752324598,0.08453085376162299,0.25359256128486896,2.366863905325444,0.6762468300929839,1.0143702451394758,0.42265426880811496,0.5071851225697379,1.0143702451394758,0.591715976331361,FW,22.56,1158
2981.0,38,33.12,1,1,2,,,,Pablo García 36,Atlético,DF,31,BRA,La Liga,2425,17,3,62,48,28,35,18,demo,0.030193236714975848,0.030193236714975848,0.060386473429951695,0.5132850241545894,0.09057971014492755,0.8454106280193238,1.8719806763285025,1.4492753623188408,1.0567632850241546,0.5434782608695653,DF,8.59,1159
3242.0,38,36.02,5,2,7,,,,Pedri Castro 39,Mallorca,DF,36,POR,La Liga,2425,17,5,66,67,22,45,27,demo,0.138811771238201,0.05552470849528039,0.1943364797334814,0.47196002220988337,0.138811771238201,0.6107717934480843,1.8323153803442531,1.8600777345918933,1.249305941143809,0.7495835646862853,DF,5.37,1160
1266.0,18,14.07,0,1,1,,,,Oihan González 40,Real Madrid,DF,23,MAR,La Liga,2223,4,3,32,29,12,10,7,demo,0.0,0.0710732054015636,0.0710732054015636,0.2842928216062544,0.21321961620469082,0.8528784648187633,2.2743425728500353,2.061122956645345,0.7107320540156361,0.4975124378109453,DF,16.39,1161
1196.0,17,13.29,0,3,3,,,,Nico Martínez 45,Getafe,"MF,DF",24,ARG,La Liga,2425,12,7,16,20,21,11,11,demo,0.0,0.22573363431151244,0.22573363431151244,0.9029345372460498,0.526711813393529,1.580135440180587,1.2039127163280663,1.5048908954100828,0.8276899924755455,0.8276899924755455,MF,17.65,1162
3139.0,38,34.88,3,8,11,,,,Rodri Castro 46,Atlético,MF,32,BRA,La Liga,2223,33,15,47,48,69,45,30,demo,0.0860091743119266,0.2293577981651376,0.3153669724770642,0.9461009174311926,0.430045871559633,1.9782110091743117,1.3474770642201834,1.3761467889908257,1.290137614678899,0.860091743119266,MF,9.47,1163
1860.0,27,20.67,1,4,5,,,,Takefusa García 51,Real Madrid,MF,17,ARG,La Liga,2425,18,4,24,26,39,20,24,demo,0.04837929366231253,0.1935171746492501,0.24189646831156264,0.8708272859216255,0.1935171746492501,1.8867924528301885,1.1611030478955007,1.2578616352201257,0.9675858732462506,1.1611030478955007,MF,25.71,1164
2721.0,38,30.23,5,4,9,,,,Iker Castro 54,Osasuna,MF,22,FRA,La Liga,2425,43,13,44,43,63,31,33,demo,0.16539861065167052,0.13231888852133641,0.29771749917300694,1.4224280516043666,0.4300363876943434,2.0840224942110486,1.4555077737347006,1.4224280516043666,1.0254713860403573,1.0916308303010254,MF,21.02,1165
1674.0,24,18.6,2,5,7,,,,Hugo Ramírez 55,Valladolid,MF,24,MAR,La Liga,2223,30,8,17,21,35,18,18,demo,0.1075268817204301,0.26881720430107525,0.3763440860215054,1.6129032258064515,0.4301075268817204,1.8817204301075268,0.9139784946236559,1.129032258064516,0.9677419354838709,0.9677419354838709,MF,19.82,1166
1591.0,23,17.68,1,8,9,,,,Hugo López 60,Leganés,MF,27,POR,La Liga,2425,23,5,28,15,32,15,20,demo,0.05656108597285068,0.45248868778280543,0.5090497737556561,1.3009049773755657,0.2828054298642534,1.8099547511312217,1.583710407239819,0.8484162895927602,0.8484162895927602,1.1312217194570136,MF,17.66,1167
578.0,8,6.42,0,0,0,,,,Samu Romero 61,Atlético,FW,35,MAR,La Liga,2223,15,6,1,2,10,6,3,demo,0.0,0.0,0.0,2.336448598130841,0.9345794392523364,1.557632398753894,0.1557632398753894,0.3115264797507788,0.9345794392523364,0.4672897196261682,FW,4.5,1168
2210.0,32,24.56,4,6,10,,,,Samu Castro 64,Real Madrid,FW,23,ESP,La Liga,2223,51,13,11,9,40,17,21,demo,0.16286644951140067,0.244299674267101,0.40716612377850164,2.0765472312703586,0.5293159609120521,1.6286644951140066,0.4478827361563518,0.36644951140065146,0.6921824104234529,0.8550488599348535,FW,21.53,1169
1378.0,20,15.31,0,2,2,,,,Unai Romero 69,Barcelona,DF,18,FRA,La Liga,2425,9,2,33,29,13,10,19,demo,0.0,0.13063357282821686,0.13063357282821686,0.5878510777269759,0.13063357282821686,0.8491182233834095,2.155453951665578,1.8941868060091442,0.6531678641410842,1.24101894186806,DF,22.39,1170
795.0,11,8.83,0,0,0,,,,Samu Navarro 70,Real Madrid,GK,35,URU,La Liga,2223,0,0,0,0,0,12,8,demo,0.0,0.0,0.0,0.0,0.0,0.0,0.0,0.0,1.3590033975084939,0.9060022650056625,GK,4.5,1171
2819.0,38,31.32,12,4,16,,,,Bryan Díaz 75,Celta,FW,17,BRA,La Liga,2425,55,21,13,18,24,47,34,demo,0.3831417624521073,0.1277139208173691,0.5108556832694764,1.7560664112388251,0.6704980842911877,0.7662835249042146,0.41507024265644954,0.5747126436781609,1.500638569604087,1.0855683269476373,FW,31.27,1172
2280.0,33,25.33,2,7,9,,,,Carlos González 79,Valladolid,MF,34,FRA,La Liga,2223,24,9,25,46,55,25,24,demo,0.07895775759968418,0.2763521515988946,0.3553099091985788,0.9474930911962101,0.3553099091985788,2.1713383339913146,0.9869719699960522,1.816028424792736,0.9869719699960522,0.9474930911962101,MF,7.32,1173
3227.0,38,35.86,0,0,0,,,,Fermín Pérez 81,Valencia,GK,31,ESP,La Liga,2425,0,0,4,5,1,33,33,demo,0.0,0.0,0.0,0.0,0.0,0.027886224205242612,0.11154489682097045,0.13943112102621305,0.9202453987730062,0.9202453987730062,GK,8.1,1174
2384.0,34,26.49,2,5,7,,,,Oihan López 84,Real Madrid,"MF,DF",29,ARG,La Liga,2425,20,6,37,32,55,40,36,demo,0.07550018875047187,0.18875047187617972,0.2642506606266516,0.7550018875047189,0.22650056625141565,2.0762551906379767,1.3967534918837299,1.20800302000755,1.5100037750094377,1.3590033975084939,MF,12.52,1175
1178.0,17,13.09,2,4,6,,,,Samu Moreno 85,Rayo,MF,23,MAR,La Liga,2223,6,5,19,15,19,12,13,demo,0.15278838808250572,0.30557677616501144,0.4583651642475172,0.4583651642475172,0.3819709702062643,1.4514896867838045,1.4514896867838045,1.145912910618793,0.9167303284950344,0.9931245225362872,MF,22.31,1176
1964.0,28,21.82,0,6,6,,,,Hugo Navarro 90,Alavés,DF,31,ESP,La Liga,2425,10,5,44,23,10,19,20,demo,0.0,0.27497708524289644,0.27497708524289644,0.458295142071494,0.229147571035747,0.458295142071494,2.016498625114574,1.0540788267644363,0.8707607699358386,0.916590284142988,DF,10.33,1177
2040.0,29,22.67,5,4,9,,,,Sergio Núñez 91,Rayo,MF,20,ESP,La Liga,2223,22,5,32,30,46,20,22,demo,0.22055580061755622,0.17644464049404499,0.3970004411116012,0.9704455227172474,0.22055580061755622,2.0291133656815172,1.4115571239523599,1.3233348037053374,0.8822232024702249,0.9704455227172474,MF,25.15,1178
1380.0,20,15.33,8,1,9,,,,Takefusa Ruiz 94,Valencia,"FW,MF",26,ARG,La Liga,2223,28,7,4,8,14,19,14,demo,0.5218525766470972,0.06523157208088715,0.5870841487279843,1.82648401826484,0.45662100456621,0.91324200913242,0.2609262883235486,0.5218525766470972,1.2393998695368558,0.91324200913242,FW,20.0,1179
2546.0,36,28.29,0,0,0,,,,Nico Núñez 96,Valencia,GK,22,FRA,La Liga,2425,0,0,3,1,0,21,35,demo,0.0,0.0,0.0,0.0,0.0,0.0,0.10604453870625663,0.03534817956875221,0.7423117709437964,1.2371862849063273,GK,16.2,1180
1404.0,20,15.6,2,2,4,,,,Álex Alonso 2,Rayo,MF,29,BRA,La Liga,2425,23,6,27,22,33,20,12,demo,0.12820512820512822,0.12820512820512822,0.25641025641025644,1.4743589743589745,0.38461538461538464,2.1153846153846154,1.7307692307692308,1.4102564102564104,1.2820512820512822,0.7692307692307693,MF,12.44,1181
796.0,11,8.84,3,1,4,,,,Carlos Alonso 3,Celta,MF,23,ARG,La Liga,2223,8,1,11,7,13,12,8,demo,0.3393665158371041,0.11312217194570136,0.45248868778280543,0.9049773755656109,0.11312217194570136,1.4705882352941178,1.244343891402715,0.7918552036199095,1.3574660633484164,0.9049773755656109,MF,22.22,1182
3131.0,38,34.79,6,11,17,,,,Yeremy Torres 8,Alavés,MF,30,NGA,La Liga,2425,39,10,52,50,62,35,34,demo,0.1724633515377982,0.3161828111526301,0.4886461626904283,1.1210117849956884,0.2874389192296637,1.782121299223915,1.4946823799942512,1.4371945961483186,1.0060362173038229,0.9772923253808566,MF,13.4,1183
922.0,13,10.24,2,1,3,,,,Iván Romero 12,Real Madrid,MF,26,URU,La Liga,2223,12,2,12,22,22,9,9,demo,0.1953125,0.09765625,0.29296875,1.171875,0.1953125,2.1484375,1.171875,2.1484375,0.87890625,0.87890625,MF,16.29,1184
2532.0,36,28.13,3,6,9,,,,Takefusa Romero 14,Rayo,MF,33,ARG,La Liga,2425,41,9,53,43,53,36,26,demo,0.10664770707429791,0.21329541414859582,0.3199431212228937,1.457518663348738,0.3199431212228937,1.8841094916459298,1.8841094916459298,1.5286171347316033,1.2797724848915748,0.9242801279772486,MF,8.32,1185
935.0,13,10.39,5,1,6,,,,Samu Pérez 17,Getafe,"FW,MF",34,ESP,La Liga,2425,25,9,2,5,13,4,13,demo,0.4812319538017324,0.09624639076034648,0.5774783445620789,2.4061597690086622,0.8662175168431183,1.2512030798845042,0.19249278152069296,0.4812319538017324,0.3849855630413859,1.2512030798845042,FW,8.52,1186
2621.0,37,29.12,5,9,14,,,,Nico Castro 18,Valencia,MF,35,POR,La Liga,2223,27,11,34,48,54,30,28,demo,0.1717032967032967,0.3090659340659341,0.4807692307692307,0.9271978021978021,0.37774725274725274,1.8543956043956042,1.1675824175824177,1.6483516483516483,1.0302197802197801,0.9615384615384615,MF,6.66,1187
1373.0,20,15.26,1,5,6,,,,Álex Sánchez 23,Sevilla,MF,17,ESP,La Liga,2425,21,6,15,15,25,19,16,demo,0.0655307994757536,0.32765399737876805,0.3931847968545216,1.3761467889908257,0.3931847968545216,1.6382699868938402,0.9829619921363041,0.9829619921363041,1.2450851900393185,1.0484927916120577,MF,28.84,1188
908.0,13,10.09,3,2,5,,,,Pedri López 24,Barcelona,FW,28,BRA,La Liga,2223,20,10,5,5,12,9,11,demo,0.29732408325074333,0.19821605550049554,0.49554013875123887,1.9821605550049555,0.9910802775024777,1.1892963330029733,0.49554013875123887,0.49554013875123887,0.89197224975223,1.0901883052527255,FW,16.15,1189
