minutes,mp,nineties,gls,ast,ga,gls_p90_raw,ast_p90_raw,ga_p90_raw,player,team,pos,age,nation,league,season,sh,sot,int,tklw,crs,fls,fld,source
180.0,2,2.0,0,0,0,0.0,0.0,0.0,Nabil Aberdin,Getafe,DF,20,fr FRA,La Liga,2324,0,0,0,0,0,1,1,fbref_cache
1400.0,23,15.6,0,1,1,0.0,0.06,0.06,Abner,Real Betis,DF,23,br BRA,La Liga,2324,4,0,16,18,26,17,2,fbref_cache
2312.0,27,25.7,0,0,0,0.0,0.0,0.0,Abdel Abqar,Alavés,DF,24,ma MAR,La Liga,2324,10,3,25,21,2,32,23,fbref_cache
1292.0,21,14.4,1,2,3,0.07,0.14,0.21,Marcos Acuña,Sevilla,"DF,MF",31,ar ARG,La Liga,2324,9,4,3,20,84,18,17,fbref_cache
238.0,4,2.6,0,0,0,0.0,0.0,0.0,Julen Agirrezabala,Athletic Club,GK,22,es ESP,La Liga,2324,0,0,0,0,0,0,0,fbref_cache
777.0,12,8.6,0,0,0,0.0,0.0,0.0,Lucien Agoume,Sevilla,MF,21,fr FRA,La Liga,2324,6,2,7,16,3,19,2,fbref_cache
407.0,6,4.5,0,0,0,0.0,0.0,0.0,Joseph Aidoo,Celta Vigo,DF,27,gh GHA,La Liga,2324,3,0,3,3,0,4,0,fbref_cache
1511.0,31,16.8,2,2,4,0.12,0.12,0.24,Ilias Akhomach,Villarreal,MF,19,ma MAR,La Liga,2324,30,7,13,21,29,42,34,fbref_cache
1675.0,19,18.6,2,0,2,0.11,0.0,0.11,Sergio Akieme,Almería,"DF,MF",25,es ESP,La Liga,2324,9,5,10,15,56,18,17,fbref_cache
27.0,2,0.3,0,0,0,0.0,0.0,0.0,Paul Akouokou,Real Betis,MF,25,ci CIV,La Liga,2324,0,0,1,3,0,1,1,fbref_cache
1154.0,14,12.8,0,1,1,0.0,0.08,0.08,David Alaba,Real Madrid,DF,31,at AUT,La Liga,2324,14,4,15,9,17,4,0,fbref_cache
2031.0,26,22.6,0,1,1,0.0,0.04,0.04,Raúl Albiol,Villarreal,DF,37,es ESP,La Liga,2324,6,1,17,15,0,21,8,fbref_cache
3134.0,36,34.8,3,1,4,0.09,0.03,0.11,Rubén Alcaraz,Cádiz,MF,32,es ESP,La Liga,2324,48,12,30,65,36,84,71,fbref_cache
2195.0,31,24.4,0,1,1,0.0,0.04,0.04,Omar Alderete,Getafe,DF,26,py PAR,La Liga,2324,24,5,14,20,5,34,11,fbref_cache
1692.0,30,18.8,0,2,2,0.0,0.11,0.11,Iván Alejo,Cádiz,MF,28,es ESP,La Liga,2324,11,2,6,23,151,49,49,fbref_cache
1020.0,29,11.3,1,1,2,0.09,0.09,0.18,Carles Aleñá,Getafe,MF,25,es ESP,La Liga,2324,16,5,4,9,32,22,18,fbref_cache
249.0,11,2.8,0,0,0,0.0,0.0,0.0,Mohamed Ali Cho,Real Sociedad,FW,19,fr FRA,La Liga,2324,3,0,1,3,11,5,6,fbref_cache
336.0,10,3.7,1,0,1,0.27,0.0,0.27,Tadeo Allende,Celta Vigo,MF,24,ar ARG,La Liga,2324,8,2,3,2,9,2,3,fbref_cache
965.0,18,10.7,2,1,3,0.19,0.09,0.28,André Almeida,Valencia,"FW,MF",23,pt POR,La Liga,2324,10,4,3,14,16,12,20,fbref_cache
252.0,5,2.8,0,0,0,0.0,0.0,0.0,Marcos Alonso,Barcelona,DF,32,es ESP,La Liga,2324,3,2,3,3,15,7,6,fbref_cache
775.0,11,8.6,0,0,0,0.0,0.0,0.0,Adrià Altimira,Villarreal,"DF,MF",22,es ESP,La Liga,2324,1,0,5,7,5,12,4,fbref_cache
568.0,14,6.3,1,0,1,0.16,0.0,0.16,Sergi Altimira,Real Betis,MF,21,es ESP,La Liga,2324,7,2,8,8,1,8,8,fbref_cache
2537.0,34,28.2,2,0,2,0.07,0.0,0.07,Gastón Álvarez,Getafe,DF,23,uy URU,La Liga,2324,14,3,34,38,25,43,10,fbref_cache
762.0,12,8.5,1,1,2,0.12,0.12,0.24,Hugo Álvarez,Celta Vigo,"MF,FW",20,es ESP,La Liga,2324,12,4,5,9,22,9,9,fbref_cache
1152.0,19,12.8,0,0,0,0.0,0.0,0.0,Yeray Álvarez,Athletic Club,DF,28,es ESP,La Liga,2324,7,2,10,9,1,15,14,fbref_cache
604.0,20,6.7,0,1,1,0.0,0.15,0.15,Selim Amallah,Valencia,"MF,FW",26,ma MAR,La Liga,2324,11,5,10,12,3,21,24,fbref_cache
394.0,15,4.4,0,0,0,0.0,0.0,0.0,Amath,Mallorca,"FW,MF",27,sn SEN,La Liga,2324,12,3,3,6,7,10,7,fbref_cache
1560.0,19,17.3,1,0,1,0.06,0.0,0.06,Miguel Ángel Rubio,Granada,DF,25,es ESP,La Liga,2324,9,2,27,14,1,20,11,fbref_cache
164.0,11,1.8,0,0,0,0.0,0.0,0.0,Fabrizio Angileri,Getafe,DF,29,ar ARG,La Liga,2324,0,0,4,1,8,1,1,fbref_cache
339.0,7,3.8,0,0,0,0.0,0.0,0.0,Mauro Arambarri,Getafe,MF,27,uy URU,La Liga,2324,9,2,1,2,6,18,3,fbref_cache
543.0,11,6.0,0,0,0,0.0,0.0,0.0,Jon Aramburu,Real Sociedad,"DF,MF",21,ve VEN,La Liga,2324,4,0,7,15,7,11,5,fbref_cache
1462.0,25,16.2,1,0,1,0.06,0.0,0.06,Julian Araujo,Las Palmas,DF,21,mx MEX,La Liga,2324,7,2,10,21,22,13,9,fbref_cache
1997.0,25,22.2,1,2,3,0.05,0.09,0.14,Ronald Araújo,Barcelona,DF,24,uy URU,La Liga,2324,23,9,10,22,7,25,9,fbref_cache
265.0,12,2.9,0,0,0,0.0,0.0,0.0,Adu Ares,Athletic Club,MF,21,es ESP,La Liga,2324,4,0,1,4,11,5,12,fbref_cache
2660.0,37,29.6,1,6,7,0.03,0.2,0.24,Jesús Areso,Osasuna,"DF,MF",24,es ESP,La Liga,2324,9,2,20,26,113,30,20,fbref_cache
369.0,14,4.1,0,0,0,0.0,0.0,0.0,Matias Arezo,Granada,FW,20,uy URU,La Liga,2324,12,4,2,3,4,6,1,fbref_cache
17.0,1,0.2,0,0,0,0.0,0.0,0.0,Iñigo Arguibide,Osasuna,FW,18,es ESP,La Liga,2324,0,0,0,0,0,1,0,fbref_cache
929.0,26,10.3,2,1,3,0.19,0.1,0.29,José Arnaiz,Osasuna,"FW,MF",28,es ESP,La Liga,2324,29,9,3,8,45,8,19,fbref_cache
2047.0,34,22.7,9,4,13,0.4,0.18,0.57,Sergio Arribas,Almería,"MF,FW",21,es ESP,La Liga,2324,60,22,14,17,59,14,42,fbref_cache
1198.0,14,13.3,0,0,0,0.0,0.0,0.0,Kepa Arrizabalaga,Real Madrid,GK,28,es ESP,La Liga,2324,0,0,0,0,0,0,2,fbref_cache
2707.0,35,30.1,9,10,19,0.3,0.33,0.63,Iago Aspas,Celta Vigo,FW,35,es ESP,La Liga,2324,78,28,8,6,149,19,59,fbref_cache
864.0,17,9.6,1,3,4,0.1,0.31,0.42,Ezequiel Ávila,Osasuna,"FW,MF",29,ar ARG,La Liga,2324,27,6,4,2,80,8,20,fbref_cache
298.0,6,3.3,1,0,1,0.3,0.0,0.3,Ezequiel Ávila,Real Betis,"MF,FW",29,ar ARG,La Liga,2324,9,3,1,1,12,3,12,fbref_cache
1423.0,25,15.8,0,2,2,0.0,0.13,0.13,César Azpilicueta,Atlético Madrid,"DF,MF",33,es ESP,La Liga,2324,2,2,16,15,11,29,12,fbref_cache
1430.0,25,15.9,0,0,0,0.0,0.0,0.0,Iddrisu Baba,Almería,MF,27,gh GHA,La Liga,2324,8,2,11,24,4,29,34,fbref_cache
90.0,1,1.0,0,0,0,0.0,0.0,0.0,Srđan Babić,Almería,DF,27,rs SRB,La Liga,2324,1,0,0,2,0,2,0,fbref_cache
2277.0,28,25.3,0,1,1,0.0,0.04,0.04,Loïc Bade,Sevilla,DF,23,fr FRA,La Liga,2324,14,3,38,42,2,24,10,fbref_cache
2579.0,34,28.7,2,14,16,0.07,0.49,0.56,Álex Baena,Villarreal,"MF,FW",22,es ESP,La Liga,2324,73,26,14,20,173,52,57,fbref_cache
839.0,10,9.3,0,0,0,0.0,0.0,0.0,Eric Bailly,Villarreal,DF,29,ci CIV,La Liga,2324,2,0,8,3,0,6,5,fbref_cache
194.0,4,2.2,0,0,0,0.0,0.0,0.0,Cédric Bakambu,Real Betis,FW,32,cd COD,La Liga,2324,4,1,0,0,0,4,3,fbref_cache
1378.0,18,15.3,0,1,1,0.0,0.07,0.07,Alejandro Balde,Barcelona,"DF,MF",19,es ESP,La Liga,2324,5,1,5,9,37,8,18,fbref_cache
2873.0,33,31.9,0,1,1,0.0,0.03,0.03,Iván Balliu,Rayo Vallecano,DF,31,al ALB,La Liga,2324,11,4,28,31,69,41,30,fbref_cache
1981.0,27,22.0,3,2,5,0.14,0.09,0.23,Jonathan Bamba,Celta Vigo,"MF,FW",27,ci CIV,La Liga,2324,41,16,17,8,50,15,65,fbref_cache
1837.0,32,20.4,6,0,6,0.29,0.0,0.29,Léo Baptistão,Almería,"FW,MF",30,br BRA,La Liga,2324,48,18,12,16,26,21,29,fbref_cache
303.0,16,3.4,0,0,0,0.0,0.0,0.0,Kike Barja,Osasuna,"FW,MF",26,es ESP,La Liga,2324,4,2,3,2,23,8,4,fbref_cache
1427.0,29,15.9,4,1,5,0.25,0.06,0.32,Ander Barrenetxea,Real Sociedad,"MF,FW",21,es ESP,La Liga,2324,37,12,7,21,46,27,22,fbref_cache
1555.0,24,17.3,0,1,1,0.0,0.06,0.06,Pablo Barrios,Atlético Madrid,MF,20,es ESP,La Liga,2324,17,7,27,25,16,23,24,fbref_cache
225.0,3,2.5,0,0,0,0.0,0.0,0.0,Marc Bartra,Real Betis,DF,32,es ESP,La Liga,2324,3,0,2,3,0,4,1,fbref_cache
1530.0,17,17.0,0,0,0,0.0,0.0,0.0,Augusto Batalla,Granada,GK,27,ar ARG,La Liga,2324,1,0,0,0,0,0,2,fbref_cache
212.0,19,2.4,2,0,2,0.85,0.0,0.85,Bebé,Rayo Vallecano,"FW,MF",33,cv CPV,La Liga,2324,16,5,0,2,28,0,2,fbref_cache
771.0,15,8.6,2,2,4,0.23,0.23,0.47,Sheraldo Becker,Real Sociedad,"FW,MF",28,sr SUR,La Liga,2324,21,10,1,3,45,11,5,fbref_cache
1711.0,23,19.0,0,1,1,0.0,0.05,0.05,Héctor Bellerín,Real Betis,DF,28,es ESP,La Liga,2324,2,0,21,22,39,21,10,fbref_cache
2315.0,28,25.7,19,6,25,0.74,0.23,0.97,Jude Bellingham,Real Madrid,"MF,FW",20,eng ENG,La Liga,2324,63,35,20,35,22,32,72,fbref_cache
2428.0,33,27.0,0,0,0,0.0,0.0,0.0,Fran Beltrán,Celta Vigo,MF,24,es ESP,La Liga,2324,21,3,19,34,19,28,16,fbref_cache
1136.0,29,12.6,3,1,4,0.24,0.08,0.32,Carlos Benavídez,Alavés,MF,25,uy URU,La Liga,2324,14,7,18,35,6,37,9,fbref_cache
1930.0,27,21.4,3,1,4,0.14,0.05,0.19,Yuri Berchiche,Athletic Club,DF,33,es ESP,La Liga,2324,18,6,19,26,43,29,33,fbref_cache
1592.0,35,17.7,7,3,10,0.4,0.17,0.57,Álex Berenguer,Athletic Club,MF,28,es ESP,La Liga,2324,32,12,5,15,139,30,22,fbref_cache
2426.0,33,27.0,0,1,1,0.0,0.04,0.04,Antonio Blanco,Alavés,MF,23,es ESP,La Liga,2324,20,3,33,37,14,35,40,fbref_cache
2972.0,34,33.0,1,2,3,0.03,0.06,0.09,Daley Blind,Girona,DF,33,nl NED,La Liga,2324,17,6,19,21,16,19,12,fbref_cache
26.0,1,0.3,0,0,0,0.0,0.0,0.0,Adri Bosch,Granada,DF,22,es ESP,La Liga,2324,0,0,0,1,0,0,0,fbref_cache
90.0,1,1.0,0,0,0,0.0,0.0,0.0,Yassine Bounou,Sevilla,GK,32,ma MAR,La Liga,2324,0,0,0,0,0,0,0,fbref_cache
2541.0,31,28.2,6,3,9,0.21,0.11,0.32,Lucas Boyé,Granada,FW,27,ar ARG,La Liga,2324,56,15,12,25,13,72,43,fbref_cache
48.0,2,0.5,0,0,0,0.0,0.0,0.0,Darko Brašanac,Osasuna,MF,31,rs SRB,La Liga,2324,0,0,0,0,1,1,0,fbref_cache
31.0,1,0.3,0,0,0,0.0,0.0,0.0,Brau,Granada,DF,21,es ESP,La Liga,2324,0,0,0,0,1,0,0,fbref_cache
630.0,7,7.0,0,0,0,0.0,0.0,0.0,Claudio Bravo,Real Betis,GK,40,cl CHI,La Liga,2324,0,0,0,0,0,0,1,fbref_cache
270.0,14,3.0,0,0,0,0.0,0.0,0.0,Ben Brereton Díaz,Villarreal,"MF,FW",24,cl CHI,La Liga,2324,5,1,0,2,4,5,4,fbref_cache
2435.0,33,27.1,17,2,19,0.63,0.07,0.7,Ante Budimir,Osasuna,FW,32,hr CRO,La Liga,2324,76,35,5,13,9,40,26,fbref_cache
117.0,4,1.3,0,0,0,0.0,0.0,0.0,Manu Bueno,Sevilla,MF,19,es ESP,La Liga,2324,1,0,0,2,0,1,2,fbref_cache
44.0,2,0.5,0,0,0,0.0,0.0,0.0,Pablo Busto,Real Betis,DF,17,es ESP,La Liga,2324,1,0,1,1,1,0,1,fbref_cache
803.0,25,8.9,0,1,1,0.0,0.11,0.11,José Callejón,Granada,"MF,FW",36,es ESP,La Liga,2324,11,3,5,5,35,12,21,fbref_cache
1817.0,31,20.2,0,2,2,0.0,0.1,0.1,Eduardo Camavinga,Real Madrid,MF,20,fr FRA,La Liga,2324,17,7,26,48,4,49,68,fbref_cache
1661.0,31,18.5,3,1,4,0.16,0.05,0.22,Sergio Camello,Rayo Vallecano,FW,22,es ESP,La Liga,2324,34,13,3,6,2,18,11,fbref_cache
171.0,8,1.9,0,0,0,0.0,0.0,0.0,José Campaña,Las Palmas,MF,30,es ESP,La Liga,2324,1,0,2,2,4,0,5,fbref_cache
2503.0,32,27.8,2,4,6,0.07,0.14,0.22,João Cancelo,Barcelona,DF,29,pt POR,La Liga,2324,31,10,33,47,82,39,26,fbref_cache
1229.0,27,13.7,1,2,3,0.07,0.15,0.22,Sergi Canós,Valencia,MF,26,es ESP,La Liga,2324,43,17,11,13,36,17,16,fbref_cache
1455.0,32,16.2,1,1,2,0.06,0.06,0.12,Étienne Capoue,Villarreal,MF,35,fr FRA,La Liga,2324,14,5,23,21,7,25,41,fbref_cache
2611.0,35,29.0,0,0,0,0.0,0.0,0.0,Isaac Carcelen,Cádiz,DF,30,es ESP,La Liga,2324,10,3,23,32,67,16,44,fbref_cache
90.0,1,1.0,0,0,0,0.0,0.0,0.0,Dani Cárdenas,Rayo Vallecano,GK,26,es ESP,La Liga,2324,0,0,0,0,0,0,0,fbref_cache
737.0,26,8.2,4,1,5,0.49,0.12,0.61,Marc Cardona,Las Palmas,FW,28,es ESP,La Liga,2324,22,11,2,8,5,12,19,fbref_cache
2814.0,35,31.3,1,2,3,0.03,0.06,0.1,Sergi Cardona,Las Palmas,DF,24,es ESP,La Liga,2324,26,5,45,58,89,52,59,fbref_cache
1328.0,17,14.8,1,2,3,0.07,0.14,0.2,Johnny Cardoso,Real Betis,MF,21,us USA,La Liga,2324,12,3,31,30,3,21,19,fbref_cache
1313.0,30,14.6,1,1,2,0.07,0.07,0.14,Carmona,Getafe,"MF,DF",21,es ESP,La Liga,2324,12,3,22,21,29,33,23,fbref_cache
221.0,3,2.5,0,1,1,0.0,0.41,0.41,Yannick Carrasco,Atlético Madrid,"DF,MF",29,be BEL,La Liga,2324,2,1,1,4,8,2,2,fbref_cache
475.0,13,5.3,0,0,0,0.0,0.0,0.0,Álvaro Carreras,Granada,"MF,FW",20,es ESP,La Liga,2324,7,1,8,7,15,6,11,fbref_cache
2171.0,28,24.1,4,3,7,0.17,0.12,0.29,Dani Carvajal,Real Madrid,DF,31,es ESP,La Liga,2324,18,10,20,38,50,23,19,fbref_cache
680.0,22,7.6,1,3,4,0.13,0.4,0.53,William Carvalho,Real Betis,MF,31,pt POR,La Liga,2324,8,3,8,12,4,13,5,fbref_cache
15.0,2,0.2,0,0,0,0.0,0.0,0.0,Marc Casado,Barcelona,MF,19,es ESP,La Liga,2324,0,0,1,1,0,0,2,fbref_cache
2534.0,30,28.2,1,3,4,0.04,0.11,0.14,Catena,Osasuna,DF,28,es ESP,La Liga,2324,18,5,16,20,0,47,14,fbref_cache
598.0,20,6.6,0,2,2,0.0,0.3,0.3,Dani Ceballos,Real Madrid,MF,26,es ESP,La Liga,2324,7,1,0,5,8,5,19,fbref_cache
980.0,14,10.9,0,1,1,0.0,0.09,0.09,Álex Centelles,Almería,DF,25,es ESP,La Liga,2324,2,1,16,7,43,10,13,fbref_cache
546.0,17,6.1,0,1,1,0.0,0.16,0.16,Franco Cervi,Celta Vigo,"MF,DF",29,ar ARG,La Liga,2324,9,1,9,19,18,6,19,fbref_cache
1167.0,22,13.0,1,1,2,0.08,0.08,0.15,Pep Chavarría,Rayo Vallecano,"DF,MF",25,es ESP,La Liga,2324,11,2,8,16,71,8,22,fbref_cache
1979.0,30,22.0,2,2,4,0.09,0.09,0.18,Andreas Christensen,Barcelona,"DF,MF",27,dk DEN,La Liga,2324,12,4,20,15,0,26,10,fbref_cache
2434.0,31,27.0,0,1,1,0.0,0.04,0.04,Chumi,Almería,DF,24,es ESP,La Liga,2324,5,1,15,23,2,23,8,fbref_cache
1864.0,22,20.7,0,1,1,0.0,0.05,0.05,Víctor Chust,Cádiz,DF,23,es ESP,La Liga,2324,4,0,12,17,2,15,4,fbref_cache
1664.0,31,18.5,1,0,1,0.05,0.0,0.05,Pathé Ciss,Rayo Vallecano,MF,29,sn SEN,La Liga,2324,22,8,28,24,3,27,29,fbref_cache
1.0,1,0.0,0,0,0,0.0,0.0,0.0,Silvi Clúa,Girona,MF,18,es ESP,La Liga,2324,0,0,0,0,0,1,0,fbref_cache
2295.0,30,25.5,1,0,1,0.04,0.0,0.04,Saúl Coco,Las Palmas,DF,24,gq EQG,La Liga,2324,20,4,19,20,1,19,24,fbref_cache
1653.0,27,18.4,2,0,2,0.11,0.0,0.11,Santi Comesaña,Villarreal,MF,26,es ESP,La Liga,2324,17,7,22,23,5,33,22,fbref_cache
1333.0,19,14.8,1,1,2,0.07,0.07,0.14,Copete,Mallorca,DF,23,es ESP,La Liga,2324,7,1,33,26,9,36,13,fbref_cache
910.0,17,10.1,0,0,0,0.0,0.0,0.0,Francis Coquelin,Villarreal,MF,32,fr FRA,La Liga,2324,3,0,15,12,3,18,8,fbref_cache
182.0,9,2.0,1,0,1,0.49,0.0,0.49,Theo Corbeanu,Granada,MF,21,ca CAN,La Liga,2324,5,2,2,2,12,2,1,fbref_cache
17.0,2,0.2,0,0,0,0.0,0.0,0.0,Jesús Corona,Sevilla,"DF,FW",30,mx MEX,La Liga,2324,0,0,1,0,2,1,0,fbref_cache
1528.0,32,17.0,9,2,11,0.53,0.12,0.65,Ángel Correa,Atlético Madrid,"FW,MF",28,ar ARG,La Liga,2324,43,20,2,14,41,24,32,fbref_cache
2154.0,31,23.9,0,2,2,0.0,0.08,0.08,Thierry Correia,Valencia,DF,24,pt POR,La Liga,2324,5,2,31,36,47,41,41,fbref_cache
1682.0,30,18.7,0,1,1,0.0,0.05,0.05,Jaume Costa,Mallorca,"DF,MF",35,es ESP,La Liga,2324,6,2,16,21,63,25,22,fbref_cache
2303.0,34,25.6,1,1,2,0.04,0.04,0.08,Samu Costa,Mallorca,MF,22,pt POR,La Liga,2324,22,3,37,56,24,62,49,fbref_cache
332.0,4,3.7,0,0,0,0.0,0.0,0.0,Thibaut Courtois,Real Madrid,GK,31,be BEL,La Liga,2324,0,0,0,0,0,0,1,fbref_cache
2245.0,34,24.9,1,8,9,0.04,0.32,0.36,Yan Couto,Girona,"MF,DF",21,br BRA,La Liga,2324,29,11,10,33,111,34,42,fbref_cache
527.0,15,5.9,0,0,0,0.0,0.0,0.0,Crespo,Rayo Vallecano,MF,26,pt POR,La Liga,2324,3,0,11,7,3,19,22,fbref_cache
57.0,1,0.6,0,0,0,0.0,0.0,0.0,Cristian,Valencia,GK,25,es ESP,La Liga,2324,0,0,0,0,0,0,0,fbref_cache
1667.0,26,18.5,0,1,1,0.0,0.05,0.05,Juan Cruz Armada,Osasuna,DF,31,es ESP,La Liga,2324,3,0,12,15,21,20,4,fbref_cache
76.0,5,0.8,0,0,0,0.0,0.0,0.0,Juan Cruz,Real Betis,MF,23,es ESP,La Liga,2324,2,0,0,0,0,2,2,fbref_cache
1558.0,19,17.3,0,0,0,0.0,0.0,0.0,Pau Cubarsí,Barcelona,DF,16,es ESP,La Liga,2324,3,0,11,13,1,15,2,fbref_cache
90.0,1,1.0,0,0,0,0.0,0.0,0.0,Iván Cuéllar,Mallorca,GK,39,es ESP,La Liga,2324,0,0,0,0,0,0,0,fbref_cache
1963.0,29,21.8,3,1,4,0.14,0.05,0.18,Jorge Cuenca,Villarreal,DF,23,es ESP,La Liga,2324,20,7,20,27,13,25,12,fbref_cache
102.0,2,1.1,0,0,0,0.0,0.0,0.0,Eric Curbelo,Las Palmas,DF,29,es ESP,La Liga,2324,0,0,2,3,0,0,0,fbref_cache
28.0,1,0.3,0,0,0,0.0,0.0,0.0,Alberto Dadie,Real Sociedad,DF,21,es ESP,La Liga,2324,0,0,0,1,1,4,0,fbref_cache
2157.0,36,24.0,2,5,7,0.08,0.21,0.29,Sergi Darder,Mallorca,MF,29,es ESP,La Liga,2324,32,12,16,25,147,19,35,fbref_cache
2075.0,34,23.1,3,5,8,0.13,0.22,0.35,Rodrigo De Paul,Atlético Madrid,MF,29,ar ARG,La Liga,2324,30,12,11,21,45,26,59,fbref_cache
1073.0,14,11.9,1,0,1,0.08,0.0,0.08,Mouctar Diakhaby,Valencia,"DF,MF",26,gn GUI,La Liga,2324,7,3,11,13,0,9,2,fbref_cache
1.0,1,0.0,0,0,0,0.0,0.0,0.0,Moussa Diakité,Cádiz,MF,19,ml MLI,La Liga,2324,0,0,0,0,0,0,0,fbref_cache
1048.0,18,11.6,2,0,2,0.17,0.0,0.17,Assane Diao,Real Betis,MF,17,sn SEN,La Liga,2324,21,3,7,12,9,12,22,fbref_cache
1545.0,31,17.2,8,6,14,0.47,0.35,0.82,Brahim Díaz,Real Madrid,"MF,FW",23,ma MAR,La Liga,2324,38,17,5,18,32,22,42,fbref_cache
162.0,4,1.8,0,0,0,0.0,0.0,0.0,Víctor Díaz,Granada,DF,35,es ESP,La Liga,2324,0,0,1,3,0,0,0,fbref_cache
89.0,8,1.0,0,1,1,0.0,1.01,1.01,Famara Diedhiou,Granada,FW,30,sn SEN,La Liga,2324,5,3,0,1,2,6,3,fbref_cache
3330.0,37,37.0,0,0,0,0.0,0.0,0.0,Stole Dimitrievski,Rayo Vallecano,GK,29,mk MKD,La Liga,2324,0,0,0,1,0,0,3,fbref_cache
2484.0,33,27.6,0,0,0,0.0,0.0,0.0,Djené,Getafe,"DF,MF",31,tg TOG,La Liga,2324,6,1,23,20,32,51,37,fbref_cache
1170.0,13,13.0,0,0,0,0.0,0.0,0.0,Marko Dmitrović,Sevilla,GK,31,rs SRB,La Liga,2324,0,0,1,1,0,0,1,fbref_cache
79.0,2,0.9,0,0,0,0.0,0.0,0.0,Jaume Doménech,Valencia,GK,32,es ESP,La Liga,2324,0,0,0,0,0,0,1,fbref_cache
1584.0,22,17.6,0,0,0,0.0,0.0,0.0,Carlos Dominguez,Celta Vigo,DF,22,es ESP,La Liga,2324,5,0,22,21,3,15,8,fbref_cache
25.0,3,0.3,0,0,0,0.0,0.0,0.0,Mario Dominguez,Valencia,MF,19,es ESP,La Liga,2324,3,1,0,0,1,0,0,fbref_cache
708.0,17,7.9,0,0,0,0.0,0.0,0.0,Carlos Dotor,Celta Vigo,MF,22,es ESP,La Liga,2324,4,0,4,7,8,13,10,fbref_cache
905.0,32,10.1,7,1,8,0.7,0.1,0.8,Anastasios Douvikas,Celta Vigo,FW,23,gr GRE,La Liga,2324,26,15,0,7,3,17,30,fbref_cache
2587.0,36,28.7,24,8,32,0.83,0.28,1.11,Artem Dovbyk,Girona,FW,26,ua UKR,La Liga,2324,85,46,0,3,1,27,13,fbref_cache
907.0,15,10.1,0,0,0,0.0,0.0,0.0,Domingos Duarte,Getafe,DF,28,pt POR,La Liga,2324,1,0,9,4,2,8,8,fbref_cache
1878.0,28,20.9,2,1,3,0.1,0.05,0.14,Rubén Duarte,Alavés,DF,27,es ESP,La Liga,2324,15,5,20,17,71,31,31,fbref_cache
2976.0,37,33.1,13,2,15,0.39,0.06,0.45,Hugo Duro,Valencia,FW,23,es ESP,La Liga,2324,66,29,6,8,7,41,95,fbref_cache
812.0,15,9.0,0,1,1,0.0,0.11,0.11,Aritz Elustondo,Real Sociedad,DF,29,es ESP,La Liga,2324,6,2,5,7,1,9,10,fbref_cache
2476.0,36,27.5,3,2,5,0.11,0.07,0.18,Adri Embarba,Almería,"MF,FW",31,es ESP,La Liga,2324,64,25,15,38,172,37,41,fbref_cache
2570.0,33,28.6,16,2,18,0.56,0.07,0.63,Youssef En-Nesyri,Sevilla,FW,26,ma MAR,La Liga,2324,73,30,8,7,5,21,21,fbref_cache
1697.0,25,18.9,1,2,3,0.05,0.11,0.16,Gonzalo Escalante,Cádiz,MF,30,ar ARG,La Liga,2324,14,3,27,23,6,31,14,fbref_cache
153.0,2,1.7,0,0,0,0.0,0.0,0.0,Aarón Escandell,Las Palmas,GK,27,es ESP,La Liga,2324,0,0,0,0,0,0,0,fbref_cache
2507.0,31,27.9,0,1,1,0.0,0.04,0.04,Alfonso Espino,Rayo Vallecano,DF,31,uy URU,La Liga,2324,18,5,40,45,49,45,41,fbref_cache
2.0,2,0.0,0,0,0,0.0,0.0,0.0,Bernardo Espinosa,Girona,DF,34,co COL,La Liga,2324,0,0,0,1,0,0,1,fbref_cache
21.0,1,0.2,0,0,0,0.0,0.0,0.0,Karl Etta Eyong,Cádiz,FW,19,cm CMR,La Liga,2324,0,0,0,1,0,1,0,fbref_cache
865.0,26,9.6,1,0,1,0.1,0.0,0.1,Abde Ezzalzouli,Real Betis,MF,21,ma MAR,La Liga,2324,34,9,5,14,33,9,16,fbref_cache
68.0,2,0.8,0,0,0,0.0,0.0,0.0,Abde Ezzalzouli,Barcelona,"FW,MF",21,ma MAR,La Liga,2324,4,1,0,1,7,1,3,fbref_cache
407.0,22,4.5,1,0,1,0.22,0.0,0.22,Radamel Falcao,Rayo Vallecano,FW,37,co COL,La Liga,2324,17,7,3,6,1,15,10,fbref_cache
2547.0,30,28.3,0,0,0,0.0,0.0,0.0,Fali,Cádiz,DF,29,es ESP,La Liga,2324,11,3,27,25,8,23,19,fbref_cache
50.0,3,0.6,0,0,0,0.0,0.0,0.0,Ansu Fati,Barcelona,"FW,MF",20,es ESP,La Liga,2324,7,1,1,0,0,0,4,fbref_cache
1049.0,19,11.7,1,2,3,0.09,0.17,0.26,Nabil Fekir,Real Betis,"MF,FW",30,fr FRA,La Liga,2324,27,9,6,9,55,22,35,fbref_cache
360.0,4,4.0,0,0,0,0.0,0.0,0.0,Luiz Felipe,Real Betis,DF,26,it ITA,La Liga,2324,2,0,4,3,0,2,1,fbref_cache
1540.0,30,17.1,7,3,10,0.41,0.18,0.58,João Félix,Barcelona,FW,23,pt POR,La Liga,2324,61,25,11,16,18,21,54,fbref_cache
1583.0,23,17.6,0,0,0,0.0,0.0,0.0,Kiko Femenía,Villarreal,DF,32,es ESP,La Liga,2324,1,0,31,26,28,24,3,fbref_cache
551.0,7,6.1,0,0,0,0.0,0.0,0.0,Aitor Fernández,Osasuna,GK,32,es ESP,La Liga,2324,0,0,0,0,0,0,0,fbref_cache
1285.0,26,14.3,0,1,1,0.0,0.07,0.07,Álex Fernández,Cádiz,MF,30,es ESP,La Liga,2324,7,1,15,9,35,5,16,fbref_cache
408.0,10,4.5,2,1,3,0.44,0.22,0.66,Carlos Fernández,Real Sociedad,FW,27,es ESP,La Liga,2324,9,4,0,9,1,15,3,fbref_cache
280.0,4,3.1,0,0,0,0.0,0.0,0.0,Raúl Fernández,Granada,GK,35,es ESP,La Liga,2324,0,0,0,0,0,0,0,fbref_cache
506.0,27,5.6,2,0,2,0.36,0.0,0.36,Valery Fernández,Girona,MF,23,es ESP,La Liga,2324,5,2,1,9,13,7,13,fbref_cache
459.0,8,5.1,0,0,0,0.0,0.0,0.0,Fernando,Sevilla,MF,36,br BRA,La Liga,2324,1,0,8,8,4,6,3,fbref_cache
360.0,4,4.0,0,0,0,0.0,0.0,0.0,Fernando,Almería,GK,33,es ESP,La Liga,2324,0,0,0,0,0,0,0,fbref_cache
1340.0,15,14.9,0,0,0,0.0,0.0,0.0,André Ferreira,Granada,GK,27,pt POR,La Liga,2324,0,0,0,0,0,2,2,fbref_cache
17.0,1,0.2,0,0,0,0.0,0.0,0.0,Rachad Fettal,Almería,FW,18,ma MAR,La Liga,2324,1,0,0,0,0,1,0,fbref_cache
1148.0,15,12.8,3,2,5,0.24,0.16,0.39,Pablo Fornals,Real Betis,MF,27,es ESP,La Liga,2324,17,6,21,17,51,13,14,fbref_cache
318.0,7,3.5,0,2,2,0.0,0.57,0.57,Héctor Fort,Barcelona,DF,16,es ESP,La Liga,2324,1,0,2,6,6,8,1,fbref_cache
1842.0,33,20.5,0,0,0,0.0,0.0,0.0,Dimitri Foulquier,Valencia,"DF,MF",30,fr FRA,La Liga,2324,7,1,14,21,43,24,28,fbref_cache
1062.0,12,11.8,1,1,2,0.08,0.08,0.17,Juan Foyth,Villarreal,DF,25,ar ARG,La Liga,2324,6,2,12,16,18,18,7,fbref_cache
1549.0,36,17.2,2,0,2,0.12,0.0,0.12,Jorge de Frutos,Rayo Vallecano,MF,26,es ESP,La Liga,2324,29,11,7,8,54,15,25,fbref_cache
7.0,1,0.1,0,0,0,0.0,0.0,0.0,Daniel Fuzato,Getafe,GK,26,br BRA,La Liga,2324,0,0,0,0,0,0,0,fbref_cache
477.0,7,5.3,0,0,0,0.0,0.0,0.0,Matteo Gabbia,Villarreal,DF,23,it ITA,La Liga,2324,0,0,7,6,0,9,3,fbref_cache
88.0,5,1.0,0,0,0,0.0,0.0,0.0,Javi Galán,Atlético Madrid,"DF,MF",28,es ESP,La Liga,2324,0,0,1,3,6,1,4,fbref_cache
1075.0,14,11.9,0,1,1,0.0,0.08,0.08,Javi Galán,Real Sociedad,DF,28,es ESP,La Liga,2324,3,1,12,21,46,22,19,fbref_cache
2091.0,29,23.2,1,1,2,0.04,0.04,0.09,Iñigo Ruiz de Galarreta,Athletic Club,MF,29,es ESP,La Liga,2324,11,2,12,32,58,54,41,fbref_cache
3199.0,37,35.5,3,6,9,0.08,0.17,0.25,Aleix García,Girona,MF,26,es ESP,La Liga,2324,39,12,36,30,188,29,36,fbref_cache
2475.0,32,27.5,6,1,7,0.22,0.04,0.25,Álvaro García,Rayo Vallecano,MF,30,es ESP,La Liga,2324,45,17,36,26,121,25,23,fbref_cache
745.0,17,8.3,1,0,1,0.12,0.0,0.12,Dani García,Athletic Club,MF,33,es ESP,La Liga,2324,6,3,8,11,0,11,7,fbref_cache
2334.0,27,25.9,0,1,1,0.0,0.04,0.04,David García,Osasuna,DF,29,es ESP,La Liga,2324,15,2,20,17,2,33,13,fbref_cache
57.0,2,0.6,0,0,0,0.0,0.0,0.0,Eric García,Barcelona,"DF,MF",22,es ESP,La Liga,2324,1,0,0,0,0,1,0,fbref_cache
2637.0,30,29.3,5,0,5,0.17,0.0,0.17,Eric García,Girona,DF,22,es ESP,La Liga,2324,16,6,29,40,10,24,26,fbref_cache
1398.0,25,15.5,1,5,6,0.06,0.32,0.39,Fran Garcia,Real Madrid,DF,23,es ESP,La Liga,2324,9,1,20,16,60,10,15,fbref_cache
19.0,2,0.2,0,0,0,0.0,0.0,0.0,Gonzalo García,Real Madrid,FW,19,es ESP,La Liga,2324,1,1,0,0,0,0,1,fbref_cache
32.0,3,0.4,0,0,0,0.0,0.0,0.0,Jastin García,Girona,FW,19,es ESP,La Liga,2324,0,0,0,0,1,0,2,fbref_cache
420.0,20,4.7,1,0,1,0.21,0.0,0.21,Raúl García,Athletic Club,FW,37,es ESP,La Liga,2324,10,1,2,6,6,20,10,fbref_cache
1547.0,30,17.2,3,2,5,0.17,0.12,0.29,Rubén García,Osasuna,"FW,MF",30,es ESP,La Liga,2324,28,10,12,18,98,24,27,fbref_cache
25.0,1,0.3,0,0,0,0.0,0.0,0.0,Santiago García,Getafe,MF,21,es ESP,La Liga,2324,0,0,0,0,0,1,1,fbref_cache
560.0,9,6.2,1,0,1,0.16,0.0,0.16,Unai García,Osasuna,DF,31,es ESP,La Liga,2324,2,1,7,9,4,9,1,fbref_cache
735.0,14,8.2,0,0,0,0.0,0.0,0.0,Yarek Gasiorowski,Valencia,DF,18,es ESP,La Liga,2324,1,0,14,13,6,11,2,fbref_cache
10.0,2,0.1,0,0,0,0.0,0.0,0.0,Federico Gattoni,Sevilla,DF,24,ar ARG,La Liga,2324,0,0,0,0,0,2,0,fbref_cache
944.0,12,10.5,1,1,2,0.1,0.1,0.19,Gavi,Barcelona,"MF,FW",18,es ESP,La Liga,2324,10,5,8,23,8,31,23,fbref_cache
3420.0,38,38.0,0,0,0,0.0,0.0,0.0,Paulo Gazzaniga,Girona,GK,31,ar ARG,La Liga,2324,0,0,0,1,0,0,8,fbref_cache
372.0,5,4.1,0,0,0,0.0,0.0,0.0,David Gil,Cádiz,GK,29,es ESP,La Liga,2324,0,0,0,0,0,0,2,fbref_cache
1163.0,31,12.9,0,0,0,0.0,0.0,0.0,Maxi Gómez,Cádiz,FW,26,uy URU,La Liga,2324,16,6,2,4,20,20,32,fbref_cache
2006.0,28,22.3,3,0,3,0.13,0.0,0.13,Moi Gómez,Osasuna,"MF,FW",29,es ESP,La Liga,2324,19,8,10,19,51,29,30,fbref_cache
875.0,25,9.7,2,0,2,0.21,0.0,0.21,Unai Gómez,Athletic Club,MF,20,es ESP,La Liga,2324,16,8,2,9,20,11,20,fbref_cache
2522.0,31,28.0,2,0,2,0.07,0.0,0.07,Édgar González,Almería,"DF,MF",26,es ESP,La Liga,2324,13,3,35,21,2,29,7,fbref_cache
123.0,6,1.4,0,0,0,0.0,0.0,0.0,Fabio González,Las Palmas,MF,26,es ESP,La Liga,2324,0,0,0,2,2,1,1,fbref_cache
2464.0,34,27.4,1,1,2,0.04,0.04,0.07,Giovanni González,Mallorca,DF,28,uy URU,La Liga,2324,14,4,28,44,60,38,20,fbref_cache
87.0,9,1.0,0,1,1,0.0,1.03,1.03,Hugo González,Valencia,FW,20,es ESP,La Liga,2324,1,0,0,1,9,3,2,fbref_cache
5.0,1,0.1,0,0,0,0.0,0.0,0.0,Iñaki González,Las Palmas,MF,19,es ESP,La Liga,2324,0,0,0,0,0,0,0,fbref_cache
649.0,15,7.2,0,0,0,0.0,0.0,0.0,Peter González,Valencia,MF,21,do DOM,La Liga,2324,17,6,9,4,18,11,11,fbref_cache
156.0,5,1.7,0,0,0,0.0,0.0,0.0,Urko González,Real Sociedad,MF,22,es ESP,La Liga,2324,2,0,1,0,0,1,2,fbref_cache
2854.0,36,31.7,1,0,1,0.03,0.0,0.03,Andoni Gorosabel,Alavés,DF,26,es ESP,La Liga,2324,15,6,25,40,83,29,41,fbref_cache
103.0,5,1.1,0,0,0,0.0,0.0,0.0,Pablo Gozalbez,Valencia,MF,22,es ESP,La Liga,2324,1,0,1,0,1,7,2,fbref_cache
2662.0,33,29.6,8,6,14,0.27,0.2,0.47,Mason Greenwood,Getafe,"MF,FW",21,eng ENG,La Liga,2324,102,35,3,6,108,39,42,fbref_cache
90.0,1,1.0,0,0,0,0.0,0.0,0.0,Dominik Greif,Mallorca,GK,26,sk SVK,La Liga,2324,0,0,0,0,0,0,0,fbref_cache
2644.0,33,29.4,16,6,22,0.54,0.2,0.75,Antoine Griezmann,Atlético Madrid,"FW,MF",32,fr FRA,La Liga,2324,79,34,11,20,125,16,26,fbref_cache
2403.0,27,26.7,0,0,0,0.0,0.0,0.0,Vicente Guaita,Celta Vigo,GK,36,es ESP,La Liga,2324,0,0,0,1,0,1,5,fbref_cache
447.0,12,5.0,0,0,0,0.0,0.0,0.0,Andrés Guardado,Real Betis,MF,36,mx MEX,La Liga,2324,5,0,6,12,11,10,3,fbref_cache
495.0,22,5.5,1,1,2,0.18,0.18,0.36,Sergi Guardiola,Cádiz,FW,32,es ESP,La Liga,2324,14,5,0,6,16,18,22,fbref_cache
1742.0,22,19.4,1,1,2,0.05,0.05,0.1,Nemanja Gudelj,Sevilla,"DF,MF",31,rs SRB,La Liga,2324,19,3,29,22,3,30,11,fbref_cache
951.0,17,10.6,3,2,5,0.28,0.19,0.47,Gonçalo Guedes,Villarreal,"FW,MF",26,pt POR,La Liga,2324,25,8,2,5,28,5,16,fbref_cache
2498.0,36,27.8,4,1,5,0.14,0.04,0.18,Javier Guerra,Valencia,MF,20,es ESP,La Liga,2324,42,14,18,29,24,40,30,fbref_cache
2932.0,37,32.6,1,0,1,0.03,0.0,0.03,Ander Guevara,Alavés,MF,26,es ESP,La Liga,2324,16,3,14,34,10,49,30,fbref_cache
1315.0,26,14.6,1,0,1,0.07,0.0,0.07,Hugo Guillamón,Valencia,MF,23,es ESP,La Liga,2324,3,2,11,15,7,36,25,fbref_cache
74.0,3,0.8,1,0,1,1.22,0.0,1.22,Marc Guiu,Barcelona,FW,17,es ESP,La Liga,2324,4,1,0,0,0,1,2,fbref_cache
377.0,10,4.2,6,0,6,1.43,0.0,1.43,Arda Güler,Real Madrid,"MF,FW",18,tr TUR,La Liga,2324,15,6,2,4,13,11,8,fbref_cache
2674.0,35,29.7,0,3,3,0.0,0.1,0.1,Gerard Gumbau,Granada,MF,28,es ESP,La Liga,2324,45,9,26,33,150,62,26,fbref_cache
2994.0,36,33.3,5,9,14,0.15,0.27,0.42,İlkay Gündoğan,Barcelona,MF,32,de GER,La Liga,2324,43,17,20,20,157,16,42,fbref_cache
2678.0,36,29.8,3,4,7,0.1,0.13,0.24,Jon Guridi,Alavés,MF,28,es ESP,La Liga,2324,36,8,19,24,21,22,30,fbref_cache
2217.0,32,24.6,14,5,19,0.57,0.2,0.77,Gorka Guruzeta,Athletic Club,FW,26,es ESP,La Liga,2324,65,31,15,22,12,44,23,fbref_cache
3032.0,35,33.7,2,7,9,0.06,0.21,0.27,Miguel Gutiérrez,Girona,"DF,MF",22,es ESP,La Liga,2324,34,5,24,17,97,27,26,fbref_cache
2449.0,38,27.2,3,2,5,0.11,0.07,0.18,Munir El Haddadi,Las Palmas,"MF,FW",27,ma MAR,La Liga,2324,43,12,10,28,41,30,73,fbref_cache
804.0,22,8.9,0,2,2,0.0,0.22,0.22,Ianis Hagi,Alavés,MF,24,ro ROU,La Liga,2324,27,9,4,12,54,13,19,fbref_cache
616.0,14,6.8,0,3,3,0.0,0.44,0.44,Luiz Henrique,Real Betis,MF,22,br BRA,La Liga,2324,18,4,5,11,24,7,15,fbref_cache
2557.0,31,28.4,0,1,1,0.0,0.04,0.04,Mario Hermoso,Atlético Madrid,DF,28,es ESP,La Liga,2324,17,4,28,25,38,32,23,fbref_cache
1690.0,19,18.8,0,0,0,0.0,0.0,0.0,Aridane Hernández,Rayo Vallecano,DF,34,es ESP,La Liga,2324,5,0,15,9,0,11,12,fbref_cache
2514.0,30,27.9,1,2,3,0.04,0.07,0.11,Javi Hernández,Cádiz,DF,25,es ESP,La Liga,2324,30,8,17,23,126,45,19,fbref_cache
723.0,9,8.0,1,0,1,0.12,0.0,0.12,Luis Hernández,Cádiz,DF,34,es ESP,La Liga,2324,1,1,8,3,2,8,0,fbref_cache
1644.0,19,18.3,0,1,1,0.0,0.05,0.05,Jorge Herrando,Osasuna,DF,22,es ESP,La Liga,2324,4,0,14,19,0,26,10,fbref_cache
1030.0,23,11.4,0,3,3,0.0,0.26,0.26,Ander Herrera,Athletic Club,MF,33,es ESP,La Liga,2324,14,2,16,33,12,21,11,fbref_cache
166.0,8,1.8,1,0,1,0.54,0.0,0.54,Cristian Herrera,Las Palmas,MF,32,es ESP,La Liga,2324,1,1,0,1,1,3,3,fbref_cache
2869.0,32,31.9,0,0,0,0.0,0.0,0.0,Sergio Herrera,Osasuna,GK,30,es ESP,La Liga,2324,0,0,0,1,0,0,7,fbref_cache
2107.0,29,23.4,5,0,5,0.21,0.0,0.21,Yangel Herrera,Girona,MF,25,ve VEN,La Liga,2324,52,18,25,38,29,65,62,fbref_cache
292.0,4,3.2,2,0,2,0.62,0.0,0.62,Juanma Herzog,Las Palmas,DF,19,es ESP,La Liga,2324,3,3,1,5,0,1,1,fbref_cache
562.0,13,6.2,0,0,0,0.0,0.0,0.0,Martin Hongla,Granada,"MF,DF",25,cm CMR,La Liga,2324,3,1,5,3,2,7,1,fbref_cache
9.0,1,0.1,0,0,0,0.0,0.0,0.0,Xabier Huarte Armendáriz,Osasuna,MF,22,es ESP,La Liga,2324,0,0,0,0,0,0,0,fbref_cache
1152.0,33,12.8,1,2,3,0.08,0.16,0.23,Pablo Ibáñez,Osasuna,MF,24,es ESP,La Liga,2324,27,7,9,8,11,26,16,fbref_cache
1412.0,23,15.7,0,2,2,0.0,0.13,0.13,Iglesias,Getafe,"DF,MF",25,es ESP,La Liga,2324,15,6,16,21,62,17,10,fbref_cache
408.0,11,4.5,0,1,1,0.0,0.22,0.22,Borja Iglesias,Real Betis,FW,30,es ESP,La Liga,2324,10,0,2,0,1,7,5,fbref_cache
525.0,9,5.8,0,0,0,0.0,0.0,0.0,Imanol,Athletic Club,DF,23,es ESP,La Liga,2324,1,0,9,6,21,5,2,fbref_cache
2326.0,29,25.8,8,5,13,0.31,0.19,0.5,Isco,Real Betis,MF,31,es ESP,La Liga,2324,64,26,9,26,152,31,79,fbref_cache
37.0,1,0.4,0,0,0,0.0,0.0,0.0,Diego Iturralde,Sevilla,DF,20,es ESP,La Liga,2324,0,0,0,0,0,1,0,fbref_cache
193.0,8,2.1,0,0,0,0.0,0.0,0.0,Adnan Januzaj,Sevilla,"FW,MF",28,be BEL,La Liga,2324,6,1,1,3,8,3,9,fbref_cache
151.0,7,1.7,0,0,0,0.0,0.0,0.0,Mikel Jauregizar,Athletic Club,MF,19,es ESP,La Liga,2324,2,0,0,0,6,4,1,fbref_cache
13.0,1,0.1,0,0,0,0.0,0.0,0.0,Salim El Jebari,Atlético Madrid,MF,19,ma MAR,La Liga,2324,0,0,0,0,1,1,0,fbref_cache
1634.0,20,18.2,2,0,2,0.11,0.0,0.11,Frenkie de Jong,Barcelona,MF,26,nl NED,La Liga,2324,7,4,15,26,26,19,22,fbref_cache
380.0,8,4.2,0,0,0,0.0,0.0,0.0,Joan Jordán,Sevilla,MF,29,es ESP,La Liga,2324,6,1,4,6,3,1,3,fbref_cache
573.0,13,6.4,0,0,0,0.0,0.0,0.0,Jordi,Getafe,MF,22,es ESP,La Liga,2324,7,3,8,11,23,19,6,fbref_cache
2.0,1,0.0,0,0,0,0.0,0.0,0.0,Jeremy Jorge,Getafe,FW,20,es ESP,La Liga,2324,0,0,0,0,0,0,0,fbref_cache
1971.0,33,21.9,10,5,15,0.46,0.23,0.68,Willian José,Real Betis,FW,31,br BRA,La Liga,2324,48,24,2,3,7,9,20,fbref_cache
1687.0,34,18.7,10,2,12,0.53,0.11,0.64,Joselu,Real Madrid,FW,33,es ESP,La Liga,2324,63,29,6,4,6,10,15,fbref_cache
571.0,11,6.3,0,1,1,0.0,0.16,0.16,Kamil Jóźwiak,Granada,MF,25,pl POL,La Liga,2324,4,1,2,10,6,13,12,fbref_cache
873.0,16,9.7,3,1,4,0.31,0.1,0.41,Juanmi,Cádiz,FW,30,es ESP,La Liga,2324,14,7,5,4,2,24,11,fbref_cache
746.0,17,8.3,0,0,0,0.0,0.0,0.0,Juanpe,Girona,DF,32,es ESP,La Liga,2324,4,0,8,8,1,5,0,fbref_cache
1864.0,26,20.7,15,5,20,0.72,0.24,0.97,Vinicius Júnior,Real Madrid,FW,23,br BRA,La Liga,2324,78,39,1,12,56,24,54,fbref_cache
3240.0,36,36.0,0,0,0,0.0,0.0,0.0,Filip Jørgensen,Villarreal,GK,21,dk DEN,La Liga,2324,0,0,2,1,0,2,5,fbref_cache
720.0,17,8.0,1,1,2,0.12,0.12,0.25,Sory Kaba,Las Palmas,FW,28,gn GUI,La Liga,2324,13,1,0,1,0,16,15,fbref_cache
523.0,8,5.8,1,0,1,0.17,0.0,0.17,Kaiky,Almería,DF,19,br BRA,La Liga,2324,3,1,3,4,1,7,0,fbref_cache
16.0,2,0.2,0,0,0,0.0,0.0,0.0,Jon Karrikaburu,Alavés,FW,20,es ESP,La Liga,2324,0,0,0,0,0,1,0,fbref_cache
9.0,2,0.1,0,0,0,0.0,0.0,0.0,Ibrahima Kebe,Girona,MF,22,ml MLI,La Liga,2324,0,0,1,1,0,1,2,fbref_cache
1423.0,33,15.8,3,2,5,0.19,0.13,0.32,Kiké,Alavés,FW,33,es ESP,La Liga,2324,57,26,2,5,9,24,36,fbref_cache
2493.0,35,27.7,0,4,4,0.0,0.14,0.14,Koke,Atlético Madrid,MF,31,es ESP,La Liga,2324,10,2,15,42,10,19,19,fbref_cache
277.0,9,3.1,0,0,0,0.0,0.0,0.0,Ibrahima Koné,Almería,FW,24,ml MLI,La Liga,2324,4,2,0,0,2,3,4,fbref_cache
821.0,16,9.1,0,0,0,0.0,0.0,0.0,Rominigue Kouamé,Cádiz,MF,26,ml MLI,La Liga,2324,5,0,15,10,1,11,9,fbref_cache
2899.0,35,32.2,1,2,3,0.03,0.06,0.09,Jules Koundé,Barcelona,DF,24,fr FRA,La Liga,2324,24,7,28,24,35,23,16,fbref_cache
2124.0,33,23.6,1,8,9,0.04,0.34,0.38,Toni Kroos,Real Madrid,MF,33,de GER,La Liga,2324,35,13,17,32,119,17,38,fbref_cache
2150.0,30,23.9,7,4,11,0.29,0.17,0.46,Takefusa Kubo,Real Sociedad,"FW,MF",22,jp JPN,La Liga,2324,46,21,10,16,143,22,52,fbref_cache
1956.0,31,21.7,1,4,5,0.05,0.18,0.23,Luca de la Torre,Celta Vigo,MF,25,us USA,La Liga,2324,24,8,11,21,17,39,19,fbref_cache
90.0,1,1.0,0,0,0,0.0,0.0,0.0,Yoel Lago,Celta Vigo,DF,19,es ESP,La Liga,2324,0,0,0,1,0,1,2,fbref_cache
463.0,13,5.1,2,0,2,0.39,0.0,0.39,Érik Lamela,Sevilla,MF,31,ar ARG,La Liga,2324,9,4,1,13,12,18,6,fbref_cache
820.0,11,9.1,1,0,1,0.11,0.0,0.11,Bruno Langa,Almería,DF,25,mz MOZ,La Liga,2324,8,2,5,11,16,4,12,fbref_cache
1823.0,35,20.3,3,2,5,0.15,0.1,0.25,Cyle Larin,Mallorca,FW,28,ca CAN,La Liga,2324,69,25,3,8,8,27,34,fbref_cache
1555.0,32,17.3,2,0,2,0.12,0.0,0.12,Juanmi Latasa,Getafe,FW,22,es ESP,La Liga,2324,44,15,4,8,3,66,40,fbref_cache
1544.0,28,17.2,0,1,1,0.0,0.06,0.06,Toni Lato,Mallorca,DF,25,es ESP,La Liga,2324,5,2,17,22,48,19,18,fbref_cache
285.0,14,3.2,0,0,0,0.0,0.0,0.0,Lázaro,Almería,MF,21,br BRA,La Liga,2324,8,4,1,1,11,3,7,fbref_cache
2469.0,29,27.4,2,0,2,0.07,0.0,0.07,Robin Le Normand,Real Sociedad,DF,26,es ESP,La Liga,2324,9,5,27,22,1,33,23,fbref_cache
3048.0,34,33.9,0,0,0,0.0,0.0,0.0,Jeremías Ledesma,Cádiz,GK,30,ar ARG,La Liga,2324,0,0,0,1,0,1,5,fbref_cache
3327.0,37,37.0,3,1,4,0.08,0.03,0.11,Florian Lejeune,Rayo Vallecano,DF,32,fr FRA,La Liga,2324,64,21,23,26,6,26,13,fbref_cache
29.0,1,0.3,0,0,0,0.0,0.0,0.0,Stefan Lekovic,Villarreal,DF,19,rs SRB,La Liga,2324,0,0,0,0,0,0,0,fbref_cache
2002.0,27,22.2,0,2,2,0.0,0.09,0.09,Iñigo Lekue,Athletic Club,DF,30,es ESP,La Liga,2324,5,0,16,21,37,15,7,fbref_cache
164.0,3,1.8,0,0,0,0.0,0.0,0.0,Thomas Lemar,Atlético Madrid,MF,27,fr FRA,La Liga,2324,2,0,0,1,6,3,2,fbref_cache
251.0,4,2.8,0,0,0,0.0,0.0,0.0,Álvaro Lemos,Las Palmas,DF,30,es ESP,La Liga,2324,1,0,2,1,5,2,3,fbref_cache
11.0,1,0.1,0,0,0,0.0,0.0,0.0,Ruben Lendinez,Valencia,DF,20,es ESP,La Liga,2324,0,0,0,1,0,0,0,fbref_cache
2750.0,35,30.6,19,8,27,0.62,0.26,0.88,Robert Lewandowski,Barcelona,FW,34,pl POL,La Liga,2324,93,43,9,4,18,23,55,fbref_cache
2080.0,34,23.1,4,5,9,0.17,0.22,0.39,Samuel Lino,Atlético Madrid,"MF,DF",23,br BRA,La Liga,2324,54,21,14,34,41,27,56,fbref_cache
247.0,16,2.7,1,0,1,0.36,0.0,0.36,Javier Llabrés,Mallorca,MF,20,es ESP,La Liga,2324,9,4,3,1,20,5,1,fbref_cache
2565.0,37,28.5,6,4,10,0.21,0.14,0.35,Marcos Llorente,Atlético Madrid,"MF,DF",28,es ESP,La Liga,2324,30,19,13,23,70,31,27,fbref_cache
1790.0,34,19.9,0,1,1,0.0,0.05,0.05,Enzo Loiodice,Las Palmas,MF,22,fr FRA,La Liga,2324,16,6,12,35,23,32,38,fbref_cache
1965.0,25,21.8,3,0,3,0.14,0.0,0.14,David López,Girona,DF,33,es ESP,La Liga,2324,16,6,19,21,0,17,15,fbref_cache
2656.0,36,29.5,3,6,9,0.1,0.2,0.3,Diego López,Valencia,"MF,FW",21,es ESP,La Liga,2324,41,15,21,26,66,26,31,fbref_cache
1446.0,31,16.1,8,0,8,0.5,0.0,0.5,Fermin López,Barcelona,"MF,FW",20,es ESP,La Liga,2324,51,25,3,20,18,43,17,fbref_cache
2386.0,32,26.5,1,3,4,0.04,0.11,0.15,Javi López,Alavés,DF,21,es ESP,La Liga,2324,18,3,11,12,102,26,28,fbref_cache
2108.0,35,23.4,1,2,3,0.04,0.09,0.13,Unai López,Rayo Vallecano,MF,27,es ESP,La Liga,2324,32,5,16,27,73,60,21,fbref_cache
1916.0,30,21.3,0,0,0,0.0,0.0,0.0,Dion Lopy,Almería,MF,21,sn SEN,La Liga,2324,23,8,14,36,7,30,40,fbref_cache
92.0,6,1.0,0,0,0,0.0,0.0,0.0,Anthony Lozano,Getafe,FW,30,hn HON,La Liga,2324,4,0,0,0,1,6,1,fbref_cache
772.0,13,8.6,3,0,3,0.35,0.0,0.35,Anthony Lozano,Almería,FW,30,hn HON,La Liga,2324,23,9,3,5,4,22,20,fbref_cache
1539.0,28,17.1,1,0,1,0.06,0.0,0.06,Lucas,Cádiz,DF,22,br BRA,La Liga,2324,11,4,14,29,72,12,6,fbref_cache
1791.0,24,19.9,1,2,3,0.05,0.1,0.15,José Luis Gayà,Valencia,DF,28,es ESP,La Liga,2324,10,1,11,39,82,24,12,fbref_cache
1048.0,29,11.6,7,0,7,0.6,0.0,0.6,José Luis Morales,Villarreal,"FW,MF",36,es ESP,La Liga,2324,26,12,6,3,10,3,4,fbref_cache
1125.0,23,12.5,5,1,6,0.4,0.08,0.48,Dodi Lukebakio,Sevilla,"MF,FW",25,be BEL,La Liga,2324,42,17,2,3,36,24,22,fbref_cache
1890.0,21,21.0,0,0,0,0.0,0.0,0.0,Andriy Lunin,Real Madrid,GK,24,ua UKR,La Liga,2324,0,0,0,0,0,0,3,fbref_cache
785.0,21,8.7,4,0,4,0.46,0.0,0.46,Darwin Machís,Cádiz,MF,30,ve VEN,La Liga,2324,21,10,4,15,65,12,14,fbref_cache
1454.0,22,16.2,1,2,3,0.06,0.12,0.19,Pablo Maffeo,Mallorca,"DF,MF",26,es ESP,La Liga,2324,11,4,11,21,68,22,20,fbref_cache
121.0,5,1.3,0,0,0,0.0,0.0,0.0,Jon Magunazelaia,Real Sociedad,FW,22,es ESP,La Liga,2324,4,0,0,4,3,2,3,fbref_cache
3265.0,37,36.3,4,0,4,0.11,0.0,0.11,Nemanja Maksimović,Getafe,MF,28,rs SRB,La Liga,2324,34,15,44,42,6,19,13,fbref_cache
3284.0,37,36.5,0,0,0,0.0,0.0,0.0,Giorgi Mamardashvili,Valencia,GK,22,ge GEO,La Liga,2324,0,0,1,3,0,3,4,fbref_cache
240.0,4,2.7,0,0,0,0.0,0.0,0.0,Wilson Manafá,Granada,"DF,MF",29,pt POR,La Liga,2324,1,0,2,4,8,3,0,fbref_cache
731.0,16,8.1,2,1,3,0.25,0.12,0.37,Reinildo Mandava,Atlético Madrid,DF,29,mz MOZ,La Liga,2324,5,3,15,21,6,14,8,fbref_cache
1113.0,16,12.4,1,0,1,0.08,0.0,0.08,Aïssa Mandi,Villarreal,DF,31,dz ALG,La Liga,2324,4,2,7,8,0,7,5,fbref_cache
744.0,12,8.3,0,1,1,0.0,0.12,0.12,Javier Manquillo,Celta Vigo,"DF,MF",29,es ESP,La Liga,2324,1,0,2,12,5,14,4,fbref_cache
229.0,6,2.5,0,1,1,0.0,0.39,0.39,Faitout Maouassa,Granada,DF,25,fr FRA,La Liga,2324,5,0,1,6,20,3,3,fbref_cache
355.0,7,3.9,0,0,0,0.0,0.0,0.0,Marcão,Sevilla,DF,27,br BRA,La Liga,2324,0,0,3,6,0,5,6,fbref_cache
2258.0,28,25.1,1,5,6,0.04,0.2,0.24,Óscar de Marcos,Athletic Club,DF,34,es ESP,La Liga,2324,5,2,12,41,119,22,12,fbref_cache
276.0,16,3.1,1,1,2,0.33,0.33,0.65,Alberto Marí,Valencia,FW,22,es ESP,La Liga,2324,7,3,0,2,2,9,6,fbref_cache
14.0,3,0.2,0,0,0,0.0,0.0,0.0,José Mari,Cádiz,MF,35,es ESP,La Liga,2324,0,0,0,1,0,1,1,fbref_cache
1326.0,22,14.7,0,0,0,0.0,0.0,0.0,José María Giménez,Atlético Madrid,DF,28,uy URU,La Liga,2324,7,1,10,9,1,17,2,fbref_cache
244.0,9,2.7,0,0,0,0.0,0.0,0.0,Mariano,Sevilla,FW,29,do DOM,La Liga,2324,14,2,0,1,1,8,1,fbref_cache
2443.0,33,27.1,0,0,0,0.0,0.0,0.0,Rafa Marín,Alavés,DF,21,es ESP,La Liga,2324,13,3,31,18,2,28,16,fbref_cache
90.0,1,1.0,0,0,0,0.0,0.0,0.0,Diego Mariño,Almería,GK,33,es ESP,La Liga,2324,0,0,0,0,0,0,0,fbref_cache
3178.0,36,35.3,0,1,1,0.0,0.03,0.03,Mika Mármol,Las Palmas,DF,22,es ESP,La Liga,2324,3,0,43,43,5,23,34,fbref_cache
142.0,2,1.6,0,0,0,0.0,0.0,0.0,Unai Marrero,Real Sociedad,GK,21,es ESP,La Liga,2324,0,0,0,0,0,0,0,fbref_cache
1359.0,23,15.1,2,3,5,0.13,0.2,0.33,Roger Martí,Cádiz,FW,32,es ESP,La Liga,2324,33,12,8,6,9,34,28,fbref_cache
2729.0,36,30.3,5,4,9,0.16,0.13,0.3,Iván Martín,Girona,MF,24,es ESP,La Liga,2324,19,11,23,25,10,27,34,fbref_cache
24.0,1,0.3,0,0,0,0.0,0.0,0.0,Jon Martin,Real Sociedad,DF,17,es ESP,La Liga,2324,0,0,0,0,0,0,0,fbref_cache
18.0,2,0.2,0,0,0,0.0,0.0,0.0,Mario Martín,Real Madrid,MF,19,es ESP,La Liga,2324,0,0,0,1,0,1,1,fbref_cache
1241.0,21,13.8,0,2,2,0.0,0.15,0.15,Arnau Martinez,Girona,DF,20,es ESP,La Liga,2324,1,0,9,15,7,14,22,fbref_cache
1296.0,20,14.4,0,0,0,0.0,0.0,0.0,Iñigo Martínez,Barcelona,DF,32,es ESP,La Liga,2324,8,1,13,5,3,10,11,fbref_cache
270.0,3,3.0,0,0,0,0.0,0.0,0.0,Marc Martínez,Granada,GK,33,es ESP,La Liga,2324,0,0,0,0,0,0,0,fbref_cache
1855.0,31,20.6,0,2,2,0.0,0.1,0.1,Marvin,Las Palmas,"MF,DF",23,es ESP,La Liga,2324,14,3,15,25,91,39,26,fbref_cache
1571.0,29,17.5,0,0,0,0.0,0.0,0.0,Omar Mascarell,Mallorca,MF,30,gq EQG,La Liga,2324,6,0,32,15,4,31,14,fbref_cache
1787.0,35,19.9,5,1,6,0.25,0.05,0.3,Jaime Mata,Getafe,"FW,MF",34,es ESP,La Liga,2324,33,13,15,15,39,63,25,fbref_cache
2970.0,33,33.0,0,0,0,0.0,0.0,0.0,Luís Maximiano,Almería,GK,24,pt POR,La Liga,2324,0,0,0,0,0,1,3,fbref_cache
2153.0,27,23.9,15,1,16,0.63,0.04,0.67,Borja Mayoral,Getafe,FW,26,es ESP,La Liga,2324,47,27,3,4,22,31,31,fbref_cache
288.0,4,3.2,0,0,0,0.0,0.0,0.0,Mamadou Mbaye,Cádiz,DF,25,sn SEN,La Liga,2324,2,1,5,3,0,6,0,fbref_cache
104.0,6,1.2,0,0,0,0.0,0.0,0.0,Hannibal Mejbri,Sevilla,MF,20,tn TUN,La Liga,2324,1,0,0,3,2,4,4,fbref_cache
1122.0,26,12.5,0,0,0,0.0,0.0,0.0,Óscar Melendo,Granada,"MF,FW",25,es ESP,La Liga,2324,6,2,4,6,9,11,37,fbref_cache
1103.0,28,12.3,1,1,2,0.08,0.08,0.16,Gonzalo Melero,Almería,"MF,FW",29,es ESP,La Liga,2324,14,4,4,9,3,21,17,fbref_cache
893.0,23,9.9,5,1,6,0.5,0.1,0.6,Memphis,Atlético Madrid,FW,29,nl NED,La Liga,2324,38,15,1,2,12,14,16,fbref_cache
396.0,7,4.4,0,0,0,0.0,0.0,0.0,Houboulang Mendes,Almería,DF,25,gw GNB,La Liga,2324,1,0,2,14,5,6,10,fbref_cache
6.0,1,0.1,0,0,0,0.0,0.0,0.0,Tomás Mendes,Alavés,MF,18,es ESP,La Liga,2324,0,0,0,0,0,0,0,fbref_cache
2413.0,32,26.8,5,6,11,0.19,0.22,0.41,Brais Méndez,Real Sociedad,"MF,FW",26,es ESP,La Liga,2324,66,17,12,27,101,58,56,fbref_cache
1333.0,17,14.8,2,0,2,0.14,0.0,0.14,Bruno Méndez,Granada,DF,23,uy URU,La Liga,2324,8,5,25,19,8,14,0,fbref_cache
5.0,1,0.1,0,0,0,0.0,0.0,0.0,Diego Méndez,Rayo Vallecano,MF,19,es ESP,La Liga,2324,0,0,1,1,0,1,0,fbref_cache
1720.0,23,19.1,0,0,0,0.0,0.0,0.0,Ferland Mendy,Real Madrid,DF,28,fr FRA,La Liga,2324,5,2,12,10,5,17,14,fbref_cache
673.0,10,7.5,0,0,0,0.0,0.0,0.0,Jorge Meré,Cádiz,DF,26,es ESP,La Liga,2324,4,1,8,7,1,1,4,fbref_cache
2482.0,32,27.6,5,3,8,0.18,0.11,0.29,Mikel Merino,Real Sociedad,MF,27,es ESP,La Liga,2324,30,11,16,45,19,70,60,fbref_cache
82.0,5,0.9,0,0,0,0.0,0.0,0.0,Omenuke Mfulu,Las Palmas,MF,29,cd COD,La Liga,2324,0,0,2,3,0,0,2,fbref_cache
65.0,3,0.7,0,0,0,0.0,0.0,0.0,Miguel,Alavés,FW,23,es ESP,La Liga,2324,2,1,0,0,0,2,3,fbref_cache
496.0,10,5.5,0,0,0,0.0,0.0,0.0,Éder Militão,Real Madrid,DF,25,br BRA,La Liga,2324,2,2,5,3,1,5,5,fbref_cache
2115.0,27,23.5,0,1,1,0.0,0.04,0.04,Luis Milla,Getafe,MF,28,es ESP,La Liga,2324,16,5,30,34,102,43,29,fbref_cache
308.0,11,3.4,1,0,1,0.29,0.0,0.29,Marko Milovanović,Almería,FW,19,rs SRB,La Liga,2324,5,1,0,4,1,15,6,fbref_cache
2998.0,38,33.3,2,2,4,0.06,0.06,0.12,Óscar Mingueza,Celta Vigo,"DF,MF",24,es ESP,La Liga,2324,28,13,19,38,150,21,44,fbref_cache
2992.0,34,33.2,1,1,2,0.03,0.03,0.06,Ignasi Miquel,Granada,DF,30,es ESP,La Liga,2324,22,8,46,32,3,32,26,fbref_cache
391.0,15,4.3,2,0,2,0.46,0.0,0.46,Rafa Mir,Sevilla,FW,26,es ESP,La Liga,2324,15,7,0,2,2,9,5,fbref_cache
1858.0,25,20.6,1,1,2,0.05,0.05,0.1,Juan Miranda,Real Betis,DF,23,es ESP,La Liga,2324,16,6,20,24,62,21,34,fbref_cache
699.0,11,7.8,1,0,1,0.13,0.0,0.13,Stefan Mitrović,Getafe,DF,33,rs SRB,La Liga,2324,1,1,5,3,0,13,2,fbref_cache
1688.0,32,18.8,2,6,8,0.11,0.32,0.43,Luka Modrić,Real Madrid,MF,37,hr CRO,La Liga,2324,25,10,19,15,90,19,21,fbref_cache
2041.0,30,22.7,0,3,3,0.0,0.13,0.13,Johan Mojica,Osasuna,"DF,MF",30,co COL,La Liga,2324,17,1,23,22,115,22,19,fbref_cache
1803.0,28,20.0,3,3,6,0.15,0.15,0.3,Alberto Moleiro,Las Palmas,"MF,FW",19,es ESP,La Liga,2324,33,10,7,6,27,17,18,fbref_cache
1852.0,30,20.6,2,3,5,0.1,0.15,0.24,Nahuel Molina,Atlético Madrid,"MF,DF",25,ar ARG,La Liga,2324,12,5,8,22,87,20,16,fbref_cache
1800.0,33,20.0,1,3,4,0.05,0.15,0.2,Jon Moncayola,Osasuna,MF,25,es ESP,La Liga,2324,16,5,16,19,88,24,8,fbref_cache
1788.0,21,19.9,0,0,0,0.0,0.0,0.0,César Montes,Almería,DF,26,mx MEX,La Liga,2324,13,2,10,15,3,22,11,fbref_cache
1904.0,32,21.2,15,3,18,0.71,0.14,0.85,Álvaro Morata,Atlético Madrid,FW,30,es ESP,La Liga,2324,67,34,1,10,10,33,36,fbref_cache
1484.0,27,16.5,2,2,4,0.12,0.12,0.24,Alberto Moreno,Villarreal,DF,31,es ESP,La Liga,2324,17,5,21,20,50,24,14,fbref_cache
2215.0,30,24.6,10,6,16,0.41,0.24,0.65,Gerard Moreno,Villarreal,FW,31,es ESP,La Liga,2324,63,21,9,11,28,22,38,fbref_cache
15.0,1,0.2,0,0,0,0.0,0.0,0.0,Jorge Moreno,Osasuna,DF,22,es ESP,La Liga,2324,0,0,0,0,1,0,0,fbref_cache
605.0,14,6.7,0,2,2,0.0,0.3,0.3,Ilaix Moriba,Getafe,MF,20,gn GUI,La Liga,2324,4,1,5,12,2,19,23,fbref_cache
1615.0,35,17.9,0,2,2,0.0,0.11,0.11,Manu Morlanes,Mallorca,MF,24,es ESP,La Liga,2324,11,4,18,28,19,15,24,fbref_cache
3075.0,36,34.2,0,0,0,0.0,0.0,0.0,Cristhian Mosquera,Valencia,DF,19,es ESP,La Liga,2324,9,2,33,34,1,25,27,fbref_cache
1229.0,16,13.7,2,1,3,0.15,0.07,0.22,Yerson Mosquera,Villarreal,DF,22,co COL,La Liga,2324,10,4,18,14,7,14,27,fbref_cache
1694.0,20,18.8,1,0,1,0.05,0.0,0.05,Abdul Mumin,Rayo Vallecano,DF,25,gh GHA,La Liga,2324,6,1,18,10,2,15,16,fbref_cache
594.0,20,6.6,2,0,2,0.3,0.0,0.3,Iker Muniain,Athletic Club,MF,30,es ESP,La Liga,2324,13,7,0,1,33,5,11,fbref_cache
1127.0,21,12.5,0,2,2,0.0,0.16,0.16,Aihen Muñoz,Real Sociedad,DF,25,es ESP,La Liga,2324,7,2,7,22,29,18,7,fbref_cache
1854.0,28,20.6,4,0,4,0.19,0.0,0.19,Iker Muñoz,Osasuna,MF,20,es ESP,La Liga,2324,23,6,11,17,13,37,55,fbref_cache
2640.0,37,29.3,2,3,5,0.07,0.1,0.17,Javier Muñoz,Las Palmas,MF,28,es ESP,La Liga,2324,38,9,20,23,47,37,16,fbref_cache
2327.0,29,25.9,7,2,9,0.27,0.08,0.35,Vedat Muriqi,Mallorca,FW,29,xk KVX,La Liga,2324,66,25,6,6,11,39,43,fbref_cache
1746.0,29,19.4,0,1,1,0.0,0.05,0.05,Nacho,Real Madrid,DF,33,es ESP,La Liga,2324,5,1,19,11,3,21,13,fbref_cache
2258.0,26,25.1,2,0,2,0.08,0.0,0.08,Matija Nastasić,Mallorca,DF,30,rs SRB,La Liga,2324,8,2,27,17,5,33,7,fbref_cache
1888.0,28,21.0,1,1,2,0.05,0.05,0.1,Roberto Navarro,Cádiz,MF,21,es ESP,La Liga,2324,30,9,16,29,96,15,27,fbref_cache
2003.0,29,22.3,0,2,2,0.0,0.09,0.09,Jesús Navas,Sevilla,"DF,MF",37,es ESP,La Liga,2324,7,2,23,26,142,12,11,fbref_cache
54.0,7,0.6,0,0,0,0.0,0.0,0.0,Álvaro Negredo,Cádiz,FW,37,es ESP,La Liga,2324,3,1,1,0,1,0,2,fbref_cache
3146.0,36,35.0,0,2,2,0.0,0.06,0.06,Carlos Neva,Granada,DF,27,es ESP,La Liga,2324,4,0,31,19,86,22,44,fbref_cache
318.0,8,3.5,0,0,0,0.0,0.0,0.0,Tanguy Nianzou,Sevilla,DF,21,fr FRA,La Liga,2324,1,0,3,8,0,6,4,fbref_cache
1374.0,34,15.3,1,4,5,0.07,0.26,0.33,Saúl Ñíguez,Atlético Madrid,MF,28,es ESP,La Liga,2324,16,4,15,39,16,42,14,fbref_cache
10.0,2,0.1,0,0,0,0.0,0.0,0.0,Peru Nolaskoain,Athletic Club,"DF,MF",24,es ESP,La Liga,2324,0,0,0,1,0,0,0,fbref_cache
572.0,16,6.4,1,1,2,0.16,0.16,0.31,Randy Nteka,Rayo Vallecano,FW,25,ao ANG,La Liga,2324,15,6,3,4,3,19,14,fbref_cache
2801.0,34,31.1,1,0,1,0.03,0.0,0.03,Unai Núñez,Celta Vigo,DF,26,es ESP,La Liga,2324,22,5,49,30,2,37,24,fbref_cache
2160.0,24,24.0,0,0,0,0.0,0.0,0.0,Ørjan Nyland,Sevilla,GK,32,no NOR,La Liga,2324,0,0,0,0,0,0,2,fbref_cache
3420.0,38,38.0,0,0,0,0.0,0.0,0.0,Jan Oblak,Atlético Madrid,GK,30,si SVN,La Liga,2324,0,0,0,0,0,0,2,fbref_cache
248.0,13,2.8,1,0,1,0.36,0.0,0.36,Brian Ocampo,Cádiz,MF,24,uy URU,La Liga,2324,5,2,3,3,19,9,9,fbref_cache
2871.0,35,31.9,4,3,7,0.13,0.09,0.22,Lucas Ocampos,Sevilla,"MF,FW",29,ar ARG,La Liga,2324,64,24,20,47,122,32,71,fbref_cache
393.0,9,4.4,0,0,0,0.0,0.0,0.0,Álvaro Odriozola,Real Sociedad,DF,27,es ESP,La Liga,2324,0,0,9,6,10,7,4,fbref_cache
9.0,1,0.1,0,0,0,0.0,0.0,0.0,Aingeru Olabarrieta,Athletic Club,FW,17,es ESP,La Liga,2324,1,0,0,0,2,0,0,fbref_cache
360.0,14,4.0,0,0,0,0.0,0.0,0.0,Olasagasti,Real Sociedad,MF,22,es ESP,La Liga,2324,9,0,3,12,1,7,7,fbref_cache
1918.0,34,21.3,8,1,9,0.38,0.05,0.42,Samu Omorodion,Alavés,FW,19,es ESP,La Liga,2324,64,25,1,3,2,30,30,fbref_cache
80.0,1,0.9,1,0,1,1.13,0.0,1.13,Samu Omorodion,Granada,FW,19,es ESP,La Liga,2324,3,2,0,1,0,1,3,fbref_cache
2339.0,33,26.0,2,1,3,0.08,0.04,0.12,Aimar Oroz,Osasuna,MF,21,es ESP,La Liga,2324,25,6,16,27,10,39,46,fbref_cache
14.0,1,0.2,0,0,0,0.0,0.0,0.0,Eneko Ortiz,Alavés,MF,20,es ESP,La Liga,2324,0,0,0,0,1,0,0,fbref_cache
9.0,1,0.1,0,0,0,0.0,0.0,0.0,Asier Osambela,Osasuna,MF,19,es ESP,La Liga,2324,0,0,0,1,0,1,0,fbref_cache
5.0,1,0.1,0,0,0,0.0,0.0,0.0,Milutin Osmajić,Cádiz,FW,24,me MNE,La Liga,2324,2,0,0,0,0,0,0,fbref_cache
430.0,6,4.8,0,0,0,0.0,0.0,0.0,Aiham Ousou,Cádiz,DF,23,sy SYR,La Liga,2324,2,0,6,6,0,4,6,fbref_cache
360.0,4,4.0,0,0,0,0.0,0.0,0.0,Jesús Owono,Alavés,GK,22,gq EQG,La Liga,2324,0,0,0,0,0,0,0,fbref_cache
2156.0,33,24.0,9,3,12,0.38,0.13,0.5,Mikel Oyarzabal,Real Sociedad,"FW,MF",26,es ESP,La Liga,2324,40,19,4,18,10,20,20,fbref_cache
1598.0,23,17.8,0,0,0,0.0,0.0,0.0,Cenk Özkacar,Valencia,DF,22,tr TUR,La Liga,2324,6,3,18,14,6,13,8,fbref_cache
1526.0,23,17.0,1,1,2,0.06,0.06,0.12,Jon Pacheco,Real Sociedad,DF,22,es ESP,La Liga,2324,6,3,10,18,1,29,1,fbref_cache
2791.0,37,31.0,4,1,5,0.13,0.03,0.16,Isaac Palazón Camacho,Rayo Vallecano,MF,28,es ESP,La Liga,2324,72,33,19,28,130,32,76,fbref_cache
226.0,8,2.5,0,0,0,0.0,0.0,0.0,Joaquín Panichelli,Alavés,"MF,FW",20,ar ARG,La Liga,2324,9,2,1,3,0,8,4,fbref_cache
1136.0,15,12.6,0,0,0,0.0,0.0,0.0,Sokratis Papastathopoulos,Real Betis,DF,35,gr GRE,La Liga,2324,2,1,6,15,0,13,6,fbref_cache
3.0,2,0.0,0,0,0,0.0,0.0,0.0,Victor Parada,Alavés,DF,21,es ESP,La Liga,2324,0,0,0,1,0,0,0,fbref_cache
2704.0,34,30.0,1,0,1,0.03,0.0,0.03,Aitor Paredes,Athletic Club,DF,23,es ESP,La Liga,2324,13,3,31,12,1,37,11,fbref_cache
2580.0,33,28.7,3,5,8,0.1,0.17,0.28,Daniel Parejo,Villarreal,MF,34,es ESP,La Liga,2324,12,6,20,31,57,18,51,fbref_cache
14.0,1,0.2,0,0,0,0.0,0.0,0.0,Pascu,Villarreal,FW,20,es ESP,La Liga,2324,0,0,0,0,0,0,0,fbref_cache
405.0,5,4.5,0,0,0,0.0,0.0,0.0,Gabriel Paulista,Atlético Madrid,DF,32,br BRA,La Liga,2324,1,1,3,5,0,4,0,fbref_cache
1398.0,18,15.5,0,0,0,0.0,0.0,0.0,Gabriel Paulista,Valencia,DF,32,br BRA,La Liga,2324,7,0,23,6,0,11,4,fbref_cache
23.0,4,0.3,0,0,0,0.0,0.0,0.0,Nicolás Paz,Real Madrid,MF,18,ar ARG,La Liga,2324,2,0,1,0,1,1,0,fbref_cache
1116.0,19,12.4,1,3,4,0.08,0.24,0.32,Alfonso Pedraza,Villarreal,DF,27,es ESP,La Liga,2324,9,4,12,10,58,14,17,fbref_cache
1476.0,24,16.4,4,2,6,0.24,0.12,0.37,Pedri,Barcelona,"MF,FW",20,es ESP,La Liga,2324,15,7,14,22,9,11,22,fbref_cache
1753.0,31,19.5,1,4,5,0.05,0.21,0.26,Adrià Pedrosa,Sevilla,"DF,MF",25,es ESP,La Liga,2324,16,4,13,26,111,6,32,fbref_cache
504.0,17,5.6,2,0,2,0.36,0.0,0.36,Pejiño,Las Palmas,"MF,FW",27,es ESP,La Liga,2324,17,8,2,9,31,6,4,fbref_cache
1232.0,15,13.7,2,1,3,0.15,0.07,0.22,Facundo Pellistri,Granada,"MF,FW",21,uy URU,La Liga,2324,17,6,4,19,30,21,21,fbref_cache
900.0,10,10.0,0,0,0,0.0,0.0,0.0,Iñaki Peña,Barcelona,GK,24,es ESP,La Liga,2324,0,0,0,0,0,0,1,fbref_cache
441.0,7,4.9,0,0,0,0.0,0.0,0.0,Marcos Peña,Almería,MF,18,es ESP,La Liga,2324,4,1,13,14,0,8,4,fbref_cache
2088.0,29,23.2,0,2,2,0.0,0.09,0.09,Rubén Peña,Osasuna,"DF,MF",32,es ESP,La Liga,2324,17,5,29,22,111,28,23,fbref_cache
2.0,2,0.0,0,0,0,0.0,0.0,0.0,Alberto Perea,Granada,"FW,MF",32,es ESP,La Liga,2324,0,0,0,0,1,0,2,fbref_cache
2294.0,31,25.5,9,1,10,0.35,0.04,0.39,Ayoze Pérez,Real Betis,"MF,FW",30,es ESP,La Liga,2324,68,26,21,34,19,36,48,fbref_cache
772.0,16,8.6,1,1,2,0.12,0.12,0.23,Carles Pérez,Celta Vigo,MF,25,es ESP,La Liga,2324,24,6,5,5,18,15,12,fbref_cache
2049.0,32,22.8,1,4,5,0.04,0.18,0.22,Francisco Perez,Valencia,MF,20,es ESP,La Liga,2324,20,2,15,17,52,31,23,fbref_cache
835.0,24,9.3,1,0,1,0.11,0.0,0.11,Kike Pérez,Rayo Vallecano,"MF,FW",26,es ESP,La Liga,2324,13,6,8,13,18,42,34,fbref_cache
1623.0,29,18.0,0,0,0,0.0,0.0,0.0,Máximo Perrone,Las Palmas,MF,20,ar ARG,La Liga,2324,7,3,24,19,0,27,16,fbref_cache
157.0,10,1.7,0,0,0,0.0,0.0,0.0,Njegoš Petrović,Granada,MF,24,rs SRB,La Liga,2324,3,1,1,2,1,0,1,fbref_cache
2767.0,32,30.7,1,0,1,0.03,0.0,0.03,Germán Pezzella,Real Betis,DF,32,ar ARG,La Liga,2324,23,5,32,24,2,22,13,fbref_cache
505.0,9,5.6,0,0,0,0.0,0.0,0.0,Kamil Piątkowski,Granada,DF,23,pl POL,La Liga,2324,4,2,8,10,2,3,3,fbref_cache
475.0,7,5.3,0,0,0,0.0,0.0,0.0,Yéremy Pino,Villarreal,"MF,FW",20,es ESP,La Liga,2324,9,4,5,18,7,22,9,fbref_cache
97.0,3,1.1,0,0,0,0.0,0.0,0.0,Portu,Getafe,"FW,MF",31,es ESP,La Liga,2324,1,1,0,3,2,0,0,fbref_cache
1188.0,33,13.2,7,5,12,0.53,0.38,0.91,Portu,Girona,"MF,FW",31,es ESP,La Liga,2324,21,11,4,13,18,18,16,fbref_cache
19.0,2,0.2,0,0,0,0.0,0.0,0.0,José Pozo,Rayo Vallecano,"FW,MF",27,es ESP,La Liga,2324,0,0,0,1,0,1,1,fbref_cache
976.0,21,10.8,0,0,0,0.0,0.0,0.0,Alejandro Pozo Pozo,Almería,"DF,MF",24,es ESP,La Liga,2324,4,2,7,13,41,16,6,fbref_cache
1449.0,26,16.1,0,0,0,0.0,0.0,0.0,Beñat Prados,Athletic Club,MF,22,es ESP,La Liga,2324,7,4,23,28,10,29,24,fbref_cache
1270.0,34,14.1,6,1,7,0.43,0.07,0.5,Abdón Prats,Mallorca,FW,30,es ESP,La Liga,2324,33,14,2,4,8,18,18,fbref_cache
1883.0,23,20.9,1,3,4,0.05,0.14,0.19,Marc Pubill,Almería,DF,20,es ESP,La Liga,2324,20,5,14,26,67,21,34,fbref_cache
730.0,27,8.1,0,2,2,0.0,0.25,0.25,Antonio Puertas,Granada,"MF,FW",31,es ESP,La Liga,2324,19,5,7,7,20,19,12,fbref_cache
255.0,11,2.8,0,0,0,0.0,0.0,0.0,Arnau Puigmal,Almería,"MF,DF",22,es ESP,La Liga,2324,0,0,3,1,14,7,4,fbref_cache
353.0,11,3.9,0,0,0,0.0,0.0,0.0,Nemanja Radonjić,Mallorca,MF,27,rs SRB,La Liga,2324,10,7,3,2,20,1,5,fbref_cache
569.0,9,6.3,0,0,0,0.0,0.0,0.0,Aleksandar Radovanović,Almería,DF,29,rs SRB,La Liga,2324,1,0,11,7,0,7,2,fbref_cache
10.0,1,0.1,0,0,0,0.0,0.0,0.0,Abdellah Raihani,Atlético Madrid,FW,19,ma MAR,La Liga,2324,0,0,0,0,0,0,1,fbref_cache
2195.0,26,24.4,3,2,5,0.12,0.08,0.21,Antonio Raillo,Mallorca,DF,31,es ESP,La Liga,2324,29,9,36,23,2,32,8,fbref_cache
3240.0,36,36.0,0,0,0,0.0,0.0,0.0,Predrag Rajković,Mallorca,GK,27,rs SRB,La Liga,2324,0,0,0,2,0,1,4,fbref_cache
1425.0,18,15.8,2,1,3,0.13,0.06,0.19,Ivan Rakitić,Sevilla,MF,35,hr CRO,La Liga,2324,32,8,13,16,130,16,19,fbref_cache
1555.0,29,17.3,3,5,8,0.17,0.29,0.46,Largie Ramazani,Almería,"MF,FW",22,be BEL,La Liga,2324,40,13,35,7,31,27,24,fbref_cache
384.0,20,4.3,1,1,2,0.23,0.23,0.47,Benito Ramírez,Las Palmas,MF,28,es ESP,La Liga,2324,10,3,2,4,33,4,4,fbref_cache
1808.0,27,20.1,1,3,4,0.05,0.15,0.2,Sandro Ramírez,Las Palmas,"FW,MF",28,es ESP,La Liga,2324,52,19,4,7,87,20,36,fbref_cache
2612.0,37,29.0,5,1,6,0.17,0.03,0.21,Chris Ramos,Cádiz,FW,26,es ESP,La Liga,2324,76,27,9,13,12,61,46,fbref_cache
2517.0,28,28.0,3,0,3,0.11,0.0,0.11,Sergio Ramos,Sevilla,DF,37,es ESP,La Liga,2324,28,11,39,30,2,27,22,fbref_cache
1368.0,28,15.2,6,9,15,0.39,0.59,0.99,Raphinha,Barcelona,"FW,MF",26,br BRA,La Liga,2324,59,22,13,8,81,17,25,fbref_cache
630.0,12,7.0,0,0,0,0.0,0.0,0.0,Andrei Ratiu,Rayo Vallecano,"DF,MF",25,ro ROU,La Liga,2324,6,1,1,5,18,2,4,fbref_cache
1355.0,35,15.1,6,1,7,0.4,0.07,0.46,Raúl,Osasuna,FW,22,es ESP,La Liga,2324,33,12,5,4,6,13,12,fbref_cache
722.0,23,8.0,1,0,1,0.12,0.0,0.12,Abde Rebbach,Alavés,MF,24,dz ALG,La Liga,2324,17,4,4,5,63,13,10,fbref_cache
180.0,2,2.0,0,0,0,0.0,0.0,0.0,Pepe Reina,Villarreal,GK,40,es ESP,La Liga,2324,0,0,0,0,0,0,0,fbref_cache
3275.0,37,36.4,0,0,0,0.0,0.0,0.0,Álex Remiro,Real Sociedad,GK,28,es ESP,La Liga,2324,0,0,0,0,0,1,4,fbref_cache
2164.0,26,24.0,0,0,0,0.0,0.0,0.0,Chadi Riad,Real Betis,DF,20,ma MAR,La Liga,2324,11,5,22,23,0,16,7,fbref_cache
2535.0,32,28.2,0,7,7,0.0,0.25,0.25,Diego Rico,Getafe,DF,30,es ESP,La Liga,2324,18,5,39,46,132,32,56,fbref_cache
2498.0,37,27.8,5,4,9,0.18,0.14,0.32,Luis Rioja,Alavés,MF,29,es ESP,La Liga,2324,57,19,17,19,175,23,18,fbref_cache
1528.0,34,17.0,3,5,8,0.18,0.29,0.47,Rodrigo Riquelme,Atlético Madrid,"MF,DF",23,es ESP,La Liga,2324,37,16,9,19,63,11,28,fbref_cache
137.0,4,1.5,0,0,0,0.0,0.0,0.0,Alberto Risco,Getafe,MF,17,es ESP,La Liga,2324,2,1,0,2,2,1,1,fbref_cache
808.0,12,9.0,0,0,0,0.0,0.0,0.0,Mihailo Ristić,Celta Vigo,"DF,MF",27,rs SRB,La Liga,2324,10,4,11,8,39,12,14,fbref_cache
3.0,1,0.0,0,0,0,0.0,0.0,0.0,Gorka Rivera Alonso,Getafe,DF,18,es ESP,La Liga,2324,0,0,0,0,0,0,0,fbref_cache
860.0,14,9.6,3,2,5,0.31,0.21,0.52,Sergi Roberto,Barcelona,"MF,DF",31,es ESP,La Liga,2324,10,4,8,11,9,8,7,fbref_cache
2381.0,33,26.5,0,5,5,0.0,0.19,0.19,Lucas Robertone,Almería,MF,26,ar ARG,La Liga,2324,37,13,47,35,65,38,54,fbref_cache
1980.0,26,22.0,2,2,4,0.09,0.09,0.18,Marc Roca,Real Betis,MF,26,es ESP,La Liga,2324,20,7,17,37,24,46,23,fbref_cache
122.0,3,1.4,0,1,1,0.0,0.74,0.74,Sergio Rodelas,Granada,"MF,FW",18,es ESP,La Liga,2324,2,0,0,2,4,2,1,fbref_cache
1051.0,29,11.7,0,0,0,0.0,0.0,0.0,Rodri,Real Betis,MF,23,es ESP,La Liga,2324,18,5,8,11,36,6,29,fbref_cache
1.0,1,0.0,0,0,0,0.0,0.0,0.0,Álvaro Rodríguez,Real Madrid,FW,19,uy URU,La Liga,2324,0,0,0,0,0,0,0,fbref_cache
967.0,24,10.7,2,1,3,0.19,0.09,0.28,Óscar Rodríguez Arnaiz,Getafe,"MF,FW",25,es ESP,La Liga,2324,34,10,6,12,17,20,15,fbref_cache
258.0,5,2.9,0,2,2,0.0,0.7,0.7,Damián Rodríguez,Celta Vigo,MF,20,es ESP,La Liga,2324,1,0,1,3,9,4,1,fbref_cache
2615.0,36,29.1,2,4,6,0.07,0.14,0.21,Dani Rodríguez,Mallorca,MF,35,es ESP,La Liga,2324,27,4,14,26,166,61,43,fbref_cache
1846.0,24,20.5,2,0,2,0.1,0.0,0.1,Guido Rodríguez,Real Betis,MF,29,ar ARG,La Liga,2324,18,7,29,30,6,23,35,fbref_cache
3211.0,37,35.7,6,2,8,0.17,0.06,0.22,Kirian Rodríguez,Las Palmas,MF,27,es ESP,La Liga,2324,43,14,26,33,25,23,37,fbref_cache
300.0,15,3.3,0,0,0,0.0,0.0,0.0,Miguel Rodríguez,Celta Vigo,MF,20,es ESP,La Liga,2324,6,0,4,3,11,16,11,fbref_cache
2380.0,34,26.4,10,5,15,0.38,0.19,0.57,Rodrygo,Real Madrid,FW,22,br BRA,La Liga,2324,87,36,8,15,31,10,46,fbref_cache
262.0,7,2.9,0,0,0,0.0,0.0,0.0,Carlos Romero,Villarreal,DF,21,es ESP,La Liga,2324,2,1,1,5,11,2,6,fbref_cache
1039.0,14,11.5,4,4,8,0.35,0.35,0.69,Isaac Romero,Sevilla,FW,23,es ESP,La Liga,2324,42,17,0,3,11,28,17,fbref_cache
438.0,13,4.9,3,0,3,0.62,0.0,0.62,Luka Romero,Almería,MF,18,ar ARG,La Liga,2324,8,3,1,1,2,8,11,fbref_cache
936.0,28,10.4,0,1,1,0.0,0.1,0.1,Oriol Romeu,Barcelona,MF,31,es ESP,La Liga,2324,10,2,11,22,7,15,11,fbref_cache
5.0,1,0.1,0,0,0,0.0,0.0,0.0,Unai Ropero,Alavés,FW,21,es ESP,La Liga,2324,0,0,0,0,0,1,0,fbref_cache
328.0,14,3.6,2,0,2,0.55,0.0,0.55,Vitor Roque,Barcelona,FW,18,br BRA,La Liga,2324,13,6,0,2,2,13,11,fbref_cache
2709.0,33,30.1,1,0,1,0.03,0.0,0.03,Antonio Rüdiger,Real Madrid,DF,30,de GER,La Liga,2324,19,2,12,17,4,26,5,fbref_cache
20.0,1,0.2,0,0,0,0.0,0.0,0.0,Javi Rueda,Celta Vigo,"DF,MF",21,es ESP,La Liga,2324,0,0,0,0,0,0,1,fbref_cache
1017.0,18,11.3,2,1,3,0.18,0.09,0.27,Aitor Ruibal,Real Betis,"DF,MF",27,es ESP,La Liga,2324,13,2,14,27,28,16,13,fbref_cache
2494.0,35,27.7,0,4,4,0.0,0.14,0.14,Sergio Ruiz,Granada,MF,28,es ESP,La Liga,2324,13,1,27,47,17,44,66,fbref_cache
1046.0,12,11.6,0,1,1,0.0,0.09,0.09,Youssouf Sabaly,Real Betis,DF,30,sn SEN,La Liga,2324,4,0,11,8,27,9,6,fbref_cache
1077.0,26,12.0,3,1,4,0.25,0.08,0.33,Umar Sadiq,Real Sociedad,FW,26,ng NGA,La Liga,2324,33,10,0,10,12,45,19,fbref_cache
19.0,1,0.2,0,0,0,0.0,0.0,0.0,Pablo Saenz,Granada,MF,22,es ESP,La Liga,2324,0,0,0,3,1,0,1,fbref_cache
1605.0,23,17.8,3,0,3,0.17,0.0,0.17,Kike Salas,Sevilla,DF,21,es ESP,La Liga,2324,16,5,28,24,8,32,10,fbref_cache
28.0,1,0.3,0,0,0,0.0,0.0,0.0,Salvi,Rayo Vallecano,MF,32,es ESP,La Liga,2324,0,0,1,0,0,0,1,fbref_cache
92.0,4,1.0,0,0,0,0.0,0.0,0.0,Diadie Samassékou,Cádiz,MF,27,ml MLI,La Liga,2324,1,1,3,3,0,2,0,fbref_cache
152.0,4,1.7,1,0,1,0.59,0.0,0.59,Fede San Emeterio,Cádiz,MF,26,es ESP,La Liga,2324,1,1,2,2,1,8,3,fbref_cache
1975.0,30,21.9,4,5,9,0.18,0.23,0.41,Oihan Sancet,Athletic Club,MF,23,es ESP,La Liga,2324,42,12,10,11,29,30,35,fbref_cache
1452.0,29,16.1,3,1,4,0.19,0.06,0.25,Antonio Sánchez,Mallorca,MF,26,es ESP,La Liga,2324,23,9,12,12,34,26,13,fbref_cache
1181.0,26,13.1,0,2,2,0.0,0.15,0.15,Juanlu Sánchez,Sevilla,"DF,MF",19,es ESP,La Liga,2324,11,2,10,36,61,11,23,fbref_cache
1775.0,26,19.7,0,5,5,0.0,0.25,0.25,Manu Sánchez,Celta Vigo,"DF,MF",22,es ESP,La Liga,2324,9,2,19,32,57,21,5,fbref_cache
2295.0,33,25.5,3,0,3,0.12,0.0,0.12,Ricard Sánchez,Granada,DF,23,es ESP,La Liga,2324,14,5,13,18,83,27,21,fbref_cache
656.0,14,7.3,1,0,1,0.14,0.0,0.14,Yellu Santiago,Getafe,MF,19,es ESP,La Liga,2324,5,2,1,8,4,17,12,fbref_cache
24.0,1,0.3,0,0,0,0.0,0.0,0.0,Paco Sanz,Almería,DF,18,es ESP,La Liga,2324,0,0,0,0,0,0,0,fbref_cache
1630.0,23,18.1,0,0,0,0.0,0.0,0.0,Stefan Savić,Atlético Madrid,DF,32,me MNE,La Liga,2324,5,1,25,18,4,16,6,fbref_cache
2976.0,37,33.1,9,10,19,0.27,0.3,0.57,Sávio,Girona,"MF,FW",19,br BRA,La Liga,2324,45,20,20,26,122,30,66,fbref_cache
946.0,11,10.5,1,0,1,0.1,0.0,0.1,Aleksandar Sedlar,Alavés,DF,31,rs SRB,La Liga,2324,4,1,15,8,0,14,4,fbref_cache
729.0,19,8.1,3,0,3,0.37,0.0,0.37,André Silva,Real Sociedad,FW,27,pt POR,La Liga,2324,16,6,1,2,0,14,8,fbref_cache
2475.0,28,27.5,0,0,0,0.0,0.0,0.0,Rui Silva,Real Betis,GK,29,pt POR,La Liga,2324,0,0,1,0,0,2,7,fbref_cache
630.0,14,7.0,1,2,3,0.14,0.29,0.43,Giuliano Simeone,Alavés,MF,20,ar ARG,La Liga,2324,15,3,5,5,14,11,6,fbref_cache
3182.0,36,35.4,0,0,0,0.0,0.0,0.0,Unai Simón,Athletic Club,GK,26,es ESP,La Liga,2324,0,0,1,1,0,0,8,fbref_cache
374.0,10,4.2,0,0,0,0.0,0.0,0.0,Daley Sinkgraven,Las Palmas,DF,28,nl NED,La Liga,2324,0,0,6,5,5,4,5,fbref_cache
897.0,14,10.0,0,1,1,0.0,0.1,0.1,Jailson Siqueira,Celta Vigo,"DF,MF",27,br BRA,La Liga,2324,5,3,12,18,4,13,13,fbref_cache
3060.0,34,34.0,0,0,0,0.0,0.0,0.0,Antonio Sivera,Alavés,GK,26,es ESP,La Liga,2324,0,0,0,0,0,0,2,fbref_cache
1646.0,32,18.3,0,1,1,0.0,0.05,0.05,Rubén Sobrino,Cádiz,"MF,FW",31,es ESP,La Liga,2324,21,3,17,29,22,46,31,fbref_cache
30.0,2,0.3,0,0,0,0.0,0.0,0.0,Alex Sola,Real Sociedad,"DF,FW",24,es ESP,La Liga,2324,0,0,1,0,0,2,2,fbref_cache
1262.0,29,14.0,0,3,3,0.0,0.21,0.21,Alex Sola,Alavés,MF,24,es ESP,La Liga,2324,28,7,10,15,82,11,28,fbref_cache
384.0,18,4.3,0,0,0,0.0,0.0,0.0,Jhon Solis,Girona,MF,18,co COL,La Liga,2324,9,3,8,9,0,10,5,fbref_cache
3413.0,38,37.9,0,0,0,0.0,0.0,0.0,David Soria,Getafe,GK,30,es ESP,La Liga,2324,0,0,1,0,0,1,2,fbref_cache
8.0,1,0.1,0,0,0,0.0,0.0,0.0,Alberto Soro,Granada,"FW,MF",24,es ESP,La Liga,2324,0,0,0,0,0,0,1,fbref_cache
721.0,17,8.0,0,1,1,0.0,0.12,0.12,Hugo Sotelo,Celta Vigo,MF,19,es ESP,La Liga,2324,8,1,2,17,29,16,3,fbref_cache
2286.0,28,25.4,0,1,1,0.0,0.04,0.04,Boubakary Soumaré,Sevilla,MF,24,fr FRA,La Liga,2324,1,0,25,31,3,33,29,fbref_cache
1460.0,24,16.2,1,1,2,0.06,0.06,0.12,Djibril Sow,Sevilla,MF,26,ch SUI,La Liga,2324,18,5,18,21,6,27,19,fbref_cache
114.0,6,1.3,0,0,0,0.0,0.0,0.0,Çağlar Söyüncü,Atlético Madrid,DF,27,tr TUR,La Liga,2324,0,0,1,1,0,3,1,fbref_cache
2216.0,27,24.6,1,0,1,0.04,0.0,0.04,Carl Starfelt,Celta Vigo,DF,28,se SWE,La Liga,2324,12,5,37,29,1,15,10,fbref_cache
2863.0,37,31.8,13,3,16,0.41,0.09,0.5,Jørgen Strand Larsen,Celta Vigo,FW,23,no NOR,La Liga,2324,82,35,5,11,19,64,48,fbref_cache
804.0,31,8.9,9,3,12,1.01,0.34,1.34,Cristhian Stuani,Girona,FW,36,uy URU,La Liga,2324,34,17,5,11,1,28,7,fbref_cache
2562.0,32,28.5,2,0,2,0.07,0.0,0.07,Álex Suárez,Las Palmas,DF,30,es ESP,La Liga,2324,7,5,18,38,15,26,28,fbref_cache
1299.0,16,14.4,0,2,2,0.0,0.14,0.14,Damián Suárez,Getafe,DF,35,uy URU,La Liga,2324,4,1,10,20,49,24,12,fbref_cache
133.0,4,1.5,0,0,0,0.0,0.0,0.0,Denis Suárez,Villarreal,MF,29,es ESP,La Liga,2324,1,0,1,0,4,4,2,fbref_cache
917.0,15,10.2,6,0,6,0.59,0.0,0.59,Luis Suárez,Almería,"FW,MF",25,co COL,La Liga,2324,40,14,0,5,7,18,17,fbref_cache
1517.0,29,16.9,1,4,5,0.06,0.24,0.3,Suso,Sevilla,MF,29,es ESP,La Liga,2324,26,6,5,17,133,22,36,fbref_cache
3.0,1,0.0,0,0,0,0.0,0.0,0.0,Max Svensson,Osasuna,FW,21,es ESP,La Liga,2324,0,0,0,0,0,1,0,fbref_cache
439.0,15,4.9,5,0,5,1.03,0.0,1.03,Williot Swedberg,Celta Vigo,FW,19,se SWE,La Liga,2324,12,6,1,5,5,6,11,fbref_cache
18.0,2,0.2,0,0,0,0.0,0.0,0.0,Mamadou Sylla,Alavés,FW,29,sn SEN,La Liga,2324,0,0,0,0,0,1,2,fbref_cache
2489.0,34,27.7,23,6,29,0.83,0.22,1.05,Alexander Sørloth,Villarreal,FW,27,no NOR,La Liga,2324,78,36,0,4,7,34,19,fbref_cache
3.0,1,0.0,0,0,0,0.0,0.0,0.0,Yassin Tallal,Getafe,MF,18,es ESP,La Liga,2324,0,0,0,0,0,1,0,fbref_cache
1337.0,21,14.9,0,0,0,0.0,0.0,0.0,Renato Tapia,Celta Vigo,"MF,DF",28,pe PER,La Liga,2324,19,1,20,27,9,25,27,fbref_cache
8.0,1,0.1,0,0,0,0.0,0.0,0.0,César Tárrega,Valencia,DF,21,es ESP,La Liga,2324,0,0,0,0,0,0,0,fbref_cache
43.0,6,0.5,0,0,0,0.0,0.0,0.0,Marciano Tchami,Almería,FW,19,gw GNB,La Liga,2324,1,0,0,0,1,0,0,fbref_cache
1987.0,27,22.1,3,1,4,0.14,0.05,0.18,Aurélien Tchouaméni,Real Madrid,"MF,DF",23,fr FRA,La Liga,2324,27,7,29,25,22,20,22,fbref_cache
1141.0,25,12.7,1,0,1,0.08,0.0,0.08,Nahuel Tenaglia,Alavés,DF,27,ar ARG,La Liga,2324,8,1,13,15,17,13,14,fbref_cache
2520.0,28,28.0,0,0,0,0.0,0.0,0.0,Marc-André ter Stegen,Barcelona,GK,31,de GER,La Liga,2324,0,0,0,0,0,0,1,fbref_cache
785.0,19,8.7,0,2,2,0.0,0.23,0.23,Ramón Terrats,Villarreal,MF,22,es ESP,La Liga,2324,8,1,2,13,27,15,17,fbref_cache
1238.0,20,13.8,0,2,2,0.0,0.15,0.15,Kieran Tierney,Real Sociedad,DF,26,sct SCO,La Liga,2324,2,0,10,24,27,6,8,fbref_cache
1272.0,25,14.1,1,2,3,0.07,0.14,0.21,Raúl de Tomás,Rayo Vallecano,FW,28,es ESP,La Liga,2324,39,12,1,5,8,24,26,fbref_cache
701.0,26,7.8,0,2,2,0.0,0.26,0.26,Pablo Torre,Girona,MF,20,es ESP,La Liga,2324,13,1,4,2,7,8,21,fbref_cache
1250.0,17,13.9,0,0,0,0.0,0.0,0.0,Raúl Torrente,Granada,DF,21,es ESP,La Liga,2324,3,0,12,15,2,18,8,fbref_cache
1211.0,29,13.5,7,2,9,0.52,0.15,0.67,Ferran Torres,Barcelona,FW,23,es ESP,La Liga,2324,38,15,5,8,21,8,16,fbref_cache
1616.0,27,18.0,0,1,1,0.0,0.06,0.06,Óliver Torres,Sevilla,MF,28,es ESP,La Liga,2324,9,3,7,22,43,26,23,fbref_cache
1788.0,28,19.9,1,0,1,0.05,0.0,0.05,Lucas Torró,Osasuna,MF,29,es ESP,La Liga,2324,30,7,35,15,3,43,17,fbref_cache
568.0,11,6.3,1,0,1,0.16,0.0,0.16,Bertrand Traoré,Villarreal,MF,27,bf BFA,La Liga,2324,20,7,1,5,9,7,21,fbref_cache
2292.0,31,25.5,0,2,2,0.0,0.08,0.08,Hamari Traoré,Real Sociedad,DF,31,ml MLI,La Liga,2324,18,2,24,19,46,32,19,fbref_cache
1380.0,31,15.3,0,0,0,0.0,0.0,0.0,Óscar Trejo,Rayo Vallecano,"FW,MF",35,ar ARG,La Liga,2324,18,3,5,15,21,40,40,fbref_cache
309.0,14,3.4,0,0,0,0.0,0.0,0.0,Manu Trigueros,Villarreal,MF,31,es ESP,La Liga,2324,6,3,3,5,5,5,3,fbref_cache
2052.0,30,22.8,8,7,15,0.35,0.31,0.66,Viktor Tsyhankov,Girona,MF,25,ua UKR,La Liga,2324,44,16,10,20,61,14,41,fbref_cache
1687.0,29,18.7,0,1,1,0.0,0.05,0.05,Beñat Turrientes,Real Sociedad,MF,21,es ESP,La Liga,2324,23,10,6,18,19,36,36,fbref_cache
140.0,3,1.6,0,1,1,0.0,0.64,0.64,Enes Ünal,Getafe,FW,26,tr TUR,La Liga,2324,1,0,0,0,1,5,5,fbref_cache
2448.0,34,27.2,11,1,12,0.4,0.04,0.44,Myrto Uzuni,Granada,"FW,MF",28,al ALB,La Liga,2324,64,29,3,13,11,26,19,fbref_cache
2692.0,34,29.9,1,0,1,0.03,0.0,0.03,Óscar Valentín,Rayo Vallecano,MF,28,es ESP,La Liga,2324,15,7,35,64,6,77,43,fbref_cache
2349.0,28,26.1,0,1,1,0.0,0.04,0.04,Martin Valjent,Mallorca,DF,27,sk SVK,La Liga,2324,9,0,29,19,17,29,10,fbref_cache
108.0,3,1.2,0,0,0,0.0,0.0,0.0,Jesús Vallejo,Granada,DF,26,es ESP,La Liga,2324,0,0,0,1,0,2,1,fbref_cache
3263.0,37,36.3,0,0,0,0.0,0.0,0.0,Álvaro Vallés,Las Palmas,GK,26,es ESP,La Liga,2324,0,0,0,3,1,1,6,fbref_cache
2904.0,37,32.3,2,7,9,0.06,0.22,0.28,Federico Valverde,Real Madrid,MF,25,uy URU,La Liga,2324,56,19,43,35,32,19,15,fbref_cache
286.0,6,3.2,0,0,0,0.0,0.0,0.0,Siebe Van Der Heyden,Mallorca,DF,25,be BEL,La Liga,2324,2,0,7,4,0,8,1,fbref_cache
3302.0,37,36.7,7,1,8,0.19,0.03,0.22,José Luis García Vayá,Valencia,MF,24,es ESP,La Liga,2324,35,12,45,55,145,51,40,fbref_cache
4.0,1,0.0,0,0,0,0.0,0.0,0.0,Borja Vázquez,Cádiz,FW,18,es ESP,La Liga,2324,0,0,0,0,1,0,0,fbref_cache
716.0,20,8.0,1,0,1,0.13,0.0,0.13,Jesus Vazquez,Valencia,DF,20,es ESP,La Liga,2324,7,2,3,10,18,8,7,fbref_cache
700.0,12,7.8,0,0,0,0.0,0.0,0.0,Kevin Vázquez,Celta Vigo,DF,30,es ESP,La Liga,2324,2,1,5,13,8,11,10,fbref_cache
1419.0,29,15.8,3,6,9,0.19,0.38,0.57,Lucas Vázquez,Real Madrid,DF,32,es ESP,La Liga,2324,12,7,12,22,45,23,24,fbref_cache
18.0,1,0.2,0,0,0,0.0,0.0,0.0,Gabriel Veiga,Celta Vigo,MF,21,es ESP,La Liga,2324,0,0,0,0,1,0,0,fbref_cache
35.0,6,0.4,0,0,0,0.0,0.0,0.0,Alejo Véliz,Sevilla,FW,19,ar ARG,La Liga,2324,2,2,0,0,0,4,1,fbref_cache
162.0,5,1.8,0,0,0,0.0,0.0,0.0,Arthur Vermeeren,Atlético Madrid,MF,18,be BEL,La Liga,2324,0,0,6,0,0,7,1,fbref_cache
1534.0,27,17.0,3,1,4,0.18,0.06,0.23,Mikel Vesga,Athletic Club,MF,30,es ESP,La Liga,2324,19,7,31,20,15,28,6,fbref_cache
1114.0,18,12.4,2,4,6,0.16,0.32,0.48,Carlos Vicente,Alavés,MF,24,es ESP,La Liga,2324,15,8,5,7,90,18,25,fbref_cache
96.0,7,1.1,1,0,1,0.94,0.0,0.94,Nacho Vidal,Osasuna,DF,28,es ESP,La Liga,2324,3,1,0,4,0,0,1,fbref_cache
416.0,8,4.6,0,0,0,0.0,0.0,0.0,Nacho Vidal,Mallorca,DF,28,es ESP,La Liga,2324,8,3,2,5,15,9,3,fbref_cache
315.0,4,3.5,0,0,0,0.0,0.0,0.0,Fran Vieites,Real Betis,GK,24,es ESP,La Liga,2324,0,0,0,1,0,0,0,fbref_cache
617.0,9,6.9,2,1,3,0.29,0.15,0.44,Jonathan Viera,Las Palmas,"MF,FW",33,es ESP,La Liga,2324,14,6,0,4,16,3,17,fbref_cache
912.0,12,10.1,0,3,3,0.0,0.3,0.3,Jonathan Viera,Almería,MF,33,es ESP,La Liga,2324,12,5,4,9,6,10,16,fbref_cache
13.0,2,0.1,0,0,0,0.0,0.0,0.0,Toni Villa,Girona,MF,28,es ESP,La Liga,2324,1,1,0,0,0,0,1,fbref_cache
513.0,18,5.7,2,1,3,0.35,0.18,0.53,Asier Villalibre,Athletic Club,FW,25,es ESP,La Liga,2324,12,6,0,1,2,7,11,fbref_cache
1803.0,35,20.0,1,3,4,0.05,0.15,0.2,Gonzalo Villar,Granada,MF,25,es ESP,La Liga,2324,22,5,7,33,24,45,66,fbref_cache
1014.0,12,11.3,0,0,0,0.0,0.0,0.0,Iván Villar,Celta Vigo,GK,26,es ESP,La Liga,2324,0,0,0,0,0,2,2,fbref_cache
166.0,3,1.8,0,0,0,0.0,0.0,0.0,Ricardo Visus,Real Betis,DF,22,es ESP,La Liga,2324,0,0,2,2,0,3,1,fbref_cache
2878.0,33,32.0,0,0,0,0.0,0.0,0.0,Daniel Vivian,Athletic Club,DF,24,es ESP,La Liga,2324,11,1,29,29,5,37,26,fbref_cache
82.0,5,0.9,0,0,0,0.0,0.0,0.0,Shon Weissman,Granada,FW,27,il ISR,La Liga,2324,1,0,0,1,1,1,1,fbref_cache
2844.0,34,31.6,12,3,15,0.38,0.09,0.47,Iñaki Williams,Athletic Club,MF,29,gh GHA,La Liga,2324,93,43,13,18,110,32,45,fbref_cache
2263.0,31,25.1,5,11,16,0.2,0.44,0.64,Nico Williams,Athletic Club,MF,21,es ESP,La Liga,2324,56,19,4,12,152,19,37,fbref_cache
2783.0,35,30.9,2,0,2,0.06,0.0,0.06,Axel Witsel,Atlético Madrid,DF,34,be BEL,La Liga,2324,7,3,16,21,4,24,28,fbref_cache
302.0,10,3.4,0,0,0,0.0,0.0,0.0,Xeber,Alavés,"MF,FW",26,es ESP,La Liga,2324,5,0,1,5,14,9,0,fbref_cache
61.0,1,0.7,0,0,0,0.0,0.0,0.0,Antal Yaakobishvili,Girona,DF,19,hu HUN,La Liga,2324,0,0,3,1,0,1,0,fbref_cache
2201.0,37,24.5,5,5,10,0.2,0.2,0.41,Lamine Yamal,Barcelona,"FW,MF",16,es ESP,La Liga,2324,58,21,20,37,87,23,52,fbref_cache
928.0,25,10.3,3,0,3,0.29,0.0,0.29,Roman Yaremchuk,Valencia,FW,27,ua UKR,La Liga,2324,18,9,1,2,3,7,13,fbref_cache
1228.0,29,13.6,1,2,3,0.07,0.15,0.22,Arsen Zakharyan,Real Sociedad,"MF,FW",20,ru RUS,La Liga,2324,33,9,4,15,76,21,11,fbref_cache
704.0,13,7.8,0,0,0,0.0,0.0,0.0,Joseba Zaldúa,Cádiz,"DF,MF",31,es ESP,La Liga,2324,1,0,1,13,16,14,4,fbref_cache
1638.0,21,18.2,6,2,8,0.33,0.11,0.44,Bryan Zaragoza,Granada,"MF,FW",21,es ESP,La Liga,2324,33,19,3,8,99,12,33,fbref_cache
2518.0,30,28.0,0,2,2,0.0,0.07,0.07,Igor Zubeldia,Real Sociedad,DF,26,es ESP,La Liga,2324,12,0,28,24,3,42,9,fbref_cache
2654.0,31,29.5,4,1,5,0.14,0.03,0.17,Martín Zubimendi,Real Sociedad,MF,24,es ESP,La Liga,2324,22,11,39,28,7,34,21,fbref_cache
1227.0,18,13.63,0,0,0,,,,Pablo Romero 3,Almería,DF,25,BRA,Segunda,2223,4,1,21,20,10,21,17,demo
1127.0,16,12.52,0,0,0,,,,Iker Torres 8,Córdoba,DF,34,POR,Segunda,2425,7,0,28,15,11,9,9,demo
2850.0,38,31.67,3,5,8,,,,Javier Ortega 9,Albacete,MF,30,URU,Segunda,2223,33,7,53,50,65,40,32,demo
2907.0,38,32.3,1,1,2,,,,Fermín Díaz 14,Zaragoza B,DF,35,ESP,Segunda,2425,13,4,64,47,32,23,36,demo
2514.0,36,27.93,0,2,2,,,,Yeremy Ruiz 18,Tenerife,DF,26,POR,Segunda,2223,13,4,51,52,13,35,28,demo
555.0,8,6.17,2,2,4,,,,Lamine González 23,Almería,FW,34,URU,Segunda,2425,11,4,0,2,7,2,5,demo
3069.0,38,34.1,16,10,26,,,,Samu Romero 24,Albacete,FW,29,ARG,Segunda,2223,70,17,9,20,38,34,36,demo
1653.0,24,18.37,3,5,8,,,,Hugo García 29,Albacete,MF,20,NGA,Segunda,2425,13,6,23,32,27,21,15,demo
2428.0,35,26.98,2,4,6,,,,Iker Ruiz 33,Tenerife,MF,29,MAR,Segunda,2223,24,10,27,30,43,24,29,demo
395.0,6,4.39,1,0,1,,,,Iker García 38,Eibar,DF,20,ARG,Segunda,2425,2,2,7,9,3,3,0,demo
2690.0,38,29.89,2,1,3,,,,Pablo Ruiz 39,Mirandés,DF,34,FRA,Segunda,2223,9,1,42,46,27,30,18,demo
563.0,8,6.26,0,0,0,,,,Iker González 44,Huesca,DF,20,ESP,Segunda,2425,2,0,18,5,2,8,6,demo
2113.0,30,23.48,8,5,13,,,,Bryan Sánchez 48,Burgos,FW,26,FRA,Segunda,2223,44,15,11,10,22,25,19,demo
2891.0,38,32.12,18,8,26,,,,Iker López 53,Dépor,FW,34,FRA,Segunda,2425,63,29,16,16,42,38,40,demo
1041.0,15,11.57,4,0,4,,,,Ante Jiménez 54,Zaragoza B,FW,28,URU,Segunda,2223,18,11,9,4,7,10,10,demo
1829.0,26,20.32,11,4,15,,,,Álex Torres 59,Elche,"FW,MF",35,BRA,Segunda,2425,45,22,9,8,28,15,18,demo
3117.0,38,34.63,2,7,9,,,,Ante Ruiz 63,Dépor,MF,24,ARG,Segunda,2223,42,12,39,45,72,38,30,demo
2428.0,35,26.98,12,5,17,,,,Sergio Alonso 68,Cartagena,FW,24,ESP,Segunda,2425,65,25,12,15,40,24,30,demo
466.0,7,5.18,0,1,1,,,,Pablo Iglesias 69,Burgos,DF,34,POR,Segunda,2223,2,0,13,7,2,2,5,demo
2688.0,38,29.87,1,2,3,,,,Iván Romero 74,Córdoba,DF,27,ARG,Segunda,2425,13,4,56,47,29,37,28,demo
2126.0,30,23.62,8,5,13,,,,Nico Alonso 78,Eldense,FW,20,ARG,Segunda,2223,56,22,16,18,13,25,21,demo
2079.0,30,23.1,9,5,14,,,,Javier Núñez 83,Racing Ferrol,FW,35,ARG,Segunda,2425,41,15,17,12,25,21,27,demo
865.0,12,9.61,0,0,0,,,,Fermín Sánchez 84,Zaragoza,GK,17,URU,Segunda,2223,0,0,3,1,0,13,12,demo
2403.0,34,26.7,0,6,6,,,,Hugo Castro 89,Castellón,MF,27,ESP,Segunda,2425,30,8,34,37,49,32,28,demo
2821.0,38,31.34,1,6,7,,,,Samu Alonso 93,Racing,DF,30,FRA,Segunda,2223,12,1,63,54,23,37,42,demo
1123.0,16,12.48,0,2,2,,,,Fermín González 1,Albacete,DF,33,POR,Segunda,2425,5,0,20,26,10,11,7,demo
707.0,10,7.86,1,1,2,,,,Fermín Pérez 2,Tenerife,FW,17,ESP,Segunda,2223,13,7,1,4,12,10,6,demo
2527.0,36,28.08,2,0,2,,,,Pedri Jiménez 7,Eldense,DF,35,ESP,Segunda,2425,12,2,60,48,19,28,31,demo
638.0,9,7.09,1,1,2,,,,Javier Navarro 11,Albacete,MF,34,ARG,Segunda,2223,14,8,9,14,13,8,2,demo
2775.0,38,30.83,0,0,0,,,,Lamine Pérez 16,Burgos,GK,20,ARG,Segunda,2425,0,0,2,2,1,31,27,demo
1492.0,21,16.58,1,9,10,,,,Iván García 17,Eibar,MF,36,ARG,Segunda,2223,18,3,30,23,21,29,15,demo
953.0,14,10.59,0,0,0,,,,Lamine Martínez 22,Cartagena,DF,27,MAR,Segunda,2425,4,0,25,16,6,6,9,demo
2302.0,33,25.58,2,2,4,,,,Sergio González 26,Tenerife,DF,19,POR,Segunda,2223,7,1,38,38,22,32,26,demo
1471.0,21,16.34,0,0,0,,,,Samu Navarro 31,Eldense,DF,17,URU,Segunda,2425,11,1,23,27,17,10,22,demo
1222.0,17,13.58,5,2,7,,,,Nico Torres 32,Córdoba,MF,30,BRA,Segunda,2223,14,3,16,20,27,7,15,demo
1267.0,18,14.08,2,0,2,,,,Hugo Díaz 37,Mirandés,DF,20,POR,Segunda,2425,7,0,21,23,14,13,15,demo
566.0,8,6.29,2,1,3,,,,Iván Alonso 41,Dépor,MF,26,MAR,Segunda,2223,6,3,3,9,9,7,6,demo
959.0,14,10.66,3,1,4,,,,Lamine López 46,Almería,MF,25,POR,Segunda,2425,9,3,17,16,14,12,9,demo
796.0,11,8.84,0,1,1,,,,Pedri García 47,Levante,MF,19,BRA,Segunda,2223,12,2,9,7,18,14,6,demo
2300.0,33,25.56,11,6,17,,,,Yeremy López 52,Tenerife,FW,23,BRA,Segunda,2425,63,24,7,17,26,26,20,demo
2791.0,38,31.01,3,7,10,,,,Ayoze Núñez 56,Eibar,MF,36,POR,Segunda,2223,28,8,40,41,47,34,28,demo
2578.0,37,28.64,4,2,6,,,,Iván Ruiz 61,Racing Ferrol,DF,29,FRA,Segunda,2425,8,2,38,45,18,30,27,demo
1303.0,19,14.48,2,1,3,,,,Pedri Alonso 62,Sporting,FW,19,ESP,Segunda,2223,27,13,5,6,16,12,19,demo
3250.0,38,36.11,2,1,3,,,,Pablo Martínez 67,Castellón,DF,30,POR,Segunda,2425,21,5,60,62,28,43,34,demo
708.0,10,7.87,0,0,0,,,,Gavi Torres 71,Burgos,DF,25,POR,Segunda,2223,2,2,11,14,4,13,3,demo
2057.0,29,22.86,0,0,0,,,,Hugo López 76,Racing,GK,27,ESP,Segunda,2425,0,0,3,0,1,20,30,demo
728.0,10,8.09,0,0,0,,,,Bryan Ruiz 77,Racing,GK,27,ESP,Segunda,2223,0,0,1,0,1,11,6,demo
2189.0,31,24.32,0,2,2,,,,Pedri Díaz 82,Dépor,DF,23,URU,Segunda,2425,9,3,45,41,20,29,27,demo
915.0,13,10.17,1,1,2,,,,Marc Romero 86,Eibar,DF,23,POR,Segunda,2223,2,2,8,25,11,6,11,demo
529.0,8,5.88,2,0,2,,,,Sergio Alonso 91,Córdoba,FW,27,NGA,Segunda,2425,9,3,6,2,5,2,10,demo
2711.0,38,30.12,5,6,11,,,,Nico Ruiz 92,Granada,MF,25,POR,Segunda,2223,29,10,33,27,63,38,30,demo
1688.0,24,18.76,3,6,9,,,,Yeremy Núñez 0,Sporting,MF,36,POR,Segunda,2425,24,9,21,24,39,21,17,demo
1365.0,20,15.17,0,0,0,,,,Samu Núñez 4,Albacete,DF,26,URU,Segunda,2223,8,3,28,20,14,15,10,demo
1557.0,22,17.3,0,4,4,,,,Lamine Ramírez 9,Burgos,MF,31,ESP,Segunda,2425,16,4,18,27,33,25,21,demo
373.0,5,4.14,0,1,1,,,,Iker Moreno 10,Córdoba,DF,31,MAR,Segunda,2223,2,0,14,8,0,4,2,demo
2073.0,30,23.03,0,4,4,,,,Pablo Romero 15,Granada,DF,20,ARG,Segunda,2425,10,1,43,31,21,29,17,demo
1876.0,27,20.84,6,6,12,,,,Gavi Navarro 19,Racing,FW,27,MAR,Segunda,2223,51,19,2,11,26,28,19,demo
3338.0,38,37.09,1,6,7,,,,Pedri García 24,Levante,DF,17,FRA,Segunda,2425,17,5,62,69,28,40,29,demo
1762.0,25,19.58,8,11,19,,,,Marc Díaz 25,Burgos,FW,30,FRA,Segunda,2223,36,12,6,7,24,19,19,demo
2036.0,29,22.62,11,1,12,,,,Takefusa Ramírez 30,Sporting,FW,17,ARG,Segunda,2425,62,25,8,5,28,30,16,demo
1276.0,18,14.18,0,5,5,,,,Ayoze Martínez 34,Racing Ferrol,MF,36,ESP,Segunda,2223,13,2,24,17,18,13,20,demo
3158.0,38,35.09,2,2,4,,,,Rodri Ortega 39,Zaragoza,DF,27,BRA,Segunda,2425,13,3,72,55,24,46,33,demo
3153.0,38,35.03,3,8,11,,,,Gavi Navarro 40,Málaga,MF,19,ESP,Segunda,2223,44,14,52,44,66,46,44,demo
2906.0,38,32.29,6,3,9,,,,Iván Romero 45,Zaragoza B,MF,17,NGA,Segunda,2425,33,8,43,35,63,33,34,demo
1054.0,15,11.71,2,1,3,,,,Iván Castro 49,Tenerife,"FW,MF",28,BRA,Segunda,2223,27,8,7,6,16,21,9,demo
2378.0,34,26.42,3,9,12,,,,Unai Ortega 54,Elche,MF,22,NGA,Segunda,2425,25,7,29,40,49,32,27,demo
2593.0,37,28.81,1,2,3,,,,Lamine Núñez 55,Eldense,DF,29,ARG,Segunda,2223,10,3,60,58,28,32,24,demo
1110.0,16,12.33,4,4,8,,,,Fermín González 60,Eldense,FW,28,MAR,Segunda,2425,29,5,5,8,11,13,9,demo
1847.0,26,20.52,9,4,13,,,,Mikel Núñez 64,Mirandés,"FW,MF",21,MAR,Segunda,2223,49,15,7,7,27,20,24,demo
2024.0,29,22.49,0,3,3,,,,Javier Díaz 69,Sporting,MF,33,URU,Segunda,2425,23,5,24,31,36,18,26,demo
2422.0,35,26.91,6,6,12,,,,Álex Castro 70,Sporting,FW,31,MAR,Segunda,2223,52,17,8,12,32,32,29,demo
2988.0,38,33.2,5,9,14,,,,Pablo Castro 75,Huesca,MF,23,FRA,Segunda,2425,37,15,48,43,66,36,48,demo
889.0,13,9.88,3,1,4,,,,Hugo Vargas 79,Elche,FW,17,ESP,Segunda,2223,14,7,5,6,18,8,9,demo
231.0,3,2.57,0,0,0,,,,Takefusa Martínez 84,Racing,DF,21,URU,Segunda,2425,0,0,4,5,4,3,2,demo
3074.0,38,34.16,1,11,12,,,,Yeremy Castro 85,Cartagena,MF,36,URU,Segunda,2223,38,11,35,56,60,42,42,demo
814.0,12,9.04,0,1,1,,,,Pedri Romero 90,Cartagena,DF,26,ESP,Segunda,2425,4,1,11,10,9,7,5,demo
1472.0,21,16.36,1,1,2,,,,Nico Iglesias 94,Cartagena,DF,19,FRA,Segunda,2223,4,0,30,20,18,20,16,demo
1125.0,16,12.5,0,1,1,,,,Lamine Torres 2,Levante,DF,29,ESP,Segunda,2425,9,3,23,17,9,14,14,demo
465.0,7,5.17,0,1,1,,,,Bryan García 3,Málaga,DF,24,BRA,Segunda,2223,0,0,8,3,5,3,6,demo
560.0,8,6.22,0,0,0,,,,Sergio Ruiz 8,Sporting,GK,21,MAR,Segunda,2425,0,0,1,1,0,5,3,demo
497.0,7,5.52,2,2,4,,,,Iker Romero 12,Elche,"FW,MF",28,FRA,Segunda,2223,16,7,5,2,6,4,8,demo
2384.0,34,26.49,1,1,2,,,,Marc Sánchez 17,Eldense,DF,22,FRA,Segunda,2425,8,1,54,40,19,39,24,demo
1648.0,24,18.31,3,3,6,,,,Iker Romero 18,Oviedo,MF,34,BRA,Segunda,2223,17,4,25,20,36,24,20,demo
2624.0,37,29.16,5,6,11,,,,Javier Navarro 23,Mirandés,MF,22,MAR,Segunda,2425,19,6,32,46,63,26,32,demo
1868.0,27,20.76,10,2,12,,,,Takefusa Castro 27,Sporting,"FW,MF",27,ESP,Segunda,2223,57,15,10,9,22,25,20,demo
2243.0,32,24.92,0,3,3,,,,Samu Moreno 32,Eldense,MF,22,ESP,Segunda,2425,29,12,28,32,45,31,35,demo
3356.0,38,37.29,3,1,4,,,,Lamine Martínez 33,Albacete,DF,33,FRA,Segunda,2223,17,5,67,71,29,45,44,demo
3306.0,38,36.73,2,11,13,,,,Marc Vargas 38,Eldense,MF,25,ESP,Segunda,2425,41,15,40,48,63,46,37,demo
2377.0,34,26.41,10,9,19,,,,Ante López 42,Huesca,"FW,MF",25,FRA,Segunda,2223,61,26,8,12,31,28,30,demo
1013.0,14,11.26,1,1,2,,,,Pablo Navarro 47,Eibar,FW,29,FRA,Segunda,2425,27,7,5,2,9,17,11,demo
2660.0,38,29.56,5,6,11,,,,Yeremy Núñez 48,Granada,FW,29,ARG,Segunda,2223,74,27,14,18,34,32,35,demo
2434.0,35,27.04,13,3,16,,,,Fermín Núñez 53,Castellón,FW,22,ESP,Segunda,2425,64,22,13,14,27,41,19,demo
1178.0,17,13.09,1,3,4,,,,Ante González 57,Mirandés,MF,23,ARG,Segunda,2223,11,3,20,20,28,6,16,demo
1011.0,14,11.23,7,2,9,,,,Lamine Ortega 62,Granada,"FW,MF",22,ESP,Segunda,2425,20,5,8,3,11,12,12,demo
2925.0,38,32.5,0,0,0,,,,Mikel Ramírez 63,Mirandés,GK,24,URU,Segunda,2223,0,0,3,0,1,35,36,demo
2963.0,38,32.92,13,4,17,,,,Marc Ruiz 68,Racing Ferrol,FW,32,POR,Segunda,2425,75,30,11,31,41,42,33,demo
1406.0,20,15.62,1,0,1,,,,Gavi Ortega 72,Córdoba,DF,25,POR,Segunda,2223,8,4,37,20,5,16,15,demo
2407.0,34,26.74,1,1,2,,,,Samu García 77,Almería,DF,32,MAR,Segunda,2425,10,2,49,43,25,33,48,demo
935.0,13,10.39,0,0,0,,,,Carlos González 78,Córdoba,DF,20,ARG,Segunda,2223,6,3,14,11,11,7,9,demo
1948.0,28,21.64,9,4,13,,,,Iván García 83,Dépor,"FW,MF",25,URU,Segunda,2425,32,9,4,7,21,28,26,demo
688.0,10,7.64,2,3,5,,,,Marc Ortega 87,Córdoba,FW,31,MAR,Segunda,2223,14,5,2,2,9,11,8,demo
849.0,12,9.43,1,1,2,,,,Iker Torres 92,Tenerife,DF,18,ARG,Segunda,2425,3,1,11,18,5,6,16,demo
813.0,12,9.03,0,2,2,,,,Rodri Moreno 93,Córdoba,MF,23,ARG,Segunda,2223,7,5,16,12,10,12,9,demo
2307.0,33,25.63,0,1,1,,,,Oihan Jiménez 1,Tenerife,DF,20,NGA,Segunda,2425,7,0,53,44,19,20,23,demo
3386.0,38,37.62,2,2,4,,,,Iker Ortega 5,Racing,DF,31,BRA,Segunda,2223,14,2,79,69,35,39,43,demo
1814.0,26,20.16,6,3,9,,,,Rodri López 10,Oviedo,FW,28,BRA,Segunda,2425,37,12,10,14,18,19,15,demo
380.0,5,4.22,1,0,1,,,,Hugo Moreno 11,Eldense,"DF,MF",21,NGA,Segunda,2223,3,2,3,7,6,2,4,demo
2629.0,38,29.21,13,8,21,,,,Hugo Ortega 16,Eibar,FW,18,MAR,Segunda,2425,62,18,9,16,30,32,38,demo
1863.0,27,20.7,1,0,1,,,,Samu Alonso 20,Sporting,DF,26,POR,Segunda,2223,8,3,39,29,21,15,26,demo
1951.0,28,21.68,1,0,1,,,,Oihan Moreno 25,Granada,DF,29,ARG,Segunda,2425,7,0,32,31,20,21,24,demo
1262.0,18,14.02,1,2,3,,,,Hugo Núñez 26,Zaragoza B,MF,20,FRA,Segunda,2223,9,1,18,14,30,14,9,demo
836.0,12,9.29,0,2,2,,,,Fermín Díaz 31,Eibar,MF,32,ESP,Segunda,2425,15,3,8,12,23,9,10,demo
2481.0,35,27.57,12,7,19,,,,Ayoze Díaz 35,Mirandés,"FW,MF",32,BRA,Segunda,2223,73,30,17,5,30,36,17,demo
3258.0,38,36.2,16,5,21,,,,Marc Navarro 40,Eibar,FW,36,NGA,Segunda,2425,86,25,18,25,42,46,30,demo
3257.0,38,36.19,0,0,0,,,,Álex Iglesias 41,Cartagena,DF,28,BRA,Segunda,2223,18,4,63,57,31,34,50,demo
652.0,9,7.24,0,1,1,,,,Álex Torres 46,Racing,MF,30,FRA,Segunda,2425,11,2,10,12,12,10,8,demo
2571.0,37,28.57,1,1,2,,,,Álex Vargas 50,Albacete,DF,29,URU,Segunda,2223,14,4,46,45,25,34,20,demo
2265.0,32,25.17,3,4,7,,,,Fermín Ortega 55,Almería,MF,23,ARG,Segunda,2425,25,6,26,36,50,39,29,demo
1065.0,15,11.83,1,0,1,,,,Sergio Ramírez 56,Castellón,DF,31,BRA,Segunda,2223,11,2,17,11,11,9,9,demo
797.0,11,8.86,1,1,2,,,,Iván García 61,Elche,MF,35,MAR,Segunda,2425,13,2,6,11,20,8,9,demo
770.0,11,8.56,0,0,0,,,,Álex Vargas 65,Zaragoza B,GK,21,NGA,Segunda,2223,0,0,2,0,0,16,9,demo
2596.0,37,28.84,4,6,10,,,,Bryan Sánchez 70,Levante,MF,23,ARG,Segunda,2425,33,7,29,33,47,27,19,demo
1091.0,16,12.12,4,1,5,,,,Javier Navarro 71,Elche,FW,20,ESP,Segunda,2223,24,5,9,6,17,16,17,demo
2600.0,37,28.89,13,5,18,,,,Takefusa Núñez 76,Racing,FW,19,URU,Segunda,2425,72,30,8,13,20,40,29,demo
2285.0,33,25.39,3,4,7,,,,Samu Romero 80,Castellón,MF,36,ESP,Segunda,2223,20,7,26,36,35,29,28,demo
939.0,13,10.43,1,3,4,,,,Ayoze Núñez 85,Levante,MF,35,URU,Segunda,2425,11,4,18,11,16,12,12,demo
1843.0,26,20.48,4,2,6,,,,Iván Moreno 86,Castellón,"MF,DF",23,BRA,Segunda,2223,25,7,26,25,37,26,19,demo
1615.0,23,17.94,3,3,6,,,,Nico Jiménez 91,Zaragoza,MF,20,ESP,Segunda,2425,12,4,26,19,39,20,28,demo
1565.0,22,17.39,2,1,3,,,,Nico Martínez 95,Castellón,MF,31,FRA,Segunda,2223,22,13,33,26,25,26,11,demo
434.0,6,4.82,0,3,3,,,,Ayoze Ramírez 3,Mirandés,MF,26,ARG,Segunda,2425,3,0,7,5,9,5,3,demo
2052.0,29,22.8,4,0,4,,,,Bryan Vargas 4,Huesca,MF,28,BRA,Segunda,2223,29,7,29,33,44,25,28,demo
1943.0,28,21.59,6,5,11,,,,Pablo Vargas 9,Elche,"FW,MF",27,POR,Segunda,2425,50,14,8,12,23,15,20,demo
1286.0,18,14.29,2,0,2,,,,Unai Núñez 13,Castellón,DF,26,URU,Segunda,2223,7,2,22,19,13,11,17,demo
1742.0,25,19.36,0,1,1,,,,Rodri Jiménez 18,Tenerife,DF,26,MAR,Segunda,2425,3,0,28,30,16,21,21,demo
3386.0,38,37.62,3,0,3,,,,Ante Pérez 19,Córdoba,DF,22,NGA,Segunda,2223,19,3,61,64,32,46,37,demo
1767.0,25,19.63,0,0,0,,,,Hugo Navarro 24,Racing Ferrol,GK,29,ARG,Segunda,2425,0,0,1,2,1,25,16,demo
978.0,14,10.87,0,0,0,,,,Yeremy Iglesias 28,Córdoba,DF,26,URU,Segunda,2223,4,0,26,15,10,13,14,demo
2481.0,35,27.57,0,2,2,,,,Ayoze Navarro 33,Córdoba,DF,18,URU,Segunda,2425,17,4,50,49,22,37,24,demo
971.0,14,10.79,2,2,4,,,,Rodri Jiménez 34,Mirandés,MF,36,NGA,Segunda,2223,11,4,17,19,23,15,8,demo
1547.0,22,17.19,2,0,2,,,,Iván Castro 39,Tenerife,DF,21,ESP,Segunda,2425,9,2,33,20,12,22,16,demo
2981.0,38,33.12,4,5,9,,,,Yeremy García 43,Tenerife,DF,25,BRA,Segunda,2223,15,7,61,55,27,42,40,demo
814.0,12,9.04,0,0,0,,,,Pablo Ortega 48,Racing Ferrol,DF,30,MAR,Segunda,2425,6,1,15,13,6,4,9,demo
1802.0,26,20.02,6,3,9,,,,Gavi Navarro 49,Córdoba,FW,26,POR,Segunda,2223,52,19,7,10,18,18,14,demo
3284.0,38,36.49,3,2,5,,,,Sergio Jiménez 54,Eibar,DF,24,POR,Segunda,2425,15,1,77,52,26,25,29,demo
1790.0,26,19.89,9,8,17,,,,Takefusa López 58,Oviedo,FW,21,POR,Segunda,2223,42,14,12,9,25,17,25,demo
324.0,5,3.6,0,1,1,,,,Iker López 63,Cartagena,MF,36,ARG,Segunda,2425,8,2,6,3,8,7,1,demo
2487.0,36,27.63,1,1,2,,,,Fermín Sánchez 64,Elche,DF,24,NGA,Segunda,2223,11,2,42,63,23,30,30,demo
1930.0,28,21.44,7,6,13,,,,Iker Díaz 69,Almería,"FW,MF",23,FRA,Segunda,2425,40,11,9,9,21,30,26,demo
2313.0,33,25.7,0,0,0,,,,Nico Sánchez 73,Córdoba,GK,26,NGA,Segunda,2223,0,0,4,4,0,24,30,demo
3258.0,38,36.2,6,8,14,,,,Samu Torres 78,Levante,MF,33,NGA,Segunda,2425,24,2,46,37,61,33,29,demo
2766.0,38,30.73,11,10,21,,,,Rodri García 79,Burgos,FW,22,MAR,Segunda,2223,70,28,11,15,31,28,26,demo
3149.0,38,34.99,14,4,18,,,,Iván Pérez 84,Levante,FW,35,BRA,Segunda,2425,83,28,19,23,42,37,36,demo
3385.0,38,37.61,16,4,20,,,,Mikel Navarro 88,Racing,"FW,MF",19,POR,Segunda,2223,84,30,15,17,31,39,35,demo
2102.0,30,23.36,2,0,2,,,,Lamine Iglesias 93,Racing,DF,26,POR,Segunda,2425,9,2,38,36,22,32,20,demo
2809.0,38,31.21,13,7,20,,,,Gavi Sánchez 94,Málaga,FW,25,MAR,Segunda,2223,74,29,8,15,46,24,32,demo
3142.0,38,34.91,1,2,3,,,,Hugo Sánchez 2,Elche,DF,21,MAR,Segunda,2425,14,4,78,54,30,51,27,demo
2084.0,30,23.16,3,0,3,,,,Oihan Pérez 6,Elche,DF,34,ARG,Segunda,2223,9,1,36,38,20,39,31,demo
3346.0,38,37.18,4,2,6,,,,Sergio Alonso 11,Burgos,DF,19,BRA,Segunda,2425,21,8,54,58,33,44,35,demo
1163.0,17,12.92,2,2,4,,,,Mikel Moreno 12,Almería,MF,18,NGA,Segunda,2223,12,5,23,22,26,14,17,demo
820.0,12,9.11,0,1,1,,,,Nico Ramírez 17,Tenerife,MF,34,NGA,Segunda,2425,10,4,7,18,11,10,6,demo
283.0,4,3.14,0,1,1,,,,Mikel Navarro 21,Racing Ferrol,DF,28,FRA,Segunda,2223,1,0,2,3,1,3,1,demo
1160.0,17,12.89,2,3,5,,,,Takefusa Moreno 26,Zaragoza,FW,33,NGA,Segunda,2425,30,11,5,4,9,16,5,demo
571.0,8,6.34,1,1,2,,,,Yeremy Ortega 27,Zaragoza B,DF,33,MAR,Segunda,2223,1,1,13,15,7,6,10,demo
3030.0,38,33.67,10,5,15,,,,Oihan Pérez 32,Mirandés,FW,30,ESP,Segunda,2425,64,21,4,15,35,44,38,demo
2168.0,31,24.09,9,4,13,,,,Samu Navarro 36,Cartagena,FW,17,FRA,Segunda,2223,59,19,10,16,23,25,15,demo
1045.0,15,11.61,6,1,7,,,,Iván Castro 41,Racing Ferrol,FW,36,BRA,Segunda,2425,27,12,6,3,11,14,10,demo
2397.0,34,26.63,1,4,5,,,,Yeremy Núñez 42,Castellón,MF,25,POR,Segunda,2223,29,9,35,30,37,32,32,demo
1292.0,18,14.36,2,4,6,,,,Álex Jiménez 47,Málaga,MF,26,NGA,Segunda,2425,13,5,16,15,25,12,17,demo
2720.0,38,30.22,0,1,1,,,,Gavi Núñez 51,Levante,DF,30,ARG,Segunda,2223,14,3,45,44,12,25,23,demo
469.0,7,5.21,0,0,0,,,,Hugo Ruiz 56,Almería,GK,21,MAR,Segunda,2425,0,0,1,0,1,12,8,demo
2166.0,31,24.07,5,5,10,,,,Bryan Ruiz 57,Albacete,MF,27,URU,Segunda,2223,25,7,36,33,52,20,24,demo
792.0,11,8.8,0,1,1,,,,Gavi González 62,Huesca,DF,17,NGA,Segunda,2425,7,1,16,14,7,6,8,demo
1250.0,18,13.89,0,0,0,,,,Lamine Sánchez 66,Albacete,GK,21,ESP,Segunda,2223,0,0,1,1,1,17,16,demo
753.0,11,8.37,0,0,0,,,,Iker Martínez 71,Almería,MF,23,URU,Segunda,2425,4,0,10,7,23,7,11,demo
3196.0,38,35.51,3,4,7,,,,Sergio Vargas 72,Cartagena,DF,22,FRA,Segunda,2223,13,1,62,56,35,42,37,demo
2757.0,38,30.63,0,1,1,,,,Iván Ramírez 77,Zaragoza,DF,34,POR,Segunda,2425,16,6,70,40,29,33,26,demo
1924.0,27,21.38,7,3,10,,,,Samu Díaz 81,Elche,FW,32,FRA,Segunda,2223,40,7,12,12,29,27,15,demo
1765.0,25,19.61,5,2,7,,,,Pedri Castro 86,Mirandés,FW,21,POR,Segunda,2425,50,14,7,4,15,24,17,demo
394.0,6,4.38,0,0,0,,,,Unai Ruiz 87,Burgos,MF,25,MAR,Segunda,2223,9,2,5,9,5,6,3,demo
950.0,14,10.56,1,2,3,,,,Álex Sánchez 92,Granada,FW,30,ESP,Segunda,2425,18,4,3,6,16,9,8,demo
1990.0,28,22.11,8,7,15,,,,Carlos Pérez 96,Mirandés,MF,32,NGA,Segunda,2223,27,10,29,29,36,22,21,demo
1107.0,16,12.3,1,2,3,,,,Iker Ramírez 4,Racing,DF,18,URU,Segunda,2425,7,1,26,23,10,17,14,demo
810.0,12,9.0,1,2,3,,,,Samu Torres 5,Burgos,MF,36,URU,Segunda,2223,8,3,11,8,25,7,7,demo
234.0,3,2.6,0,0,0,,,,Fermín Alonso 10,Racing,DF,20,FRA,Segunda,2425,0,0,4,5,2,3,4,demo
2259.0,32,25.1,2,2,4,,,,Rodri Díaz 14,Cartagena,DF,30,ARG,Segunda,2223,8,2,50,29,32,31,22,demo
1196.0,17,13.29,1,3,4,,,,Carlos López 19,Levante,MF,35,FRA,Segunda,2425,16,8,16,21,26,20,9,demo
1866.0,27,20.73,0,2,2,,,,Ayoze Iglesias 20,Zaragoza B,MF,27,URU,Segunda,2223,28,10,23,21,46,28,17,demo
1881.0,27,20.9,3,3,6,,,,Sergio Romero 25,Cartagena,MF,22,MAR,Segunda,2425,27,9,29,39,43,25,18,demo
1924.0,27,21.38,0,8,8,,,,Takefusa Torres 29,Racing,MF,27,FRA,Segunda,2223,24,8,22,23,43,15,24,demo
3248.0,38,36.09,2,1,3,,,,Javier Núñez 34,Málaga,DF,27,NGA,Segunda,2425,12,3,56,65,30,36,40,demo
3091.0,38,34.34,7,6,13,,,,Sergio Ortega 35,Oviedo,"DF,MF",23,FRA,Segunda,2223,34,7,45,53,56,34,22,demo
683.0,10,7.59,3,1,4,,,,Yeremy Ortega 40,Córdoba,FW,36,MAR,Segunda,2425,18,7,4,1,10,9,11,demo
1502.0,21,16.69,5,1,6,,,,Ante Pérez 44,Zaragoza,FW,17,ESP,Segunda,2223,38,12,4,8,22,22,15,demo
1722.0,25,19.13,3,2,5,,,,Takefusa Jiménez 49,Tenerife,MF,29,URU,Segunda,2425,17,5,20,31,31,23,14,demo
794.0,11,8.82,1,1,2,,,,Samu Pérez 50,Albacete,MF,23,FRA,Segunda,2223,12,3,10,11,13,9,10,demo
898.0,13,9.98,1,1,2,,,,Iker Navarro 55,Córdoba,MF,27,ESP,Segunda,2425,7,6,18,9,19,8,10,demo
2437.0,35,27.08,2,2,4,,,,Mikel Ortega 59,Sporting,DF,19,NGA,Segunda,2223,10,4,55,45,16,48,38,demo
3242.0,38,36.02,15,9,24,,,,Unai Moreno 64,Almería,FW,34,NGA,Segunda,2425,79,26,14,18,48,43,32,demo
1294.0,18,14.38,4,3,7,,,,Takefusa Díaz 65,Huesca,FW,17,NGA,Segunda,2223,33,13,4,4,19,20,17,demo
876.0,13,9.73,0,1,1,,,,Pedri González 70,Albacete,DF,19,URU,Segunda,2425,2,0,23,13,4,9,7,demo
1207.0,17,13.41,2,3,5,,,,Fermín Sánchez 74,Elche,FW,34,FRA,Segunda,2223,26,5,3,6,24,15,13,demo
2838.0,38,31.53,0,4,4,,,,Lamine Sánchez 79,Eldense,"MF,DF",23,FRA,Segunda,2425,28,9,55,39,55,27,29,demo
1613.0,23,17.92,0,0,0,,,,Lamine Castro 80,Cartagena,GK,19,MAR,Segunda,2223,0,0,4,0,0,20,17,demo
995.0,14,11.06,0,0,0,,,,Ante Castro 85,Oviedo,GK,21,NGA,Segunda,2425,0,0,3,0,0,15,6,demo
2744.0,38,30.49,0,0,0,,,,Samu Jiménez 89,Levante,GK,25,ARG,Segunda,2223,1,0,1,0,0,33,30,demo
934.0,13,10.38,6,2,8,,,,Javier González 94,Racing Ferrol,FW,35,MAR,Segunda,2425,20,4,1,1,13,8,11,demo
949.0,14,10.54,0,0,0,,,,Álex Martínez 95,Oviedo,MF,36,ARG,Segunda,2223,16,7,14,18,18,16,12,demo
1542.0,22,17.13,1,2,3,,,,Hugo Pérez 3,Mirandés,DF,27,ESP,Segunda,2425,8,2,24,30,11,21,22,demo
945.0,14,10.5,2,4,6,,,,Carlos Sánchez 7,Málaga,MF,32,POR,Segunda,2223,12,5,14,18,19,8,13,demo
1803.0,26,20.03,4,3,7,,,,Iker Ruiz 12,Málaga,MF,35,URU,Segunda,2425,19,4,33,25,31,25,13,demo
658.0,9,7.31,5,0,5,,,,Bryan Iglesias 13,Tenerife,FW,35,MAR,Segunda,2223,12,2,2,2,17,8,11,demo
1137.0,16,12.63,1,1,2,,,,Hugo Romero 18,Racing Ferrol,FW,20,MAR,Segunda,2425,20,14,6,7,11,14,15,demo
2382.0,34,26.47,2,9,11,,,,Mikel Romero 22,Castellón,MF,34,MAR,Segunda,2223,35,8,31,31,39,25,23,demo
1540.0,22,17.11,0,2,2,,,,Takefusa Alonso 27,Zaragoza B,DF,27,POR,Segunda,2425,3,0,34,34,7,26,13,demo
2978.0,38,33.09,1,5,6,,,,Lamine Díaz 28,Tenerife,DF,22,ARG,Segunda,2223,15,7,61,56,22,36,41,demo
756.0,11,8.4,1,0,1,,,,Hugo Ruiz 33,Dépor,DF,34,POR,Segunda,2425,3,1,18,12,11,12,12,demo
2729.0,38,30.32,2,4,6,,,,Rodri García 37,Albacete,MF,25,MAR,Segunda,2223,28,7,45,37,58,44,33,demo
669.0,10,7.43,0,1,1,,,,Marc Moreno 42,Elche,DF,36,MAR,Segunda,2425,2,0,14,11,4,10,4,demo
1952.0,28,21.69,18,5,23,,,,Nico Alonso 43,Zaragoza B,FW,28,NGA,Segunda,2223,42,20,12,14,23,28,20,demo
393.0,6,4.37,0,1,1,,,,Sergio Ramírez 48,Córdoba,MF,32,MAR,Segunda,2425,6,2,4,4,6,4,4,demo
1910.0,27,21.22,12,4,16,,,,Mikel Alonso 52,Elche,"FW,MF",27,URU,Segunda,2223,46,16,13,11,30,22,23,demo
3333.0,38,37.03,14,7,21,,,,Oihan García 57,Zaragoza B,FW,26,NGA,Segunda,2425,88,27,12,20,33,36,39,demo
1422.0,20,15.8,1,3,4,,,,Nico Núñez 58,Granada,FW,25,NGA,Segunda,2223,33,10,7,9,21,19,16,demo
2648.0,38,29.42,7,6,13,,,,Javier Núñez 63,Dépor,MF,34,ESP,Segunda,2425,31,7,40,32,58,36,25,demo
1989.0,28,22.1,6,5,11,,,,Bryan Ruiz 67,Málaga,FW,18,POR,Segunda,2223,51,20,11,16,26,16,18,demo
1442.0,21,16.02,1,0,1,,,,Hugo López 72,Eldense,DF,28,BRA,Segunda,2425,10,3,44,28,12,18,16,demo
245.0,4,2.72,0,0,0,,,,Samu Pérez 73,Mirandés,MF,26,ARG,Segunda,2223,3,1,4,1,7,2,1,demo
656.0,9,7.29,1,1,2,,,,Pablo Iglesias 78,Cartagena,MF,22,FRA,Segunda,2425,5,2,10,9,11,4,9,demo
2016.0,29,22.4,0,1,1,,,,Bryan Pérez 82,Oviedo,DF,34,POR,Segunda,2223,12,4,39,32,15,29,23,demo
2551.0,36,28.34,13,8,21,,,,Iván Vargas 87,Mirandés,FW,24,BRA,Segunda,2425,61,26,15,20,42,34,30,demo
792.0,11,8.8,1,2,3,,,,Pablo Sánchez 88,Zaragoza B,MF,35,BRA,Segunda,2223,12,5,9,12,17,9,7,demo
3031.0,38,33.68,3,1,4,,,,Iker García 93,Málaga,DF,20,ESP,Segunda,2425,13,0,54,53,31,32,34,demo
271.0,4,3.01,0,0,0,,,,Pedri Moreno 0,Racing Ferrol,GK,30,FRA,Segunda,2223,0,0,0,0,0,1,1,demo
3021.0,38,33.57,2,3,5,,,,Iker Díaz 5,Racing Ferrol,DF,30,BRA,Segunda,2425,11,6,72,35,33,45,23,demo
1441.0,21,16.01,5,2,7,,,,Ayoze Sánchez 6,Levante,MF,26,ESP,Segunda,2223,21,8,23,31,31,13,19,demo
3214.0,38,35.71,2,6,8,,,,Yeremy Iglesias 11,Córdoba,MF,33,NGA,Segunda,2425,36,12,50,34,73,42,41,demo
1258.0,18,13.98,2,2,4,,,,Fermín Jiménez 15,Eibar,MF,24,POR,Segunda,2223,11,5,25,22,21,14,16,demo
479.0,7,5.32,0,2,2,,,,Bryan Pérez 20,Castellón,MF,26,URU,Segunda,2425,9,5,10,6,8,8,8,demo
524.0,7,5.82,0,1,1,,,,Ante Iglesias 21,Dépor,"MF,DF",36,ESP,Segunda,2223,10,4,9,2,15,5,6,demo
1371.0,20,15.23,0,1,1,,,,Bryan García 26,Eibar,DF,18,BRA,Segunda,2425,5,1,26,27,16,22,12,demo
2475.0,35,27.5,4,7,11,,,,Fermín Vargas 30,Tenerife,"MF,DF",31,BRA,Segunda,2223,39,9,37,31,53,28,23,demo
1204.0,17,13.38,0,0,0,,,,Carlos Ortega 35,Mirandés,DF,31,MAR,Segunda,2425,7,3,33,17,13,15,17,demo
2357.0,34,26.19,2,2,4,,,,Mikel Torres 36,Zaragoza B,MF,17,MAR,Segunda,2223,29,6,27,31,56,32,15,demo
2012.0,29,22.36,3,1,4,,,,Takefusa Núñez 41,Racing,MF,19,BRA,Segunda,2425,19,6,39,24,38,34,23,demo
343.0,5,3.81,1,0,1,,,,Marc Díaz 45,Sporting,FW,22,ESP,Segunda,2223,12,3,7,0,4,4,1,demo
2654.0,38,29.49,6,8,14,,,,Rodri Torres 50,Dépor,"MF,DF",27,ESP,Segunda,2425,32,8,41,41,47,37,38,demo
2363.0,34,26.26,2,7,9,,,,Bryan Navarro 51,Levante,MF,23,URU,Segunda,2223,27,11,31,39,64,29,18,demo
613.0,9,6.81,0,1,1,,,,Bryan Ramírez 56,Eibar,DF,18,ARG,Segunda,2425,1,0,12,9,6,6,7,demo
2301.0,33,25.57,1,1,2,,,,Iker Alonso 60,Oviedo,DF,27,URU,Segunda,2223,13,2,40,38,18,29,29,demo
1287.0,18,14.3,3,6,9,,,,Yeremy Pérez 65,Cartagena,FW,24,URU,Segunda,2425,35,15,2,8,16,14,15,demo
207.0,3,2.3,0,0,0,,,,Bryan González 66,Mirandés,"MF,DF",34,URU,Segunda,2223,1,0,3,3,2,4,2,demo
1996.0,29,22.18,1,2,3,,,,Fermín Martínez 71,Tenerife,DF,27,URU,Segunda,2425,10,1,43,37,12,31,31,demo
1507.0,22,16.74,1,0,1,,,,Fermín Alonso 75,Oviedo,DF,33,ARG,Segunda,2223,6,0,39,32,15,16,18,demo
882.0,13,9.8,1,3,4,,,,Ayoze Navarro 80,Mirandés,MF,35,URU,Segunda,2425,6,3,19,9,10,12,7,demo
423.0,6,4.7,0,0,0,,,,Oihan Sánchez 81,Burgos,GK,20,POR,Segunda,2223,0,0,1,0,0,6,4,demo
243.0,3,2.7,0,1,1,,,,Bryan Vargas 86,Córdoba,DF,34,ARG,Segunda,2425,0,1,4,1,1,2,1,demo
1293.0,18,14.37,2,3,5,,,,Unai Sánchez 90,Elche,MF,24,BRA,Segunda,2223,13,1,21,13,21,21,15,demo
3193.0,38,35.48,1,2,3,,,,Samu Iglesias 95,Huesca,DF,18,MAR,Segunda,2425,11,4,59,47,29,42,44,demo
3388.0,38,37.64,11,8,19,,,,Pedri Pérez 96,Burgos,FW,27,FRA,Segunda,2223,92,25,19,23,41,28,37,demo
1398.0,20,15.53,1,4,5,,,,Pedri Ramírez 4,Granada,MF,31,ESP,Segunda,2425,15,6,27,24,26,14,22,demo
2053.0,29,22.81,2,4,6,,,,Ante Díaz 8,Eldense,DF,30,ESP,Segunda,2223,6,3,41,27,11,25,24,demo
845.0,12,9.39,6,2,8,,,,Rodri Ramírez 13,Eibar,FW,31,URU,Segunda,2425,25,10,7,3,5,7,10,demo
229.0,3,2.54,0,1,1,,,,Mikel Pérez 14,Córdoba,DF,19,FRA,Segunda,2223,2,2,8,5,2,1,1,demo
616.0,9,6.84,0,0,0,,,,Lamine Iglesias 19,Levante,DF,17,URU,Segunda,2425,3,2,14,6,4,4,7,demo
1774.0,25,19.71,3,5,8,,,,Fermín Pérez 23,Levante,MF,32,POR,Segunda,2223,25,8,24,24,30,18,21,demo
215.0,3,2.39,3,0,3,,,,Ante Martínez 28,Sporting,FW,31,URU,Segunda,2425,6,5,1,0,1,1,2,demo
923.0,13,10.26,3,0,3,,,,Lamine Castro 29,Mirandés,FW,27,ESP,Segunda,2223,16,4,1,5,11,11,10,demo
3399.0,38,37.77,4,7,11,,,,Pablo Vargas 34,Castellón,MF,23,ESP,Segunda,2425,36,10,50,46,67,34,40,demo
1672.0,24,18.58,2,0,2,,,,Iker González 38,Albacete,DF,21,FRA,Segunda,2223,7,2,32,35,12,16,21,demo
2604.0,37,28.93,1,2,3,,,,Gavi Alonso 43,Eibar,DF,27,NGA,Segunda,2425,20,7,54,33,18,34,25,demo
831.0,12,9.23,0,2,2,,,,Oihan Díaz 44,Racing,DF,19,ARG,Segunda,2223,4,1,17,14,4,7,10,demo
3024.0,38,33.6,12,3,15,,,,Iker López 49,Sporting,FW,26,NGA,Segunda,2425,71,28,15,17,50,43,42,demo
1600.0,23,17.78,3,2,5,,,,Marc García 53,Córdoba,DF,20,ARG,Segunda,2223,5,1,40,26,10,18,11,demo
1413.0,20,15.7,1,0,1,,,,Carlos Navarro 58,Castellón,DF,30,MAR,Segunda,2425,3,0,30,23,6,12,11,demo
2521.0,36,28.01,2,4,6,,,,Javier González 59,Racing Ferrol,MF,19,POR,Segunda,2223,25,9,37,29,47,35,15,demo
2148.0,31,23.87,2,7,9,,,,Gavi López 64,Málaga,MF,28,URU,Segunda,2425,25,4,30,32,39,19,22,demo
2681.0,38,29.79,2,1,3,,,,Unai Vargas 68,Levante,DF,17,FRA,Segunda,2223,12,2,56,48,19,41,33,demo
948.0,14,10.53,1,3,4,,,,Gavi Vargas 73,Granada,"DF,MF",34,POR,Segunda,2425,18,7,15,14,16,17,6,demo
2467.0,35,27.41,2,0,2,,,,Iker Moreno 74,Elche,DF,35,ARG,Segunda,2223,12,5,64,42,17,34,23,demo
2946.0,38,32.73,2,9,11,,,,Álex Sánchez 79,Racing,MF,22,POR,Segunda,2425,51,17,42,40,60,38,22,demo
3363.0,38,37.37,1,1,2,,,,Fermín Moreno 83,Elche,DF,35,ARG,Segunda,2223,10,1,55,52,44,35,38,demo
3284.0,38,36.49,0,0,0,,,,Iker Iglesias 88,Albacete,GK,34,POR,Segunda,2425,0,0,8,0,0,41,48,demo
1280.0,18,14.22,4,2,6,,,,Álex Ramírez 89,Levante,FW,26,NGA,Segunda,2223,32,13,4,3,19,16,12,demo
2942.0,38,32.69,5,8,13,,,,Iván Castro 94,Oviedo,MF,32,NGA,Segunda,2425,33,11,38,37,68,32,31,demo
1175.0,17,13.06,1,1,2,,,,Gavi Romero 1,Burgos,DF,22,ARG,Segunda,2223,4,0,22,25,13,11,13,demo
2156.0,31,23.96,0,0,0,,,,Pablo Núñez 6,Málaga,GK,22,FRA,Segunda,2425,0,0,3,2,0,27,15,demo
2529.0,36,28.1,3,7,10,,,,Iván Alonso 7,Oviedo,MF,28,URU,Segunda,2223,37,16,38,39,60,34,24,demo
1257.0,18,13.97,6,2,8,,,,Ante Romero 12,Zaragoza,FW,28,BRA,Segunda,2425,34,14,7,6,15,14,15,demo
3235.0,38,35.94,10,3,13,,,,Gavi Jiménez 16,Sporting,FW,21,ARG,Segunda,2223,93,35,12,12,58,54,42,demo
2650.0,38,29.44,2,13,15,,,,Gavi Castro 21,Tenerife,MF,27,NGA,Segunda,2425,32,9,31,32,45,31,31,demo
2256.0,32,25.07,2,3,5,,,,Oihan Sánchez 22,Granada,DF,19,POR,Segunda,2223,10,3,40,33,22,36,30,demo
1310.0,19,14.56,5,3,8,,,,Unai Ortega 27,Elche,FW,35,MAR,Segunda,2425,35,9,5,11,22,18,11,demo
2506.0,36,27.84,13,6,19,,,,Nico Torres 31,Burgos,FW,29,URU,Segunda,2223,62,23,12,12,25,27,28,demo
424.0,6,4.71,0,1,1,,,,Gavi Ramírez 36,Elche,MF,20,BRA,Segunda,2425,6,3,7,9,6,6,2,demo
1570.0,22,17.44,2,5,7,,,,Bryan Ruiz 37,Castellón,MF,24,NGA,Segunda,2223,19,7,27,16,26,13,19,demo
2849.0,38,31.66,6,8,14,,,,Hugo Núñez 42,Racing,MF,25,URU,Segunda,2425,36,9,34,53,57,39,22,demo
2876.0,38,31.96,0,0,0,,,,Bryan Iglesias 46,Burgos,GK,26,URU,Segunda,2223,0,0,4,0,1,36,31,demo
1924.0,27,21.38,2,4,6,,,,Oihan Castro 51,Córdoba,MF,19,ARG,Segunda,2425,15,4,29,30,39,22,20,demo
1614.0,23,17.93,1,5,6,,,,Gavi Romero 52,Levante,MF,30,MAR,Segunda,2223,12,8,22,30,43,16,20,demo
1693.0,24,18.81,6,5,11,,,,Oihan Díaz 57,Zaragoza B,FW,26,URU,Segunda,2425,34,12,7,5,24,20,17,demo
3319.0,38,36.88,5,10,15,,,,Marc Iglesias 61,Levante,MF,28,MAR,Segunda,2223,44,9,42,53,57,48,40,demo
1626.0,23,18.07,1,4,5,,,,Rodri Sánchez 66,Burgos,MF,20,URU,Segunda,2425,24,5,23,28,37,25,19,demo
1088.0,16,12.09,1,1,2,,,,Gavi López 67,Eldense,DF,31,NGA,Segunda,2223,4,2,22,25,13,9,12,demo
949.0,14,10.54,1,1,2,,,,Oihan Sánchez 72,Granada,DF,25,URU,Segunda,2425,4,0,18,17,10,4,13,demo
3091.0,38,34.34,0,0,0,,,,Marc Vargas 76,Racing Ferrol,GK,33,MAR,Segunda,2223,0,0,8,1,0,28,35,demo
2030.0,29,22.56,1,5,6,,,,Hugo González 81,Oviedo,MF,28,ESP,Segunda,2425,24,7,26,22,42,23,24,demo
1967.0,28,21.86,8,7,15,,,,Javier Sánchez 82,Sporting,FW,32,NGA,Segunda,2223,49,17,6,13,32,28,19,demo
3372.0,38,37.47,4,4,8,,,,Marc Moreno 87,Oviedo,MF,20,MAR,Segunda,2425,32,16,46,53,69,46,30,demo
2510.0,36,27.89,3,5,8,,,,Takefusa Díaz 91,Castellón,MF,31,URU,Segunda,2223,29,8,38,45,50,33,26,demo
2489.0,36,27.66,5,4,9,,,,Ante Romero 96,Granada,"FW,MF",34,ARG,Segunda,2425,61,26,9,15,34,35,24,demo
2002.0,29,22.24,1,0,1,,,,Lamine Jiménez 0,Eldense,DF,17,MAR,Segunda,2223,8,1,36,32,19,15,23,demo
3077.0,38,34.19,10,6,16,,,,Marc Ortega 5,Córdoba,FW,35,NGA,Segunda,2425,63,26,14,17,46,37,26,demo
2972.0,38,33.02,11,5,16,,,,Sergio Jiménez 9,Eibar,"FW,MF",32,URU,Segunda,2223,66,27,6,16,40,38,30,demo
3002.0,38,33.36,11,5,16,,,,Ante Pérez 14,Dépor,"FW,MF",27,ARG,Segunda,2425,83,32,11,15,37,36,25,demo
3387.0,38,37.63,22,6,28,,,,Nico Navarro 15,Huesca,FW,33,NGA,Segunda,2223,85,22,16,15,51,35,34,demo
1448.0,21,16.09,0,0,0,,,,Samu Alonso 20,Racing,GK,20,BRA,Segunda,2425,0,0,3,1,1,15,19,demo
2190.0,31,24.33,0,4,4,,,,Oihan Alonso 24,Málaga,DF,25,POR,Segunda,2223,8,2,46,27,24,18,21,demo
562.0,8,6.24,0,4,4,,,,Unai Vargas 29,Albacete,MF,30,MAR,Segunda,2425,7,2,13,10,8,5,7,demo
218.0,3,2.42,3,2,5,,,,Yeremy Díaz 30,Elche,FW,26,ESP,Segunda,2223,6,4,1,0,5,1,3,demo
1456.0,21,16.18,4,6,10,,,,Gavi Ramírez 35,Córdoba,FW,34,FRA,Segunda,2425,35,11,3,6,13,17,21,demo
2219.0,32,24.66,1,5,6,,,,Ayoze Martínez 39,Racing Ferrol,DF,30,MAR,Segunda,2223,5,2,32,40,26,32,30,demo
774.0,11,8.6,1,1,2,,,,Sergio Moreno 44,Elche,DF,25,URU,Segunda,2425,2,1,16,13,13,12,7,demo
717.0,10,7.97,0,2,2,,,,Ante Jiménez 45,Oviedo,MF,24,ARG,Segunda,2223,7,4,12,12,22,9,9,demo
2533.0,36,28.14,4,12,16,,,,Takefusa Iglesias 50,Tenerife,MF,23,ARG,Segunda,2425,22,7,53,31,45,36,23,demo
1096.0,16,12.18,0,2,2,,,,Takefusa Ortega 54,Oviedo,MF,24,BRA,Segunda,2223,13,6,17,15,18,17,12,demo
1185.0,17,13.17,6,0,6,,,,Ante Vargas 59,Eibar,FW,31,URU,Segunda,2425,35,13,14,3,23,7,11,demo
626.0,9,6.96,5,3,8,,,,Samu González 60,Eibar,FW,34,ESP,Segunda,2223,20,9,0,2,10,6,6,demo
1299.0,19,14.43,6,2,8,,,,Ayoze Alonso 65,Zaragoza B,FW,21,FRA,Segunda,2425,22,9,8,5,18,11,19,demo
2540.0,36,28.22,15,9,24,,,,Iván Iglesias 69,Racing Ferrol,"FW,MF",33,URU,Segunda,2223,64,29,11,15,38,36,33,demo
392.0,6,4.36,0,0,0,,,,Rodri Martínez 74,Almería,DF,34,ESP,Segunda,2425,1,0,11,10,1,2,2,demo
494.0,7,5.49,1,0,1,,,,Fermín Vargas 75,Sporting,DF,35,FRA,Segunda,2223,4,0,10,5,9,4,2,demo
2954.0,38,32.82,6,11,17,,,,Fermín Sánchez 80,Zaragoza B,MF,24,URU,Segunda,2425,32,13,49,48,55,36,47,demo
2926.0,38,32.51,14,5,19,,,,Fermín Ramírez 84,Elche,FW,26,NGA,Segunda,2223,74,21,10,20,38,37,25,demo
2795.0,38,31.06,0,0,0,,,,Carlos Ruiz 89,Burgos,GK,26,NGA,Segunda,2425,0,0,4,5,0,25,28,demo
2533.0,36,28.14,1,2,3,,,,Gavi López 90,Levante,DF,31,MAR,Segunda,2223,15,3,44,57,20,35,34,demo
1532.0,22,17.02,0,0,0,,,,Ayoze Moreno 95,Málaga,GK,27,NGA,Segunda,2425,0,0,5,1,0,15,23,demo
2130.0,30,23.67,0,0,0,,,,Oihan Ortega 2,Zaragoza B,GK,25,POR,Segunda,2223,0,0,5,0,0,28,21,demo
1942.0,28,21.58,0,10,10,,,,Sergio Pérez 7,Mirandés,MF,24,ESP,Segunda,2425,20,6,32,28,33,19,22,demo
2709.0,38,30.1,6,9,15,,,,Sergio Sánchez 8,Zaragoza,MF,34,MAR,Segunda,2223,37,10,49,45,52,37,26,demo
1534.0,22,17.04,1,1,2,,,,Iker Pérez 13,Huesca,DF,36,ESP,Segunda,2425,4,1,39,29,8,21,22,demo
1397.0,20,15.52,1,0,1,,,,Pablo Navarro 17,Oviedo,DF,25,POR,Segunda,2223,5,1,35,28,12,15,16,demo
2346.0,34,26.07,11,6,17,,,,Ayoze Pérez 22,Huesca,FW,17,MAR,Segunda,2425,53,15,11,12,30,29,18,demo
1588.0,23,17.64,3,3,6,,,,Pablo Moreno 23,Málaga,MF,35,URU,Segunda,2223,22,5,29,21,39,33,13,demo
3178.0,38,35.31,5,5,10,,,,Carlos Ortega 28,Cartagena,MF,26,BRA,Segunda,2425,42,14,43,66,60,47,44,demo
240.0,3,2.67,0,0,0,,,,Samu Moreno 32,Eldense,DF,25,ESP,Segunda,2223,1,0,2,0,3,7,5,demo
2954.0,38,32.82,13,8,21,,,,Yeremy García 37,Huesca,"FW,MF",19,URU,Segunda,2425,71,32,11,12,51,35,20,demo
2862.0,38,31.8,13,3,16,,,,Pablo Martínez 38,Almería,FW,30,MAR,Segunda,2223,72,25,9,13,41,40,31,demo
2240.0,32,24.89,12,5,17,,,,Pablo Castro 43,Cartagena,FW,23,NGA,Segunda,2425,64,28,12,8,27,29,18,demo
2816.0,38,31.29,3,9,12,,,,Bryan Ortega 47,Tenerife,MF,33,NGA,Segunda,2223,39,11,51,43,48,38,29,demo
1406.0,20,15.62,6,5,11,,,,Yeremy Ortega 52,Burgos,MF,17,ARG,Segunda,2425,13,4,17,31,22,17,13,demo
264.0,4,2.93,0,0,0,,,,Mikel Pérez 53,Huesca,FW,22,FRA,Segunda,2223,9,2,4,0,3,1,4,demo
2550.0,36,28.33,6,2,8,,,,Rodri Núñez 58,Racing,MF,35,ARG,Segunda,2425,31,6,46,39,43,38,24,demo
1388.0,20,15.42,1,1,2,,,,Gavi Sánchez 62,Zaragoza B,DF,31,MAR,Segunda,2223,3,1,31,20,15,19,17,demo
3380.0,38,37.56,9,5,14,,,,Sergio Navarro 67,Levante,FW,18,FRA,Segunda,2425,83,28,16,25,52,39,24,demo
1159.0,17,12.88,0,0,0,,,,Pedri García 68,Racing Ferrol,DF,28,FRA,Segunda,2223,6,2,12,14,8,21,11,demo
3072.0,38,34.13,2,7,9,,,,Oihan Moreno 73,Zaragoza,MF,28,POR,Segunda,2425,42,13,44,40,57,35,39,demo
262.0,4,2.91,0,2,2,,,,Pedri Iglesias 77,Castellón,MF,34,ARG,Segunda,2223,0,0,4,4,5,2,4,demo
1936.0,28,21.51,2,0,2,,,,Samu Castro 82,Levante,DF,28,URU,Segunda,2425,10,1,32,40,20,23,20,demo
2259.0,32,25.1,0,0,0,,,,Samu Jiménez 83,Mirandés,GK,18,BRA,Segunda,2223,0,0,4,0,0,30,29,demo
1661.0,24,18.46,8,2,10,,,,Rodri Díaz 88,Levante,FW,18,BRA,Segunda,2425,33,16,4,5,19,25,13,demo
907.0,13,10.08,1,0,1,,,,Oihan Jiménez 92,Mirandés,DF,25,ARG,Segunda,2223,6,2,25,16,7,13,14,demo
975.0,14,10.83,0,0,0,,,,Samu Pérez 0,Eibar,DF,20,FRA,Segunda,2425,4,0,13,17,4,9,12,demo
2855.0,38,31.72,2,2,4,,,,Pedri Ruiz 1,Eibar,DF,19,URU,Segunda,2223,18,4,48,58,26,36,22,demo
872.0,12,9.69,1,0,1,,,,Ayoze Pérez 6,Sporting,DF,25,ESP,Segunda,2425,6,0,16,10,7,13,10,demo
900.0,13,10.0,0,2,2,,,,Gavi Castro 10,Tenerife,DF,32,FRA,Segunda,2223,3,1,17,15,6,18,8,demo
2996.0,38,33.29,2,9,11,,,,Unai Castro 15,Granada,"DF,MF",29,BRA,Segunda,2425,39,13,50,45,61,33,26,demo
2143.0,31,23.81,6,6,12,,,,Hugo Sánchez 16,Cartagena,FW,35,POR,Segunda,2223,44,14,10,9,28,25,18,demo
318.0,5,3.53,0,0,0,,,,Unai Pérez 21,Albacete,DF,33,NGA,Segunda,2425,0,0,8,5,0,2,4,demo
2656.0,38,29.51,2,1,3,,,,Fermín Ortega 25,Almería,DF,26,BRA,Segunda,2223,15,6,52,48,17,29,27,demo
2506.0,36,27.84,6,3,9,,,,Pedri Martínez 30,Racing,FW,24,URU,Segunda,2425,74,32,19,13,34,24,31,demo
3071.0,38,34.12,1,6,7,,,,Nico Núñez 31,Mirandés,MF,32,FRA,Segunda,2223,40,8,33,41,60,38,36,demo
3120.0,38,34.67,5,12,17,,,,Unai Castro 36,Racing Ferrol,MF,33,URU,Segunda,2425,34,10,47,53,70,40,36,demo
1518.0,22,16.87,2,4,6,,,,Samu García 40,Granada,MF,26,POR,Segunda,2223,25,7,28,26,28,14,14,demo
1252.0,18,13.91,0,0,0,,,,Gavi Ramírez 45,Eldense,DF,30,ARG,Segunda,2425,8,1,23,23,12,7,15,demo
921.0,13,10.23,0,0,0,,,,Iván Ortega 46,Castellón,GK,28,POR,Segunda,2223,0,0,1,1,0,11,15,demo
2306.0,33,25.62,8,6,14,,,,Hugo Sánchez 51,Cartagena,FW,33,ARG,Segunda,2425,61,18,10,11,28,24,23,demo
3102.0,38,34.47,2,11,13,,,,Javier Castro 55,Levante,MF,32,URU,Segunda,2223,39,13,38,51,73,36,42,demo
836.0,12,9.29,2,2,4,,,,Iván Núñez 60,Levante,FW,19,POR,Segunda,2425,23,6,2,4,12,13,8,demo
2108.0,30,23.42,1,3,4,,,,Iker Pérez 61,Sporting,MF,35,MAR,Segunda,2223,20,9,29,25,34,28,26,demo
3022.0,38,33.58,5,7,12,,,,Javier López 66,Racing Ferrol,MF,34,BRA,Segunda,2425,47,17,36,48,48,43,33,demo
2339.0,33,25.99,8,7,15,,,,Yeremy Pérez 70,Zaragoza B,FW,19,BRA,Segunda,2223,50,19,10,15,34,29,23,demo
1770.0,25,19.67,1,1,2,,,,Carlos González 75,Tenerife,DF,19,URU,Segunda,2425,7,0,40,34,13,20,23,demo
325.0,5,3.61,0,0,0,,,,Oihan Díaz 76,Oviedo,DF,23,FRA,Segunda,2223,4,3,7,6,3,3,5,demo
2085.0,30,23.17,2,1,3,,,,Javier Díaz 81,Zaragoza B,DF,19,URU,Segunda,2425,6,1,44,34,27,34,27,demo
2789.0,38,30.99,1,1,2,,,,Ante López 85,Eldense,DF,17,URU,Segunda,2223,11,4,62,56,20,27,35,demo
922.0,13,10.24,2,3,5,,,,Samu Castro 90,Mirandés,MF,27,ESP,Segunda,2425,9,3,16,15,15,10,15,demo
479.0,7,5.32,1,0,1,,,,Carlos Ortega 91,Albacete,"FW,MF",29,URU,Segunda,2223,18,7,2,3,4,6,4,demo
1971.0,28,21.9,6,2,8,,,,Carlos Iglesias 96,Eibar,FW,18,MAR,Segunda,2425,59,19,4,10,24,23,17,demo
2004.0,29,22.27,5,6,11,,,,Sergio Ramírez 3,Eldense,MF,31,BRA,Segunda,2223,22,8,30,40,37,29,29,demo
1498.0,21,16.64,4,6,10,,,,Nico López 8,Dépor,MF,30,POR,Segunda,2425,16,11,19,19,37,17,24,demo
2590.0,37,28.78,9,6,15,,,,Lamine Iglesias 9,Oviedo,FW,17,BRA,Segunda,2223,58,21,11,18,30,36,29,demo
1370.0,20,15.22,4,4,8,,,,Pablo Sánchez 14,Córdoba,MF,22,FRA,Segunda,2425,10,4,20,23,25,20,15,demo
2603.0,37,28.92,1,2,3,,,,Samu Núñez 18,Zaragoza B,DF,25,BRA,Segunda,2223,16,8,51,38,25,29,28,demo
2716.0,38,30.18,3,1,4,,,,Takefusa González 23,Eldense,DF,27,URU,Segunda,2425,10,2,55,50,16,37,34,demo
1220.0,17,13.56,0,0,0,,,,Pedri Alonso 24,Granada,DF,30,MAR,Segunda,2223,7,3,22,20,12,16,12,demo
1932.0,28,21.47,2,10,12,,,,Pablo Castro 29,Huesca,FW,27,ESP,Segunda,2425,47,11,4,13,26,24,23,demo
1750.0,25,19.44,7,4,11,,,,Hugo Ortega 33,Burgos,"FW,MF",36,NGA,Segunda,2223,50,10,8,6,24,20,16,demo
840.0,12,9.33,0,2,2,,,,Iván Navarro 38,Racing,MF,25,BRA,Segunda,2425,6,1,14,16,17,14,4,demo
1865.0,27,20.72,0,1,1,,,,Unai Moreno 39,Oviedo,DF,31,MAR,Segunda,2223,8,2,40,21,17,15,30,demo
3168.0,38,35.2,3,7,10,,,,Pablo Romero 44,Burgos,MF,30,ARG,Segunda,2425,35,18,32,63,57,33,25,demo
498.0,7,5.53,0,0,0,,,,Gavi Iglesias 48,Cartagena,MF,29,ARG,Segunda,2223,3,2,12,8,10,10,7,demo
301.0,4,3.34,0,0,0,,,,Ante López 53,Sporting,DF,30,BRA,Segunda,2425,3,1,3,6,4,4,4,demo
2486.0,36,27.62,0,0,0,,,,Mikel Ramírez 54,Córdoba,DF,20,ESP,Segunda,2223,13,5,35,46,23,30,30,demo
3361.0,38,37.34,0,3,3,,,,Nico Castro 59,Zaragoza B,DF,31,POR,Segunda,2425,16,4,60,64,37,34,43,demo
2156.0,31,23.96,4,1,5,,,,Yeremy Navarro 63,Albacete,DF,24,BRA,Segunda,2223,9,2,43,32,17,26,23,demo
502.0,7,5.58,1,2,3,,,,Iván Castro 68,Mirandés,MF,35,POR,Segunda,2425,7,4,9,8,11,8,8,demo
3271.0,38,36.34,3,1,4,,,,Marc Ruiz 69,Almería,DF,29,ESP,Segunda,2223,18,7,61,70,25,43,37,demo
3296.0,38,36.62,0,0,0,,,,Marc Navarro 74,Sporting,GK,30,URU,Segunda,2425,0,0,5,1,0,43,27,demo
607.0,9,6.74,0,0,0,,,,Iker García 78,Castellón,GK,18,FRA,Segunda,2223,0,0,0,0,1,12,6,demo
278.0,4,3.09,3,0,3,,,,Lamine Alonso 83,Huesca,MF,30,NGA,Segunda,2425,6,1,3,7,4,5,3,demo
455.0,6,5.06,1,3,4,,,,Takefusa Ruiz 84,Burgos,MF,25,POR,Segunda,2223,7,3,13,9,4,2,3,demo
1560.0,22,17.33,0,0,0,,,,Fermín García 89,Albacete,DF,20,FRA,Segunda,2425,10,1,29,29,12,19,22,demo
1558.0,22,17.31,0,1,1,,,,Mikel Jiménez 93,Burgos,DF,17,BRA,Segunda,2223,4,1,25,27,22,20,17,demo
2743.0,38,30.48,14,7,21,,,,Ante Ramírez 1,Málaga,"FW,MF",22,NGA,Segunda,2425,64,25,13,13,34,27,29,demo
2157.0,31,23.97,6,1,7,,,,Mikel Torres 2,Granada,MF,33,MAR,Segunda,2223,28,8,32,43,33,21,26,demo
1268.0,18,14.09,1,4,5,,,,Ante Pérez 7,Racing Ferrol,MF,34,FRA,Segunda,2425,25,6,21,27,33,18,14,demo
2213.0,32,24.59,0,0,0,,,,Carlos Ramírez 11,Córdoba,GK,22,BRA,Segunda,2223,0,0,7,1,0,30,24,demo
2894.0,38,32.16,0,7,7,,,,Fermín Vargas 16,Racing,MF,30,POR,Segunda,2425,36,8,41,38,48,39,40,demo
1599.0,23,17.77,1,0,1,,,,Samu Castro 17,Granada,DF,19,FRA,Segunda,2223,6,1,30,32,12,24,15,demo
3319.0,38,36.88,8,15,23,,,,Yeremy López 22,Elche,MF,29,FRA,Segunda,2425,48,17,48,57,81,49,29,demo
1765.0,25,19.61,1,0,1,,,,Iker Alonso 26,Córdoba,DF,20,BRA,Segunda,2223,9,2,33,29,15,22,14,demo
1042.0,15,11.58,4,0,4,,,,Hugo Núñez 31,Huesca,FW,27,ESP,Segunda,2425,22,11,1,1,12,16,7,demo
3351.0,38,37.23,12,9,21,,,,Fermín Díaz 32,Oviedo,FW,20,ESP,Segunda,2223,101,42,14,28,43,34,35,demo
368.0,5,4.09,0,0,0,,,,Iván Jiménez 37,Dépor,DF,28,POR,Segunda,2425,1,1,4,2,0,4,0,demo
947.0,14,10.52,0,3,3,,,,Nico Navarro 41,Oviedo,MF,29,MAR,Segunda,2223,8,3,13,16,16,9,14,demo
1166.0,17,12.96,0,0,0,,,,Mikel Vargas 46,Albacete,DF,28,POR,Segunda,2425,4,1,22,21,13,20,11,demo
1885.0,27,20.94,0,1,1,,,,Ante Ramírez 47,Racing,DF,33,BRA,Segunda,2223,15,4,37,37,13,19,28,demo
2644.0,38,29.38,16,9,25,,,,Hugo Núñez 52,Eldense,FW,21,MAR,Segunda,2425,53,17,8,18,34,25,27,demo
458.0,7,5.09,0,1,1,,,,Mikel Ruiz 56,Racing Ferrol,DF,33,ESP,Segunda,2223,2,1,10,8,4,6,1,demo
655.0,9,7.28,1,1,2,,,,Ante Ortega 61,Levante,"FW,MF",34,POR,Segunda,2425,24,6,2,7,12,12,6,demo
3287.0,38,36.52,0,0,0,,,,Pedri López 62,Oviedo,GK,32,ESP,Segunda,2223,0,0,5,6,0,48,37,demo
1243.0,18,13.81,0,0,0,,,,Yeremy García 67,Córdoba,GK,34,BRA,Segunda,2425,1,0,1,0,0,11,10,demo
3021.0,38,33.57,1,1,2,,,,Carlos Ortega 71,Burgos,DF,28,NGA,Segunda,2223,8,2,68,52,34,42,37,demo
595.0,8,6.61,1,2,3,,,,Ayoze Jiménez 76,Eldense,MF,22,NGA,Segunda,2425,5,1,11,11,13,10,13,demo
878.0,13,9.76,1,1,2,,,,Pablo Romero 77,Huesca,DF,24,ARG,Segunda,2223,1,1,15,10,13,7,17,demo
2252.0,32,25.02,1,0,1,,,,Hugo Alonso 82,Burgos,DF,28,FRA,Segunda,2425,9,3,39,57,27,19,29,demo
3351.0,38,37.23,1,1,2,,,,Ante López 86,Dépor,DF,18,NGA,Segunda,2223,13,1,69,74,21,46,35,demo
230.0,3,2.56,0,1,1,,,,Iker Núñez 91,Burgos,MF,34,ESP,Segunda,2425,2,2,4,8,5,1,2,demo
1264.0,18,14.04,2,1,3,,,,Pablo Jiménez 92,Oviedo,FW,24,POR,Segunda,2223,40,13,6,6,13,17,7,demo
2213.0,32,24.59,3,4,7,,,,Unai Pérez 0,Oviedo,MF,18,MAR,Segunda,2425,31,8,30,28,39,14,26,demo
2082.0,30,23.13,1,1,2,,,,Iker Alonso 4,Racing,MF,22,NGA,Segunda,2223,27,5,33,40,43,30,31,demo
2414.0,34,26.82,0,4,4,,,,Fermín Torres 9,Dépor,DF,35,POR,Segunda,2425,11,4,39,42,15,22,19,demo
1870.0,27,20.78,2,4,6,,,,Bryan Iglesias 10,Zaragoza,MF,30,MAR,Segunda,2223,22,5,30,32,32,15,21,demo
1283.0,18,14.26,9,2,11,,,,Javier Pérez 15,Burgos,FW,35,FRA,Segunda,2425,21,11,3,5,22,17,10,demo
977.0,14,10.86,1,0,1,,,,Hugo Moreno 19,Levante,MF,36,BRA,Segunda,2223,18,9,16,14,18,8,7,demo
1759.0,25,19.54,4,1,5,,,,Ante Ruiz 24,Córdoba,FW,23,NGA,Segunda,2425,44,13,7,11,29,23,22,demo
985.0,14,10.94,1,2,3,,,,Takefusa Pérez 25,Oviedo,FW,32,URU,Segunda,2223,21,5,1,9,17,8,13,demo
803.0,11,8.92,0,0,0,,,,Unai Núñez 30,Elche,GK,23,MAR,Segunda,2425,0,0,0,0,0,8,2,demo
1400.0,20,15.56,0,2,2,,,,Javier Castro 34,Zaragoza,DF,36,MAR,Segunda,2223,8,2,30,23,11,15,21,demo
1938.0,28,21.53,2,1,3,,,,Pablo Castro 39,Zaragoza,MF,20,ARG,Segunda,2425,25,10,20,20,47,27,18,demo
3172.0,38,35.24,3,11,14,,,,Ayoze Vargas 40,Eibar,MF,36,URU,Segunda,2223,46,11,40,42,70,36,40,demo
1405.0,20,15.61,1,4,5,,,,Unai Martínez 45,Málaga,MF,32,FRA,Segunda,2425,14,4,13,30,28,18,14,demo
1762.0,25,19.58,4,3,7,,,,Gavi Moreno 49,Racing Ferrol,"FW,MF",32,ESP,Segunda,2223,53,19,5,3,29,24,18,demo
2577.0,37,28.63,2,0,2,,,,Lamine Ruiz 54,Córdoba,DF,28,FRA,Segunda,2425,10,3,56,38,21,41,27,demo
2001.0,29,22.23,4,4,8,,,,Sergio Alonso 55,Zaragoza B,FW,35,URU,Segunda,2223,53,22,10,15,26,25,14,demo
3318.0,38,36.87,11,13,24,,,,Carlos Pérez 60,Levante,"FW,MF",27,FRA,Segunda,2425,89,33,13,14,46,38,41,demo
363.0,5,4.03,0,1,1,,,,Takefusa Romero 64,Málaga,DF,25,ESP,Segunda,2223,1,0,8,7,2,6,4,demo
368.0,5,4.09,0,1,1,,,,Unai Iglesias 69,Burgos,MF,26,URU,Segunda,2425,5,2,5,2,2,3,5,demo
2425.0,35,26.94,1,5,6,,,,Carlos Jiménez 70,Eibar,MF,22,BRA,Segunda,2223,35,10,37,40,58,17,23,demo
3243.0,38,36.03,3,1,4,,,,Gavi Alonso 75,Zaragoza,DF,24,MAR,Segunda,2425,18,3,81,52,24,34,41,demo
3212.0,38,35.69,15,5,20,,,,Oihan González 79,Huesca,FW,25,ARG,Segunda,2223,87,31,21,31,52,40,31,demo
2605.0,37,28.94,1,8,9,,,,Samu Núñez 84,Elche,MF,18,POR,Segunda,2425,34,9,46,43,58,32,33,demo
2883.0,38,32.03,5,11,16,,,,Fermín Sánchez 85,Eibar,MF,30,URU,Segunda,2223,39,12,48,54,57,36,35,demo
1611.0,23,17.9,5,4,9,,,,Mikel García 90,Elche,FW,21,POR,Segunda,2425,41,15,7,6,21,28,15,demo
2910.0,38,32.33,4,5,9,,,,Pablo Ramírez 94,Córdoba,MF,24,ESP,Segunda,2223,37,15,44,38,54,43,29,demo
896.0,13,9.96,1,6,7,,,,Takefusa González 2,Tenerife,MF,26,BRA,Segunda,2425,13,3,10,9,20,18,11,demo
764.0,11,8.49,3,1,4,,,,Bryan Moreno 3,Mirandés,FW,24,POR,Segunda,2223,27,12,6,5,7,5,8,demo
3293.0,38,36.59,0,0,0,,,,Pedri Pérez 8,Málaga,GK,20,BRA,Segunda,2425,0,0,7,3,0,47,29,demo
1409.0,20,15.66,1,1,2,,,,Ante Díaz 12,Racing,DF,27,URU,Segunda,2223,10,6,32,23,11,12,17,demo
432.0,6,4.8,1,1,2,,,,Gavi Ruiz 17,Racing Ferrol,"DF,MF",27,NGA,Segunda,2425,4,0,6,5,8,3,6,demo
2470.0,35,27.44,3,10,13,,,,Iván Ortega 18,Tenerife,MF,21,NGA,Segunda,2223,28,10,45,33,54,25,39,demo
3127.0,38,34.74,1,9,10,,,,Rodri Iglesias 23,Almería,MF,29,BRA,Segunda,2425,35,12,51,36,66,40,42,demo
1267.0,18,14.08,2,0,2,,,,Iván Castro 27,Racing,MF,31,MAR,Segunda,2223,19,6,14,18,27,16,14,demo
3170.0,38,35.22,0,0,0,,,,Pablo Moreno 32,Málaga,GK,18,NGA,Segunda,2425,0,0,5,0,0,36,31,demo
2060.0,29,22.89,1,0,1,,,,Unai Núñez 33,Zaragoza,DF,33,ESP,Segunda,2223,16,3,33,43,22,20,20,demo
745.0,11,8.28,0,0,0,,,,Carlos García 38,Racing Ferrol,MF,30,MAR,Segunda,2425,14,6,11,9,15,9,11,demo
1853.0,26,20.59,2,1,3,,,,Fermín Navarro 42,Almería,DF,29,ARG,Segunda,2223,11,4,41,29,17,19,18,demo
868.0,12,9.64,5,2,7,,,,Rodri Castro 47,Tenerife,"FW,MF",20,MAR,Segunda,2425,20,7,2,9,14,8,12,demo
1342.0,19,14.91,0,0,0,,,,Oihan Torres 48,Levante,GK,34,MAR,Segunda,2223,0,0,6,0,0,11,12,demo
2925.0,38,32.5,6,5,11,,,,Sergio Moreno 53,Oviedo,MF,35,URU,Segunda,2425,47,12,40,36,65,47,34,demo
348.0,5,3.87,0,0,0,,,,Iker Sánchez 0,Real Madrid,DF,24,ARG,La Liga,2223,0,1,5,4,4,6,2,demo
748.0,11,8.31,0,0,0,,,,Carlos Jiménez 2,Leganés,DF,18,URU,La Liga,2425,3,1,18,13,10,9,3,demo
3170.0,38,35.22,1,4,5,,,,Takefusa Ortega 5,Getafe,DF,36,URU,La Liga,2425,13,4,69,54,37,38,32,demo
276.0,4,3.07,0,0,0,,,,Javier García 6,Girona,DF,28,MAR,La Liga,2223,1,0,7,4,1,1,1,demo
1054.0,15,11.71,0,2,2,,,,Iker Díaz 11,Alavés,MF,19,NGA,La Liga,2425,9,2,13,17,15,14,11,demo
3010.0,38,33.44,1,2,3,,,,Bryan Alonso 12,Girona,DF,36,ARG,La Liga,2223,16,4,55,46,17,46,31,demo
324.0,5,3.6,1,0,1,,,,Álex Castro 15,Athletic,FW,33,BRA,La Liga,2223,7,1,1,4,5,3,1,demo
1282.0,18,14.24,1,1,2,,,,Unai Torres 17,Real Madrid,DF,36,FRA,La Liga,2425,8,4,21,19,15,11,13,demo
2643.0,38,29.37,4,7,11,,,,Carlos López 20,Real Sociedad,FW,22,URU,La Liga,2425,74,28,18,10,38,29,31,demo
742.0,11,8.24,1,2,3,,,,Javier Torres 21,Osasuna,FW,18,MAR,La Liga,2223,14,9,1,2,8,11,7,demo
664.0,9,7.38,0,0,0,,,,Lamine Sánchez 26,Rayo,DF,28,POR,La Liga,2425,5,1,11,9,8,11,5,demo
3201.0,38,35.57,4,0,4,,,,Rodri Ramírez 27,Girona,DF,21,BRA,La Liga,2223,14,1,78,60,29,38,33,demo
3126.0,38,34.73,16,2,18,,,,Oihan López 30,Alavés,FW,24,FRA,La Liga,2223,77,23,12,25,45,40,28,demo
2864.0,38,31.82,2,1,3,,,,Hugo Alonso 32,Espanyol,DF,32,ESP,La Liga,2425,12,4,45,40,21,34,22,demo
312.0,4,3.47,2,1,3,,,,Fermín Torres 35,Barcelona,"FW,MF",23,BRA,La Liga,2425,10,3,2,2,2,4,6,demo
1090.0,16,12.11,2,2,4,,,,Ayoze Moreno 36,Valladolid,FW,27,ARG,La Liga,2223,31,11,4,5,15,15,15,demo
1976.0,28,21.96,6,4,10,,,,Sergio Vargas 41,Real Madrid,MF,27,NGA,La Liga,2425,25,5,28,47,39,28,19,demo
3002.0,38,33.36,10,5,15,,,,Takefusa Iglesias 42,Girona,FW,34,NGA,La Liga,2223,79,32,12,17,33,39,33,demo
3014.0,38,33.49,3,0,3,,,,Iván Ortega 45,Celta,DF,34,MAR,La Liga,2223,13,0,61,61,29,35,25,demo
990.0,14,11.0,1,2,3,,,,Sergio Martínez 47,Getafe,MF,18,ARG,La Liga,2425,7,2,12,22,21,17,16,demo
1759.0,25,19.54,6,3,9,,,,Pedri Sánchez 50,Alavés,FW,18,POR,La Liga,2425,36,12,6,11,22,15,20,demo
1239.0,18,13.77,7,0,7,,,,Nico Sánchez 51,Las Palmas,FW,17,BRA,La Liga,2223,36,9,9,5,19,18,13,demo
295.0,4,3.28,0,1,1,,,,Gavi López 56,Leganés,MF,26,ARG,La Liga,2425,6,4,3,5,6,6,1,demo
3310.0,38,36.78,9,7,16,,,,Samu Vargas 57,Las Palmas,FW,32,URU,La Liga,2223,78,30,20,18,34,35,36,demo
2876.0,38,31.96,2,1,3,,,,Lamine Torres 60,Atlético,DF,23,ESP,La Liga,2223,17,4,72,45,26,36,36,demo
1151.0,16,12.79,2,0,2,,,,Ante Alonso 62,Real Sociedad,DF,34,MAR,La Liga,2425,9,3,24,27,16,22,17,demo
2748.0,38,30.53,17,4,21,,,,Sergio Romero 65,Barcelona,FW,19,ARG,La Liga,2425,57,22,10,11,37,25,35,demo
1980.0,28,22.0,1,2,3,,,,Oihan López 66,Valladolid,MF,33,POR,La Liga,2223,20,6,26,23,43,18,28,demo
2305.0,33,25.61,2,9,11,,,,Álex Martínez 71,Osasuna,MF,30,NGA,La Liga,2425,18,7,17,41,46,25,24,demo
2907.0,38,32.3,12,4,16,,,,Mikel Núñez 72,Mallorca,FW,27,ARG,La Liga,2223,62,19,18,12,38,34,39,demo
3322.0,38,36.91,13,9,22,,,,Javier García 75,Osasuna,FW,31,FRA,La Liga,2223,85,30,27,19,41,35,45,demo
2589.0,37,28.77,1,3,4,,,,Pedri González 77,Valencia,DF,20,ESP,La Liga,2425,12,6,42,31,33,37,25,demo
777.0,11,8.63,1,3,4,,,,Oihan Vargas 80,Real Sociedad,MF,26,URU,La Liga,2425,6,1,9,16,19,8,11,demo
3245.0,38,36.06,14,5,19,,,,Samu Díaz 81,Espanyol,FW,32,MAR,La Liga,2223,68,28,20,23,38,38,40,demo
314.0,4,3.49,1,0,1,,,,Oihan Romero 86,Leganés,FW,26,POR,La Liga,2425,8,4,2,2,2,3,4,demo
2126.0,30,23.62,10,7,17,,,,Takefusa Iglesias 87,Rayo,FW,33,ESP,La Liga,2223,56,19,8,12,23,14,21,demo
1359.0,19,15.1,7,3,10,,,,Ayoze Vargas 90,Osasuna,FW,22,ARG,La Liga,2223,32,9,6,7,14,16,13,demo
2904.0,38,32.27,4,9,13,,,,Rodri Torres 92,Rayo,MF,28,BRA,La Liga,2425,41,15,48,43,44,33,29,demo
303.0,4,3.37,1,1,2,,,,Lamine Torres 95,Sevilla,MF,25,FRA,La Liga,2425,3,1,3,6,5,2,1,demo
1337.0,19,14.86,0,1,1,,,,Samu Ortega 96,Real Madrid,DF,17,ESP,La Liga,2223,4,1,25,31,11,18,14,demo
273.0,4,3.03,1,0,1,,,,Unai Ortega 4,Sevilla,MF,36,MAR,La Liga,2425,5,2,5,5,6,3,4,demo
846.0,12,9.4,0,0,0,,,,Iker Vargas 5,Leganés,DF,32,URU,La Liga,2223,2,0,21,14,12,10,10,demo
2479.0,35,27.54,0,0,0,,,,Gavi Pérez 8,Celta,GK,36,ARG,La Liga,2223,0,0,5,1,0,30,30,demo
208.0,3,2.31,0,0,0,,,,Nico García 10,Real Madrid,GK,25,FRA,La Liga,2425,0,0,1,0,0,5,1,demo
2308.0,33,25.64,2,2,4,,,,Javier Vargas 13,Sevilla,DF,29,ESP,La Liga,2425,9,3,39,36,17,33,30,demo
698.0,10,7.76,3,2,5,,,,Oihan Romero 14,Valladolid,FW,29,POR,La Liga,2223,21,10,5,4,9,6,13,demo
2215.0,32,24.61,4,3,7,,,,Nico García 19,Real Madrid,DF,34,MAR,La Liga,2425,15,4,46,38,26,24,29,demo
1874.0,27,20.82,4,6,10,,,,Rodri Romero 20,Real Sociedad,MF,27,NGA,La Liga,2223,24,8,27,22,32,21,18,demo
897.0,13,9.97,0,2,2,,,,Takefusa Sánchez 23,Girona,DF,29,ARG,La Liga,2223,5,1,14,13,7,10,9,demo
2422.0,35,26.91,8,2,10,,,,Marc López 25,Girona,"FW,MF",25,BRA,La Liga,2425,49,17,10,19,34,20,28,demo
1231.0,18,13.68,0,2,2,,,,Hugo González 28,Rayo,DF,34,ARG,La Liga,2425,2,0,22,20,15,20,19,demo
2479.0,35,27.54,5,6,11,,,,Bryan Ramírez 29,Girona,FW,29,ARG,La Liga,2223,61,24,6,11,30,34,26,demo
2943.0,38,32.7,2,12,14,,,,Iker Ramírez 34,Getafe,MF,22,ESP,La Liga,2425,35,9,55,51,68,41,23,demo
1360.0,19,15.11,3,2,5,,,,Nico García 35,Real Sociedad,MF,29,BRA,La Liga,2223,23,8,19,21,23,20,18,demo
1865.0,27,20.72,2,3,5,,,,Iker Pérez 38,Rayo,MF,35,FRA,La Liga,2223,26,9,24,29,31,21,28,demo
935.0,13,10.39,2,2,4,,,,Pablo Ruiz 40,Valencia,FW,18,NGA,La Liga,2425,20,7,3,3,13,18,11,demo
1906.0,27,21.18,1,1,2,,,,Pedri Navarro 43,Real Sociedad,DF,35,ARG,La Liga,2425,6,2,35,40,23,22,18,demo
2405.0,34,26.72,0,0,0,,,,Nico Navarro 44,Atlético,GK,19,ARG,La Liga,2223,1,0,2,2,0,22,31,demo
2535.0,36,28.17,3,7,10,,,,Iker García 49,Sevilla,MF,34,POR,La Liga,2425,30,13,36,42,63,22,22,demo
1243.0,18,13.81,1,4,5,,,,Oihan García 50,Osasuna,MF,22,POR,La Liga,2223,14,8,18,14,25,17,11,demo
3034.0,38,33.71,2,1,3,,,,Ayoze Vargas 53,Sevilla,DF,31,BRA,La Liga,2223,14,2,65,52,28,34,27,demo
526.0,8,5.84,0,0,0,,,,Unai Pérez 55,Espanyol,DF,23,MAR,La Liga,2425,3,0,15,13,9,7,3,demo
627.0,9,6.97,0,0,0,,,,Yeremy Sánchez 58,Mallorca,DF,25,NGA,La Liga,2425,5,0,11,9,3,11,6,demo
885.0,13,9.83,4,1,5,,,,Lamine Díaz 59,Las Palmas,MF,24,FRA,La Liga,2223,8,1,8,13,17,10,11,demo
923.0,13,10.26,3,1,4,,,,Oihan González 64,Real Sociedad,FW,35,URU,La Liga,2425,14,7,7,1,15,8,8,demo
1757.0,25,19.52,5,6,11,,,,Álex Navarro 65,Mallorca,MF,29,FRA,La Liga,2223,24,8,24,12,42,18,13,demo
2542.0,36,28.24,4,8,12,,,,Bryan Núñez 68,Las Palmas,MF,29,URU,La Liga,2223,18,5,34,41,64,27,28,demo
1040.0,15,11.56,0,1,1,,,,Marc Torres 70,Barcelona,DF,34,MAR,La Liga,2425,8,1,23,23,16,8,13,demo
1039.0,15,11.54,3,4,7,,,,Sergio Navarro 73,Getafe,FW,21,POR,La Liga,2425,24,9,0,4,10,9,15,demo
2901.0,38,32.23,12,3,15,,,,Iván Castro 74,Barcelona,"FW,MF",33,BRA,La Liga,2223,75,24,10,15,38,38,36,demo
664.0,9,7.38,1,0,1,,,,Mikel Ruiz 79,Alavés,FW,26,BRA,La Liga,2425,16,4,1,2,7,6,3,demo
1673.0,24,18.59,3,5,8,,,,Samu Ruiz 80,Athletic,MF,24,MAR,La Liga,2223,24,6,20,32,27,17,26,demo
3088.0,38,34.31,5,13,18,,,,Takefusa Moreno 83,Mallorca,MF,36,URU,La Liga,2223,35,6,59,55,55,40,31,demo
3353.0,38,37.26,6,6,12,,,,Marc Núñez 85,Villarreal,MF,20,ARG,La Liga,2425,46,15,49,60,71,34,32,demo
1478.0,21,16.42,4,7,11,,,,Carlos Torres 88,Las Palmas,MF,29,MAR,La Liga,2425,18,4,18,22,23,21,10,demo
723.0,10,8.03,1,0,1,,,,Samu Moreno 89,Valladolid,FW,30,BRA,La Liga,2223,17,6,2,1,5,11,8,demo
2629.0,38,29.21,3,4,7,,,,Hugo Moreno 94,Celta,MF,32,BRA,La Liga,2425,32,8,38,43,50,40,27,demo
2683.0,38,29.81,5,10,15,,,,Oihan Sánchez 95,Villarreal,MF,21,NGA,La Liga,2223,32,10,43,35,51,33,20,demo
3087.0,38,34.3,2,7,9,,,,Pedri Iglesias 1,Valencia,"DF,MF",29,ESP,La Liga,2223,33,11,32,49,61,40,36,demo
428.0,6,4.76,1,2,3,,,,Lamine Ortega 3,Espanyol,MF,34,BRA,La Liga,2425,4,2,6,7,7,2,8,demo
785.0,11,8.72,3,0,3,,,,Pedri Romero 6,Alavés,MF,18,BRA,La Liga,2425,18,3,8,19,17,9,9,demo
1783.0,25,19.81,3,6,9,,,,Oihan Jiménez 7,Getafe,MF,33,MAR,La Liga,2223,28,9,26,28,51,14,21,demo
1990.0,28,22.11,0,1,1,,,,Mikel Moreno 12,Athletic,GK,17,BRA,La Liga,2425,0,0,4,1,0,23,24,demo
911.0,13,10.12,2,4,6,,,,Álex García 13,Atlético,"MF,DF",18,ARG,La Liga,2223,10,3,9,12,11,17,12,demo
553.0,8,6.14,1,1,2,,,,Hugo Iglesias 16,Leganés,FW,28,ARG,La Liga,2223,13,3,1,3,6,9,9,demo
3373.0,38,37.48,12,9,21,,,,Takefusa Castro 18,Athletic,FW,19,ARG,La Liga,2425,84,31,11,22,60,39,38,demo
278.0,4,3.09,0,0,0,,,,Mikel Martínez 21,Alavés,MF,29,URU,La Liga,2425,3,1,5,6,5,3,1,demo
786.0,11,8.73,2,3,5,,,,Rodri Sánchez 22,Espanyol,"MF,DF",31,BRA,La Liga,2223,15,9,5,13,14,10,6,demo
908.0,13,10.09,0,2,2,,,,Bryan Díaz 27,Atlético,MF,36,ARG,La Liga,2425,14,3,17,14,17,9,8,demo
1290.0,18,14.33,0,0,0,,,,Yeremy Pérez 28,Betis,DF,36,POR,La Liga,2223,4,3,21,21,14,20,21,demo
1978.0,28,21.98,4,1,5,,,,Fermín García 31,Atlético,DF,21,URU,La Liga,2223,9,2,43,34,12,21,23,demo
2524.0,36,28.04,1,2,3,,,,Hugo Ramírez 33,Real Sociedad,DF,34,URU,La Liga,2425,8,3,44,36,24,29,28,demo
1117.0,16,12.41,1,3,4,,,,Samu Ramírez 36,Mallorca,DF,17,FRA,La Liga,2425,2,0,20,20,5,14,12,demo
2399.0,34,26.66,2,6,8,,,,Sergio Sánchez 37,Real Madrid,MF,33,ARG,La Liga,2223,23,6,34,30,46,25,38,demo
660.0,9,7.33,2,1,3,,,,Carlos Ruiz 42,Celta,MF,26,URU,La Liga,2425,4,1,7,9,9,11,11,demo
1557.0,22,17.3,3,3,6,,,,Hugo Núñez 43,Real Madrid,FW,24,ESP,La Liga,2223,47,14,9,10,18,23,16,demo
3024.0,38,33.6,3,1,4,,,,Lamine Alonso 46,Leganés,DF,33,NGA,La Liga,2223,16,7,62,46,20,39,39,demo
2398.0,34,26.64,0,3,3,,,,Takefusa López 48,Las Palmas,DF,34,POR,La Liga,2425,9,1,34,32,19,30,32,demo
1273.0,18,14.14,5,5,10,,,,Pedri Alonso 51,Athletic,FW,23,BRA,La Liga,2425,31,12,5,12,16,20,12,demo
2717.0,38,30.19,13,6,19,,,,Rodri Navarro 52,Real Sociedad,"FW,MF",26,ARG,La Liga,2223,68,23,7,15,42,35,29,demo
219.0,3,2.43,1,0,1,,,,Lamine Ruiz 57,Rayo,DF,24,BRA,La Liga,2425,1,0,2,2,1,2,3,demo
3302.0,38,36.69,15,5,20,,,,Hugo Díaz 58,Barcelona,FW,36,MAR,La Liga,2223,71,27,17,17,33,36,42,demo
1426.0,20,15.84,0,0,0,,,,Ayoze Díaz 61,Girona,DF,31,BRA,La Liga,2223,6,2,22,23,18,21,9,demo
1470.0,21,16.33,2,1,3,,,,Pedri López 63,Las Palmas,DF,32,MAR,La Liga,2425,8,2,28,27,13,21,18,demo
740.0,11,8.22,0,1,1,,,,Oihan Sánchez 66,Espanyol,FW,19,NGA,La Liga,2425,19,6,2,7,13,16,10,demo
3035.0,38,33.72,16,6,22,,,,Yeremy López 67,Getafe,FW,19,URU,La Liga,2223,59,23,12,11,35,41,46,demo
3389.0,38,37.66,6,11,17,,,,Nico Moreno 72,Valencia,FW,19,POR,La Liga,2425,96,39,16,16,54,45,38,demo
3181.0,38,35.34,4,5,9,,,,Ante Torres 73,Celta,MF,19,FRA,La Liga,2223,40,15,56,55,61,37,43,demo
1048.0,15,11.64,0,0,0,,,,Gavi González 76,Osasuna,GK,18,URU,La Liga,2223,0,0,0,0,0,14,13,demo
1459.0,21,16.21,1,5,6,,,,Lamine Castro 78,Real Madrid,"MF,DF",35,BRA,La Liga,2425,12,6,30,25,36,18,15,demo
2647.0,38,29.41,3,8,11,,,,Pedri Vargas 81,Athletic,MF,20,ESP,La Liga,2425,34,10,35,26,52,27,26,demo
2780.0,38,30.89,2,1,3,,,,Sergio Ortega 82,Betis,DF,32,BRA,La Liga,2223,17,5,53,49,26,30,18,demo
2486.0,36,27.62,13,6,19,,,,Javier Alonso 87,Osasuna,FW,33,FRA,La Liga,2425,62,22,16,11,26,24,39,demo
1281.0,18,14.23,3,6,9,,,,Lamine Martínez 88,Betis,MF,29,URU,La Liga,2223,15,8,16,30,30,18,13,demo
2614.0,37,29.04,3,4,7,,,,Pablo Díaz 91,Alavés,MF,26,ARG,La Liga,2223,30,7,33,33,65,33,20,demo
3319.0,38,36.88,3,5,8,,,,Álex Romero 93,Atlético,MF,36,FRA,La Liga,2425,35,10,51,44,64,37,38,demo
3330.0,38,37.0,3,1,4,,,,Pedri Ruiz 96,Atlético,DF,31,ESP,La Liga,2425,16,4,74,64,32,44,38,demo
2573.0,37,28.59,3,1,4,,,,Hugo González 0,Rayo,MF,35,MAR,La Liga,2223,33,14,27,36,56,28,18,demo
2489.0,36,27.66,3,3,6,,,,Carlos González 5,Real Madrid,"DF,MF",17,MAR,La Liga,2425,29,10,37,33,68,37,30,demo
672.0,10,7.47,0,1,1,,,,Pablo Moreno 6,Osasuna,DF,35,BRA,La Liga,2223,3,2,11,14,3,5,2,demo
1512.0,22,16.8,5,4,9,,,,Mikel Núñez 9,Alavés,FW,28,NGA,La Liga,2223,43,19,2,8,17,14,16,demo
1749.0,25,19.43,3,4,7,,,,Pablo López 11,Real Madrid,MF,19,URU,La Liga,2425,21,7,26,25,41,22,12,demo
411.0,6,4.57,2,2,4,,,,Mikel Ruiz 14,Celta,FW,33,NGA,La Liga,2425,13,3,0,2,5,7,7,demo
1830.0,26,20.33,3,6,9,,,,Bryan Ruiz 15,Real Sociedad,MF,29,NGA,La Liga,2223,23,5,24,28,35,23,23,demo
773.0,11,8.59,0,0,0,,,,Marc Sánchez 20,Girona,DF,27,BRA,La Liga,2425,3,1,13,11,5,9,6,demo
705.0,10,7.83,1,2,3,,,,Fermín Romero 21,Espanyol,MF,33,MAR,La Liga,2223,10,4,14,18,19,11,3,demo
922.0,13,10.24,2,1,3,,,,Nico Pérez 24,Alavés,FW,28,ESP,La Liga,2223,23,9,1,0,15,12,14,demo
344.0,5,3.82,2,1,3,,,,Álex Ramírez 26,Valencia,FW,19,FRA,La Liga,2425,9,3,0,1,7,7,4,demo
2919.0,38,32.43,8,7,15,,,,Bryan Ortega 29,Valladolid,FW,35,FRA,La Liga,2425,72,26,17,12,28,33,35,demo
3310.0,38,36.78,4,3,7,,,,Yeremy Pérez 30,Espanyol,DF,34,POR,La Liga,2223,23,8,68,57,20,42,43,demo
1771.0,25,19.68,10,4,14,,,,Bryan Ortega 35,Real Sociedad,FW,26,URU,La Liga,2425,43,18,6,10,34,21,12,demo
2225.0,32,24.72,3,8,11,,,,Pedri Ramírez 36,Athletic,MF,20,MAR,La Liga,2223,25,8,22,32,39,24,27,demo
249.0,4,2.77,0,2,2,,,,Oihan Martínez 39,Athletic,MF,33,BRA,La Liga,2223,4,0,3,3,12,5,3,demo
3386.0,38,37.62,11,5,16,,,,Gavi Moreno 41,Getafe,FW,29,ESP,La Liga,2425,94,32,14,19,31,44,36,demo
1259.0,18,13.99,4,2,6,,,,Hugo González 44,Athletic,"FW,MF",29,POR,La Liga,2425,30,11,9,6,14,12,20,demo
2603.0,37,28.92,4,3,7,,,,Pablo García 45,Valladolid,MF,34,ARG,La Liga,2223,45,15,37,33,53,30,41,demo
1326.0,19,14.73,1,0,1,,,,Mikel Ruiz 50,Celta,DF,34,ESP,La Liga,2425,4,1,37,25,8,15,11,demo
2417.0,35,26.86,4,1,5,,,,Marc Torres 51,Rayo,DF,31,NGA,La Liga,2223,11,1,54,57,26,20,23,demo
1992.0,28,22.13,9,2,11,,,,Oihan Jiménez 54,Valladolid,FW,33,ESP,La Liga,2223,42,15,8,14,25,19,22,demo
835.0,12,9.28,3,0,3,,,,Oihan Jiménez 56,Barcelona,FW,30,BRA,La Liga,2425,25,5,7,4,8,6,14,demo
1241.0,18,13.79,1,2,3,,,,Ante Iglesias 59,Real Sociedad,MF,20,BRA,La Liga,2425,16,1,21,22,24,16,20,demo
3007.0,38,33.41,18,4,22,,,,Marc Núñez 60,Valencia,FW,34,BRA,La Liga,2223,66,17,12,14,33,41,31,demo
550.0,8,6.11,1,2,3,,,,Rodri García 65,Mallorca,MF,33,MAR,La Liga,2425,10,1,9,8,15,9,1,demo
2844.0,38,31.6,14,2,16,,,,Bryan García 66,Betis,FW,25,MAR,La Liga,2223,81,40,9,21,43,27,27,demo
1282.0,18,14.24,0,0,0,,,,Ante Torres 69,Rayo,DF,36,ARG,La Liga,2223,5,2,18,31,10,13,13,demo
699.0,10,7.77,2,0,2,,,,Carlos Ramírez 71,Girona,"FW,MF",27,ARG,La Liga,2425,17,6,3,9,9,8,4,demo
507.0,7,5.63,1,0,1,,,,Unai Alonso 74,Rayo,GK,20,NGA,La Liga,2425,2,0,0,0,0,6,5,demo
1810.0,26,20.11,0,4,4,,,,Carlos Torres 75,Leganés,DF,23,URU,La Liga,2223,4,1,35,35,16,21,19,demo
2319.0,33,25.77,1,2,3,,,,Oihan López 80,Getafe,DF,20,POR,La Liga,2425,10,1,42,47,24,21,33,demo
401.0,6,4.46,0,2,2,,,,Takefusa Iglesias 81,Mallorca,DF,23,FRA,La Liga,2223,3,1,8,5,11,3,1,demo
279.0,4,3.1,1,1,2,,,,Ante Romero 84,Sevilla,MF,24,NGA,La Liga,2223,5,1,4,5,4,7,4,demo
2232.0,32,24.8,4,8,12,,,,Javier Sánchez 86,Betis,MF,19,NGA,La Liga,2425,23,10,24,34,55,22,24,demo
3170.0,38,35.22,3,4,7,,,,Oihan Alonso 89,Valencia,DF,35,ESP,La Liga,2425,15,4,62,64,35,49,42,demo
386.0,6,4.29,2,0,2,,,,Pablo Navarro 90,Valladolid,DF,34,ARG,La Liga,2223,0,1,6,5,4,3,5,demo
591.0,8,6.57,1,2,3,,,,Mikel Ramírez 95,Barcelona,MF,29,URU,La Liga,2425,6,1,9,8,11,5,6,demo
679.0,10,7.54,2,1,3,,,,Fermín Díaz 96,Betis,FW,28,FRA,La Liga,2223,18,5,4,5,10,13,8,demo
3313.0,38,36.81,2,6,8,,,,Álex Núñez 2,Sevilla,MF,23,BRA,La Liga,2223,42,13,48,54,67,38,39,demo
584.0,8,6.49,2,1,3,,,,Lamine Díaz 4,Real Sociedad,MF,35,FRA,La Liga,2425,7,2,13,11,16,3,8,demo
3135.0,38,34.83,9,6,15,,,,Ayoze Díaz 7,Real Madrid,FW,34,ESP,La Liga,2425,83,20,13,21,37,36,34,demo
3137.0,38,34.86,8,9,17,,,,Pablo Castro 8,Real Sociedad,"MF,DF",35,BRA,La Liga,2223,55,20,55,56,53,38,28,demo
555.0,8,6.17,0,0,0,,,,Pedri Díaz 13,Leganés,GK,18,POR,La Liga,2425,0,0,1,0,1,8,7,demo
3251.0,38,36.12,0,0,0,,,,Gavi Ortega 14,Sevilla,GK,25,FRA,La Liga,2223,0,0,4,3,0,45,38,demo
1927.0,28,21.41,3,2,5,,,,Hugo González 17,Osasuna,MF,17,MAR,La Liga,2223,24,3,25,24,33,19,17,demo
2716.0,38,30.18,4,9,13,,,,Hugo Pérez 19,Barcelona,MF,34,URU,La Liga,2425,32,11,38,51,49,25,34,demo
2880.0,38,32.0,4,9,13,,,,Ante Torres 22,Alavés,MF,17,MAR,La Liga,2425,43,10,41,44,60,34,28,demo
1506.0,22,16.73,0,4,4,,,,Unai Iglesias 23,Alavés,MF,32,NGA,La Liga,2223,14,5,24,13,44,17,9,demo
1023.0,15,11.37,3,0,3,,,,Marc Iglesias 28,Girona,MF,23,NGA,La Liga,2425,14,2,24,12,31,17,7,demo
249.0,4,2.77,0,1,1,,,,Unai López 29,Osasuna,FW,24,POR,La Liga,2223,11,3,1,2,2,6,2,demo
739.0,11,8.21,1,0,1,,,,Marc González 32,Athletic,MF,30,URU,La Liga,2223,9,1,10,12,21,3,10,demo
474.0,7,5.27,2,2,4,,,,Ante Iglesias 34,Sevilla,MF,20,FRA,La Liga,2425,6,3,4,7,13,10,6,demo
1488.0,21,16.53,3,5,8,,,,Lamine Martínez 37,Getafe,MF,24,NGA,La Liga,2425,20,5,21,16,40,21,21,demo
968.0,14,10.76,5,1,6,,,,Javier Navarro 38,Atlético,MF,23,ESP,La Liga,2223,11,6,7,16,27,11,9,demo
1569.0,22,17.43,7,3,10,,,,Sergio Navarro 43,Betis,"FW,MF",31,ARG,La Liga,2425,43,19,8,10,19,19,21,demo
1247.0,18,13.86,2,4,6,,,,Pablo Torres 44,Betis,MF,17,POR,La Liga,2223,17,7,22,22,28,17,16,demo
869.0,12,9.66,1,3,4,,,,Iván Castro 47,Real Madrid,FW,17,POR,La Liga,2223,24,9,2,5,14,8,9,demo
2744.0,38,30.49,5,8,13,,,,Unai Torres 49,Sevilla,MF,28,ARG,La Liga,2425,37,10,34,39,61,51,28,demo
1982.0,28,22.02,4,2,6,,,,Sergio Martínez 52,Osasuna,MF,36,ESP,La Liga,2425,24,8,23,30,45,19,19,demo
3015.0,38,33.5,11,10,21,,,,Gavi Romero 53,Girona,FW,34,NGA,La Liga,2223,73,21,13,19,34,32,29,demo
1294.0,18,14.38,1,0,1,,,,Ayoze Alonso 58,Espanyol,DF,17,ARG,La Liga,2425,5,1,33,22,15,13,14,demo
2560.0,37,28.44,0,4,4,,,,Bryan Alonso 59,Barcelona,DF,27,FRA,La Liga,2223,16,4,47,44,20,42,36,demo
3029.0,38,33.66,1,1,2,,,,Hugo Ramírez 62,Alavés,DF,32,ESP,La Liga,2223,20,7,70,64,32,35,30,demo
801.0,11,8.9,0,1,1,,,,Álex Pérez 64,Espanyol,MF,18,ARG,La Liga,2425,16,5,7,17,23,5,8,demo
2026.0,29,22.51,1,6,7,,,,Álex Díaz 67,Betis,MF,36,ARG,La Liga,2425,25,7,26,44,43,33,17,demo
2991.0,38,33.23,10,6,16,,,,Unai Vargas 68,Espanyol,FW,19,URU,La Liga,2223,63,19,9,26,51,27,36,demo
2923.0,38,32.48,2,5,7,,,,Bryan Núñez 73,Real Sociedad,MF,28,POR,La Liga,2425,40,11,41,37,46,48,37,demo
236.0,3,2.62,0,0,0,,,,Bryan Díaz 74,Espanyol,DF,31,MAR,La Liga,2223,0,0,3,4,3,0,2,demo
208.0,3,2.31,0,0,0,,,,Ante Sánchez 77,Athletic,MF,31,BRA,La Liga,2223,0,0,1,4,10,4,4,demo
2756.0,38,30.62,2,6,8,,,,Iker Alonso 79,Rayo,MF,23,MAR,La Liga,2425,32,11,46,50,53,33,32,demo
2257.0,32,25.08,8,4,12,,,,Lamine González 82,Celta,FW,36,URU,La Liga,2425,57,10,6,8,28,19,28,demo
2598.0,37,28.87,0,0,0,,,,Gavi Jiménez 83,Mallorca,GK,18,ESP,La Liga,2223,0,0,4,4,1,37,22,demo
835.0,12,9.28,0,0,0,,,,Samu Moreno 88,Celta,DF,20,BRA,La Liga,2425,3,1,9,20,12,10,14,demo
436.0,6,4.84,1,0,1,,,,Samu Ortega 89,Espanyol,MF,20,URU,La Liga,2223,2,1,7,9,10,3,3,demo
1128.0,16,12.53,1,2,3,,,,Rodri Alonso 92,Espanyol,"MF,DF",22,URU,La Liga,2223,9,3,12,27,25,23,17,demo
2056.0,29,22.84,5,4,9,,,,Álex Romero 94,Las Palmas,FW,28,ESP,La Liga,2425,49,11,7,16,22,24,28,demo
3120.0,38,34.67,2,6,8,,,,Gavi Ramírez 0,Getafe,MF,19,NGA,La Liga,2425,35,10,40,46,50,51,43,demo
2715.0,38,30.17,4,6,10,,,,Lamine Martínez 1,Villarreal,MF,32,ESP,La Liga,2223,34,12,42,48,49,32,30,demo
650.0,9,7.22,3,2,5,,,,Carlos Vargas 6,Celta,"FW,MF",28,POR,La Liga,2425,10,4,3,7,7,7,7,demo
2378.0,34,26.42,2,2,4,,,,Javier Vargas 7,Sevilla,DF,18,URU,La Liga,2223,12,3,52,47,24,30,26,demo
217.0,3,2.41,0,0,0,,,,Iván Navarro 10,Valladolid,MF,32,MAR,La Liga,2223,3,2,3,4,6,1,1,demo
1419.0,20,15.77,2,2,4,,,,Pablo Vargas 12,Valencia,FW,36,POR,La Liga,2425,35,18,3,11,20,18,8,demo
2112.0,30,23.47,6,4,10,,,,Pedri Moreno 15,Betis,"MF,DF",30,BRA,La Liga,2425,20,6,32,31,39,20,19,demo
622.0,9,6.91,2,0,2,,,,Bryan Díaz 16,Girona,DF,29,POR,La Liga,2223,1,0,9,5,3,5,8,demo
1535.0,22,17.06,3,4,7,,,,Fermín Torres 21,Valladolid,MF,17,ESP,La Liga,2425,17,5,36,22,26,25,18,demo
987.0,14,10.97,2,3,5,,,,Unai Navarro 22,Real Madrid,MF,20,ESP,La Liga,2223,12,3,18,10,16,12,6,demo
1980.0,28,22.0,8,5,13,,,,Unai Ruiz 25,Barcelona,FW,22,POR,La Liga,2223,58,14,7,12,28,24,24,demo
559.0,8,6.21,1,1,2,,,,Pedri González 27,Sevilla,DF,17,MAR,La Liga,2425,2,1,14,17,5,8,2,demo
1794.0,26,19.93,2,1,3,,,,Fermín Núñez 30,Valencia,MF,34,FRA,La Liga,2425,23,9,30,24,37,19,28,demo
2275.0,32,25.28,6,1,7,,,,Takefusa González 31,Real Madrid,MF,19,URU,La Liga,2223,19,3,36,39,39,24,22,demo
1815.0,26,20.17,6,1,7,,,,Takefusa Moreno 36,Espanyol,FW,21,ARG,La Liga,2425,52,17,10,10,24,19,19,demo
1790.0,26,19.89,1,6,7,,,,Yeremy Alonso 37,Villarreal,MF,22,NGA,La Liga,2223,18,7,25,30,33,29,20,demo
1333.0,19,14.81,2,1,3,,,,Nico García 40,Valladolid,DF,36,BRA,La Liga,2223,2,0,27,22,11,17,20,demo
423.0,6,4.7,2,0,2,,,,Ayoze Ortega 42,Osasuna,FW,20,MAR,La Liga,2425,7,2,4,2,4,3,4,demo
1024.0,15,11.38,2,4,6,,,,Álex Núñez 45,Celta,MF,26,NGA,La Liga,2425,14,6,17,15,20,13,9,demo
1763.0,25,19.59,4,8,12,,,,Samu Ruiz 46,Betis,"MF,DF",19,MAR,La Liga,2223,18,3,23,28,45,27,18,demo
2638.0,38,29.31,2,8,10,,,,Samu López 51,Girona,MF,30,ESP,La Liga,2425,28,9,34,38,45,22,29,demo
2292.0,33,25.47,3,1,4,,,,Pablo Iglesias 52,Real Madrid,DF,35,ARG,La Liga,2223,9,2,45,32,18,31,24,demo
1800.0,26,20.0,1,2,3,,,,Pedri Ramírez 55,Mallorca,DF,17,URU,La Liga,2223,8,2,34,25,26,29,18,demo
3271.0,38,36.34,2,1,3,,,,Unai González 57,Rayo,DF,29,MAR,La Liga,2425,13,2,67,51,30,45,42,demo
3299.0,38,36.66,13,5,18,,,,Hugo Sánchez 60,Sevilla,FW,27,NGA,La Liga,2425,83,29,16,20,54,38,39,demo
2377.0,34,26.41,0,0,0,,,,Mikel Díaz 61,Girona,GK,33,URU,La Liga,2223,0,0,3,2,0,30,24,demo
894.0,13,9.93,2,2,4,,,,Gavi Díaz 66,Las Palmas,FW,31,FRA,La Liga,2425,24,11,5,4,11,12,10,demo
2004.0,29,22.27,0,0,0,,,,Pedri Moreno 67,Leganés,GK,32,ARG,La Liga,2223,0,0,5,0,0,20,16,demo
1770.0,25,19.67,0,7,7,,,,Ante Navarro 70,Athletic,MF,33,URU,La Liga,2223,15,5,28,25,35,28,22,demo
2753.0,38,30.59,12,6,18,,,,Bryan Alonso 72,Real Sociedad,FW,21,ARG,La Liga,2425,71,25,16,9,39,33,31,demo
320.0,5,3.56,1,0,1,,,,Ante Torres 75,Getafe,FW,34,FRA,La Liga,2425,13,7,1,1,3,1,5,demo
850.0,12,9.44,5,3,8,,,,Gavi Romero 76,Alavés,FW,17,POR,La Liga,2223,15,4,7,1,11,15,7,demo
2732.0,38,30.36,0,2,2,,,,Iván Jiménez 81,Villarreal,DF,28,NGA,La Liga,2425,10,3,38,40,23,35,23,demo
660.0,9,7.33,2,1,3,,,,Pedri Torres 82,Athletic,DF,30,ESP,La Liga,2223,5,2,14,7,8,10,6,demo
1690.0,24,18.78,8,5,13,,,,Rodri Navarro 85,Betis,FW,34,BRA,La Liga,2223,53,16,9,7,17,36,19,demo
904.0,13,10.04,4,3,7,,,,Takefusa Pérez 87,Villarreal,MF,29,BRA,La Liga,2425,17,5,15,12,17,11,6,demo
982.0,14,10.91,0,2,2,,,,Pablo Ruiz 90,Villarreal,DF,22,FRA,La Liga,2425,4,0,14,14,11,14,9,demo
1407.0,20,15.63,4,3,7,,,,Álex Castro 91,Villarreal,"DF,MF",21,POR,La Liga,2223,22,5,21,34,21,16,15,demo
481.0,7,5.34,1,2,3,,,,Ayoze Alonso 96,Girona,DF,20,BRA,La Liga,2425,2,0,11,9,3,5,7,demo
2148.0,31,23.87,9,3,12,,,,Ayoze Martínez 0,Barcelona,FW,22,BRA,La Liga,2223,54,14,10,9,31,16,25,demo
1722.0,25,19.13,6,4,10,,,,Nico Moreno 3,Getafe,FW,18,BRA,La Liga,2223,42,13,5,11,19,16,26,demo
2370.0,34,26.33,5,4,9,,,,Lamine Castro 5,Leganés,MF,23,URU,La Liga,2425,38,10,39,31,50,28,24,demo
542.0,8,6.02,4,0,4,,,,Fermín Martínez 8,Real Sociedad,"FW,MF",24,POR,La Liga,2425,11,2,0,5,10,9,7,demo
218.0,3,2.42,0,2,2,,,,Marc Moreno 9,Mallorca,MF,34,ARG,La Liga,2223,3,0,2,7,7,3,6,demo
1979.0,28,21.99,0,7,7,,,,Gavi Alonso 14,Mallorca,"MF,DF",20,ESP,La Liga,2425,23,4,26,36,37,29,19,demo
1981.0,28,22.01,1,0,1,,,,Gavi García 15,Girona,DF,33,POR,La Liga,2223,9,1,29,30,11,29,26,demo
3109.0,38,34.54,15,5,20,,,,Iker Navarro 18,Barcelona,FW,20,ESP,La Liga,2223,92,34,9,18,51,41,36,demo
1638.0,23,18.2,5,4,9,,,,Nico Ramírez 20,Real Madrid,"FW,MF",25,NGA,La Liga,2425,46,13,8,9,36,25,16,demo
1517.0,22,16.86,1,1,2,,,,Iván González 23,Valencia,FW,22,ARG,La Liga,2425,32,16,4,11,29,15,15,demo
659.0,9,7.32,3,0,3,,,,Bryan Romero 24,Villarreal,"FW,MF",17,ARG,La Liga,2223,21,9,3,8,12,10,5,demo
2866.0,38,31.84,1,4,5,,,,Sergio Moreno 29,Athletic,DF,26,BRA,La Liga,2425,16,7,68,46,23,29,32,demo
716.0,10,7.96,0,3,3,,,,Sergio Torres 30,Betis,MF,18,NGA,La Liga,2223,8,2,11,11,16,16,13,demo
1756.0,25,19.51,0,0,0,,,,Gavi Ortega 33,Celta,GK,23,URU,La Liga,2223,0,0,6,0,0,16,22,demo
1996.0,29,22.18,1,1,2,,,,Iker López 35,Valladolid,DF,35,POR,La Liga,2425,8,2,39,38,13,24,25,demo
928.0,13,10.31,2,4,6,,,,Samu Iglesias 38,Betis,FW,23,URU,La Liga,2425,25,9,5,6,13,9,11,demo
1037.0,15,11.52,2,1,3,,,,Pablo Jiménez 39,Osasuna,FW,24,BRA,La Liga,2223,26,8,5,4,17,11,11,demo
1247.0,18,13.86,0,3,3,,,,Iván Torres 44,Rayo,MF,31,ARG,La Liga,2425,18,6,20,22,24,17,13,demo
2279.0,33,25.32,7,3,10,,,,Unai Romero 45,Rayo,"FW,MF",20,FRA,La Liga,2223,48,19,11,15,34,40,26,demo
1512.0,22,16.8,9,4,13,,,,Iker Jiménez 48,Athletic,FW,27,BRA,La Liga,2223,32,12,1,10,21,13,24,demo
1199.0,17,13.32,0,5,5,,,,Gavi Iglesias 50,Sevilla,MF,28,MAR,La Liga,2425,17,3,21,15,25,12,12,demo
1334.0,19,14.82,5,2,7,,,,Javier Ruiz 53,Real Madrid,"FW,MF",21,BRA,La Liga,2425,29,11,7,6,22,19,13,demo
533.0,8,5.92,3,1,4,,,,Javier Sánchez 54,Celta,FW,32,NGA,La Liga,2223,16,8,3,3,7,3,7,demo
1985.0,28,22.06,5,2,7,,,,Oihan Jiménez 59,Girona,DF,20,ARG,La Liga,2425,8,1,35,33,19,30,26,demo
2759.0,38,30.66,0,1,1,,,,Ante Martínez 60,Barcelona,DF,32,NGA,La Liga,2223,12,3,63,59,24,35,23,demo
1226.0,18,13.62,3,3,6,,,,Mikel Torres 63,Athletic,MF,29,ESP,La Liga,2223,18,4,20,24,28,12,20,demo
1575.0,22,17.5,3,1,4,,,,Iker Torres 65,Real Sociedad,DF,21,ESP,La Liga,2425,10,3,32,27,19,12,19,demo
2013.0,29,22.37,4,1,5,,,,Pedri Ramírez 68,Celta,MF,33,URU,La Liga,2425,27,7,32,34,31,22,20,demo
2395.0,34,26.61,2,2,4,,,,Fermín Moreno 69,Leganés,DF,36,BRA,La Liga,2223,9,2,48,43,20,19,18,demo
1550.0,22,17.22,4,1,5,,,,Fermín Jiménez 74,Athletic,MF,35,BRA,La Liga,2425,11,4,21,19,31,16,18,demo
724.0,10,8.04,0,0,0,,,,Pedri Sánchez 75,Sevilla,GK,32,POR,La Liga,2223,0,0,1,0,0,10,6,demo
631.0,9,7.01,0,0,0,,,,Pedri Díaz 78,Mallorca,MF,24,MAR,La Liga,2223,14,5,8,12,16,11,16,demo
1059.0,15,11.77,1,1,2,,,,Pedri Martínez 80,Mallorca,MF,34,BRA,La Liga,2425,8,4,16,26,23,9,14,demo
659.0,9,7.32,2,2,4,,,,Rodri Alonso 83,Real Sociedad,FW,18,NGA,La Liga,2425,15,5,6,7,12,9,7,demo
2392.0,34,26.58,2,5,7,,,,Iván Pérez 84,Atlético,MF,19,FRA,La Liga,2223,26,10,32,43,40,39,32,demo
480.0,7,5.33,0,0,0,,,,Hugo Navarro 89,Osasuna,DF,22,FRA,La Liga,2425,5,1,14,10,5,2,5,demo
1434.0,20,15.93,2,4,6,,,,Ayoze Martínez 90,Rayo,MF,36,FRA,La Liga,2223,16,3,18,31,31,12,22,demo
234.0,3,2.6,0,0,0,,,,Unai Navarro 93,Real Sociedad,FW,27,FRA,La Liga,2223,5,2,3,0,5,2,2,demo
330.0,5,3.67,0,0,0,,,,Oihan Vargas 95,Real Madrid,DF,36,ESP,La Liga,2425,1,1,9,9,4,4,4,demo
2564.0,37,28.49,2,2,4,,,,Carlos Sánchez 1,Real Madrid,DF,28,FRA,La Liga,2425,7,0,49,38,20,33,29,demo
525.0,8,5.83,0,0,0,,,,Ayoze Ramírez 2,Real Sociedad,DF,29,MAR,La Liga,2223,2,1,7,12,6,5,8,demo
2854.0,38,31.71,0,1,1,,,,Carlos Díaz 7,Alavés,DF,22,NGA,La Liga,2425,17,4,52,48,21,34,32,demo
2956.0,38,32.84,0,0,0,,,,Ayoze Romero 8,Leganés,GK,19,FRA,La Liga,2223,0,0,5,3,0,32,33,demo
2281.0,33,25.34,3,10,13,,,,Iker Iglesias 11,Getafe,MF,26,ARG,La Liga,2223,29,11,28,33,40,27,22,demo
3202.0,38,35.58,0,0,0,,,,Hugo Díaz 13,Leganés,GK,19,NGA,La Liga,2425,0,0,0,0,0,43,37,demo
1831.0,26,20.34,7,2,9,,,,Hugo Iglesias 16,Villarreal,FW,29,ARG,La Liga,2425,37,13,16,9,32,30,24,demo
2577.0,37,28.63,2,1,3,,,,Carlos Vargas 17,Valencia,DF,35,NGA,La Liga,2223,19,5,42,51,21,23,42,demo
2677.0,38,29.74,11,3,14,,,,Javier Díaz 22,Real Sociedad,FW,17,POR,La Liga,2425,66,22,8,17,33,28,33,demo
1191.0,17,13.23,1,0,1,,,,Gavi Pérez 23,Getafe,DF,23,POR,La Liga,2223,10,2,19,20,10,18,18,demo
469.0,7,5.21,1,0,1,,,,Pablo López 26,Mallorca,DF,30,NGA,La Liga,2223,3,0,8,8,3,7,1,demo
513.0,7,5.7,0,1,1,,,,Pablo López 28,Mallorca,DF,24,FRA,La Liga,2425,5,0,14,9,7,7,3,demo
848.0,12,9.42,1,3,4,,,,Unai Iglesias 31,Getafe,MF,24,URU,La Liga,2425,9,4,13,22,18,16,9,demo
933.0,13,10.37,1,4,5,,,,Samu Torres 32,Leganés,MF,30,NGA,La Liga,2223,7,3,14,11,16,11,9,demo
1989.0,28,22.1,2,8,10,,,,Carlos Sánchez 37,Osasuna,MF,25,NGA,La Liga,2425,27,10,30,41,48,22,26,demo
1664.0,24,18.49,2,4,6,,,,Álex López 38,Celta,MF,31,POR,La Liga,2223,17,5,30,29,33,21,16,demo
1240.0,18,13.78,5,5,10,,,,Mikel Martínez 41,Sevilla,FW,28,MAR,La Liga,2223,25,10,6,11,15,12,12,demo
3003.0,38,33.37,4,11,15,,,,Samu González 43,Valladolid,MF,22,MAR,La Liga,2425,32,6,42,37,59,30,49,demo
3324.0,38,36.93,16,9,25,,,,Ayoze Torres 46,Real Madrid,FW,31,POR,La Liga,2425,81,31,13,14,55,51,37,demo
507.0,7,5.63,0,2,2,,,,Carlos Núñez 47,Real Sociedad,MF,28,POR,La Liga,2223,8,6,7,12,18,6,3,demo
270.0,4,3.0,0,0,0,,,,Samu Iglesias 52,Mallorca,DF,35,ARG,La Liga,2425,0,1,6,2,5,4,4,demo
718.0,10,7.98,0,3,3,,,,Ayoze Vargas 53,Real Sociedad,DF,20,URU,La Liga,2223,5,4,15,14,6,10,5,demo
1853.0,26,20.59,7,4,11,,,,Nico López 56,Real Sociedad,"FW,MF",22,NGA,La Liga,2223,44,11,12,14,26,13,23,demo
805.0,12,8.94,0,0,0,,,,Yeremy García 58,Rayo,GK,18,NGA,La Liga,2425,0,0,1,1,0,3,6,demo
2762.0,38,30.69,0,1,1,,,,Javier Núñez 61,Rayo,DF,26,FRA,La Liga,2425,11,1,47,39,23,41,29,demo
2198.0,31,24.42,2,2,4,,,,Iker Díaz 62,Betis,DF,20,MAR,La Liga,2223,9,5,52,48,21,20,25,demo
1898.0,27,21.09,5,2,7,,,,Carlos Ramírez 67,Girona,DF,21,MAR,La Liga,2425,10,3,31,35,12,25,19,demo
464.0,7,5.16,0,0,0,,,,Yeremy Ruiz 68,Osasuna,DF,36,BRA,La Liga,2223,2,1,13,12,3,6,5,demo
383.0,5,4.26,1,0,1,,,,Mikel Moreno 71,Rayo,DF,30,FRA,La Liga,2223,2,0,9,7,2,6,4,demo
1541.0,22,17.12,0,1,1,,,,Hugo Núñez 73,Girona,DF,17,NGA,La Liga,2425,8,4,31,29,14,15,13,demo
3394.0,38,37.71,1,1,2,,,,Fermín Pérez 76,Athletic,DF,25,NGA,La Liga,2425,10,4,49,59,41,42,53,demo
399.0,6,4.43,0,0,0,,,,Nico Sánchez 77,Athletic,FW,34,ESP,La Liga,2223,5,0,2,3,7,2,2,demo
2393.0,34,26.59,0,1,1,,,,Gavi González 82,Espanyol,DF,25,FRA,La Liga,2425,9,1,48,40,22,23,22,demo
605.0,9,6.72,0,3,3,,,,Pablo Iglesias 83,Alavés,MF,29,ARG,La Liga,2223,8,2,4,12,10,5,8,demo
1192.0,17,13.24,0,4,4,,,,Takefusa Ramírez 86,Athletic,DF,19,ESP,La Liga,2223,4,0,25,23,10,12,10,demo
1162.0,17,12.91,0,1,1,,,,Bryan Díaz 88,Atlético,DF,21,POR,La Liga,2425,4,0,17,14,10,15,14,demo
242.0,3,2.69,0,1,1,,,,Hugo Torres 91,Leganés,MF,24,URU,La Liga,2425,4,2,5,3,6,0,4,demo
1040.0,15,11.56,2,0,2,,,,Samu Jiménez 92,Real Sociedad,DF,35,ARG,La Liga,2223,5,1,18,21,11,13,9,demo
1822.0,26,20.24,3,6,9,,,,Pedri Jiménez 0,Valencia,MF,17,FRA,La Liga,2425,26,7,19,18,40,25,20,demo
2347.0,34,26.08,4,4,8,,,,Yeremy Romero 1,Atlético,MF,19,BRA,La Liga,2223,26,9,38,37,44,30,41,demo
894.0,13,9.93,0,4,4,,,,Lamine Pérez 4,Las Palmas,MF,20,NGA,La Liga,2223,8,2,7,14,25,15,5,demo
1591.0,23,17.68,2,4,6,,,,Mikel Iglesias 6,Barcelona,MF,25,URU,La Liga,2425,21,10,18,22,30,16,16,demo
819.0,12,9.1,2,2,4,,,,Bryan Sánchez 9,Espanyol,MF,36,NGA,La Liga,2425,16,5,9,15,20,6,4,demo
2076.0,30,23.07,0,3,3,,,,Pedri Alonso 10,Alavés,DF,17,FRA,La Liga,2223,10,1,47,39,14,22,24,demo
691.0,10,7.68,0,0,0,,,,Pedri Moreno 15,Sevilla,MF,29,ESP,La Liga,2425,9,6,16,14,12,5,6,demo
2180.0,31,24.22,3,2,5,,,,Bryan Díaz 16,Valencia,DF,18,FRA,La Liga,2223,10,2,39,41,19,33,25,demo
3060.0,38,34.0,0,0,0,,,,Javier Alonso 19,Las Palmas,DF,33,MAR,La Liga,2223,18,3,61,42,30,44,27,demo
479.0,7,5.32,0,0,0,,,,Hugo Vargas 21,Alavés,GK,22,POR,La Liga,2425,0,0,0,0,0,4,1,demo
240.0,3,2.67,2,0,2,,,,Fermín Díaz 24,Athletic,"FW,MF",19,MAR,La Liga,2425,3,0,0,2,9,3,5,demo
2052.0,29,22.8,3,8,11,,,,Ayoze Moreno 25,Barcelona,MF,17,NGA,La Liga,2223,22,9,28,34,34,26,20,demo
1770.0,25,19.67,1,1,2,,,,Iván Ramírez 30,Mallorca,DF,23,FRA,La Liga,2425,9,2,32,29,12,20,27,demo
2804.0,38,31.16,9,4,13,,,,Takefusa Jiménez 31,Villarreal,FW,23,ARG,La Liga,2223,74,21,13,14,27,42,42,demo
1065.0,15,11.83,2,1,3,,,,Sergio Moreno 34,Osasuna,FW,20,URU,La Liga,2223,28,8,5,6,12,12,7,demo
2981.0,38,33.12,1,1,2,,,,Pablo García 36,Atlético,DF,31,BRA,La Liga,2425,17,3,62,48,28,35,18,demo
3242.0,38,36.02,5,2,7,,,,Pedri Castro 39,Mallorca,DF,36,POR,La Liga,2425,17,5,66,67,22,45,27,demo
1266.0,18,14.07,0,1,1,,,,Oihan González 40,Real Madrid,DF,23,MAR,La Liga,2223,4,3,32,29,12,10,7,demo
1196.0,17,13.29,0,3,3,,,,Nico Martínez 45,Getafe,"MF,DF",24,ARG,La Liga,2425,12,7,16,20,21,11,11,demo
3139.0,38,34.88,3,8,11,,,,Rodri Castro 46,Atlético,MF,32,BRA,La Liga,2223,33,15,47,48,69,45,30,demo
369.0,5,4.1,0,3,3,,,,Hugo Sánchez 49,Valencia,"DF,MF",34,NGA,La Liga,2223,3,1,6,7,8,4,3,demo
1860.0,27,20.67,1,4,5,,,,Takefusa García 51,Real Madrid,MF,17,ARG,La Liga,2425,18,4,24,26,39,20,24,demo
2721.0,38,30.23,5,4,9,,,,Iker Castro 54,Osasuna,MF,22,FRA,La Liga,2425,43,13,44,43,63,31,33,demo
1674.0,24,18.6,2,5,7,,,,Hugo Ramírez 55,Valladolid,MF,24,MAR,La Liga,2223,30,8,17,21,35,18,18,demo
1591.0,23,17.68,1,8,9,,,,Hugo López 60,Leganés,MF,27,POR,La Liga,2425,23,5,28,15,32,15,20,demo
578.0,8,6.42,0,0,0,,,,Samu Romero 61,Atlético,FW,35,MAR,La Liga,2223,15,6,1,2,10,6,3,demo
2210.0,32,24.56,4,6,10,,,,Samu Castro 64,Real Madrid,FW,23,ESP,La Liga,2223,51,13,11,9,40,17,21,demo
420.0,6,4.67,1,0,1,,,,Fermín Torres 66,Athletic,DF,20,MAR,La Liga,2425,1,0,13,6,6,6,2,demo
1378.0,20,15.31,0,2,2,,,,Unai Romero 69,Barcelona,DF,18,FRA,La Liga,2425,9,2,33,29,13,10,19,demo
795.0,11,8.83,0,0,0,,,,Samu Navarro 70,Real Madrid,GK,35,URU,La Liga,2223,0,0,0,0,0,12,8,demo
2819.0,38,31.32,12,4,16,,,,Bryan Díaz 75,Celta,FW,17,BRA,La Liga,2425,55,21,13,18,24,47,34,demo
221.0,3,2.46,0,0,0,,,,Iván Sánchez 76,Barcelona,DF,23,URU,La Liga,2223,2,0,8,2,2,5,3,demo
2280.0,33,25.33,2,7,9,,,,Carlos González 79,Valladolid,MF,34,FRA,La Liga,2223,24,9,25,46,55,25,24,demo
3227.0,38,35.86,0,0,0,,,,Fermín Pérez 81,Valencia,GK,31,ESP,La Liga,2425,0,0,4,5,1,33,33,demo
2384.0,34,26.49,2,5,7,,,,Oihan López 84,Real Madrid,"MF,DF",29,ARG,La Liga,2425,20,6,37,32,55,40,36,demo
1178.0,17,13.09,2,4,6,,,,Samu Moreno 85,Rayo,MF,23,MAR,La Liga,2223,6,5,19,15,19,12,13,demo
1964.0,28,21.82,0,6,6,,,,Hugo Navarro 90,Alavés,DF,31,ESP,La Liga,2425,10,5,44,23,10,19,20,demo
2040.0,29,22.67,5,4,9,,,,Sergio Núñez 91,Rayo,MF,20,ESP,La Liga,2223,22,5,32,30,46,20,22,demo
1380.0,20,15.33,8,1,9,,,,Takefusa Ruiz 94,Valencia,"FW,MF",26,ARG,La Liga,2223,28,7,4,8,14,19,14,demo
2546.0,36,28.29,0,0,0,,,,Nico Núñez 96,Valencia,GK,22,FRA,La Liga,2425,0,0,3,1,0,21,35,demo
1404.0,20,15.6,2,2,4,,,,Álex Alonso 2,Rayo,MF,29,BRA,La Liga,2425,23,6,27,22,33,20,12,demo
796.0,11,8.84,3,1,4,,,,Carlos Alonso 3,Celta,MF,23,ARG,La Liga,2223,8,1,11,7,13,12,8,demo
3131.0,38,34.79,6,11,17,,,,Yeremy Torres 8,Alavés,MF,30,NGA,La Liga,2425,39,10,52,50,62,35,34,demo
415.0,6,4.61,0,3,3,,,,Pedri Ortega 9,Espanyol,MF,31,NGA,La Liga,2223,5,0,6,9,9,4,4,demo
922.0,13,10.24,2,1,3,,,,Iván Romero 12,Real Madrid,MF,26,URU,La Liga,2223,12,2,12,22,22,9,9,demo
2532.0,36,28.13,3,6,9,,,,Takefusa Romero 14,Rayo,MF,33,ARG,La Liga,2425,41,9,53,43,53,36,26,demo
935.0,13,10.39,5,1,6,,,,Samu Pérez 17,Getafe,"FW,MF",34,ESP,La Liga,2425,25,9,2,5,13,4,13,demo
2621.0,37,29.12,5,9,14,,,,Nico Castro 18,Valencia,MF,35,POR,La Liga,2223,27,11,34,48,54,30,28,demo
1373.0,20,15.26,1,5,6,,,,Álex Sánchez 23,Sevilla,MF,17,ESP,La Liga,2425,21,6,15,15,25,19,16,demo
908.0,13,10.09,3,2,5,,,,Pedri López 24,Barcelona,FW,28,BRA,La Liga,2223,20,10,5,5,12,9,11,demo
